기사제목,본문url,기사본문,date
"제너레이트 바이오메디슨, 나스닥 상장 추진...얼라인드제네틱스 전략투자 결실 주목",https://n.news.naver.com/mnews/article/018/0006224189,"[이데일리 신하연 기자] 얼라인드(238120)제네틱스는 미국 생성형 인공지능(AI) 기반 신약개발 기업 ‘제너레이트 바이오메디슨(Generate Biomedicines)’이 이달 말 나스닥 상장을 목표로 기업공개(IPO)를 발표했다고 25일 밝혔다. AI가 설계한 단백질 치료제가 실제 임상 3상에 진입한 세계 최초 사례를 배출한 기업이라는 점에서 이번 상장은 단순한 IPO를 넘어 글로벌 바이오 산업의 구조적 전환을 상징하는 사건으로 평가된다. 시장에서는 이를 “AI 신약 플랫폼 기업이 글로벌 자본시장에서 본격적으로 가치를 인정받는 첫 시험대”로 보고 있다. 제너레이트의 핵심 경쟁력은 ‘제너러티브 바이올로지 플랫폼(Generative Biology Platform)’으로 불리는 생성형 AI 기반 단백질 설계 기술이다. 방대한 단백질 구조 및 생물학 데이터를 학습한 AI가 특정 질환 표적에 최적화된 단백질과 항체를 직접 설계하는 방식으로 기존에 수천 개 후보물질을 반복 실험하며 선별하던 전통적 신약개발 방식을 구조적으로 전환했다. 통상 항체 신약이 임상 3상에 도달하기까지 8~10년이 소요되는 것으로 알려져 있지만 제너레이트가 AI를 활용해 개발한 중증 천식 치료제 ‘GB-0895’는 약 4년 만에 임상 3상 단계에 진입했다. 이는 AI가 연구 보조 도구를 넘어 후기 임상 단계 치료제 개발까지 실질적 성과를 창출할 수 있음을 입증한 상징적 사례다. 이 같은 기술력은 글로벌 자본의 선택으로도 이어졌다. 삼성바이오로직스와 삼성물산 등이 출자한 삼성라이프사이언스펀드를 비롯해 엔비디아, 노바티스, 암젠 등 글로벌 빅테크 및 빅파마가 전략적 투자와 협력에 나섰다. AI 반도체, 글로벌 위탁개발생산(CDMO), 빅파마로 이어지는 밸류체인 연결 구조는 제너레이트 플랫폼의 확장성과 산업적 파급력을 방증하는 대목이다. 한편 얼라인드제네틱스는 2021년 10월 제너레이트의 시리즈B 라운드에 국내 최초 전략적 투자자로 참여했다. 이는 삼성 펀드와 글로벌 빅네임들의 본격적인 참여 이전 단계에서 이뤄진 선제적 투자였다. 글로벌 자본이 본격적으로 가치를 인정하기 전에 AI 기반 신약 플랫폼의 가능성을 먼저 읽고 진입한 사례라는 점에서 전략적 의미가 크다. 단순한 재무적 투자라기보다 AI와 바이오의 융합이라는 구조적 패러다임 전환을 조기에 포착한 장기적 포지셔닝이라는 평가가 나온다. 제너레이트의 나스닥 상장은 AI 신약 플랫폼 기업에 대한 글로벌 밸류에이션 기준을 제시하는 계기가 될 가능성이 높다. 이는 관련 기업군 전반의 재평가로 이어질 수 있으며, 초기 전략 투자자들의 가치 역시 재조명될 수 있다는 분석이 제기된다. 특히 얼라인드는 최근 AI·로보틱스·바이오 데이터를 융합한 ‘AI 로보틱스 헬스케어 기업’으로의 전환을 가속화하고 있어 제너레이트에 대한 선제적 투자는 향후 기술 협력과 공동 연구, 글로벌 네트워크 확장으로 이어질 전략적 연결고리로 작용할 가능성도 있다. 시장 일각에서는 현재 얼라인드제네틱스의 기업가치가 이러한 전략적 자산을 충분히 반영하고 있는지에 대해 의문을 제기한다. 글로벌 AI 신약 플랫폼에 대한 초기 투자 이력과 삼성, 엔비디아, 글로벌 빅파마로 이어지는 네트워크 연결성, 그리고 AI 헬스케어 확장 스토리를 종합하면 단순 바이오 기업을 넘어 글로벌 AI 헬스케어 생태계의 전략적 거점으로 재해석될 여지가 있다는 평가다. 얼라인드제네틱스 관계자는 “AI가 설계한 신약이 임상 3상에 진입하고, 해당 기업이 나스닥에 상장하는 역사적 순간에 초기 전략 투자자로 함께했다는 점은 매우 뜻깊다”며 “앞으로도 글로벌 혁신 기술 기업과의 전략적 협력을 통해 AI 로보틱스 헬스케어 기업으로 도약해 나가겠다”고 밝혔다. AI가 신약을 설계하고 그 기술 기업이 세계 자본시장에 입성하는 시대다. 제너레이트의 상장은 글로벌 바이오 산업의 이정표가 될 전망이다. 그리고 그 출발점에서부터 함께한 국내 전략 투자자 얼라인드제네틱스가 이번 상장을 계기로 어떤 재평가를 받을지 시장의 관심이 모이고 있다.",2026-02-25
수소 드라이브 빛 보나…현대차그룹주 급등 [줍줍리포트],https://n.news.naver.com/mnews/article/011/0004593204,"加 수소 인프라 제안 소식에 현대차·기아 장 초반 강세 기아 장중 신고가 경신 정의선 현대차그룹 회장. 현대차그룹 현대차(005380) · 기아(000270) 주가가 장 초반 강세를 보이고 있다. 최대 60조 원 규모의 캐나다 초계 잠수함 프로젝트(CPSP) 수주를 위해 현대차그룹이 현지에 수소 인프라를 구축하는 카드를 꺼내 든 것이 알려진 영향으로 풀이된다. 25일 한국거래소에 따르면 오전 9시 29분 기준 현대차 주가는 전 거래일 대비 5.15% 상승한 55만 1000원에 거래되고 있다. 기아 역시 11.72% 급등한 19만 4400원을 기록 중이다. 기아는 장중 19만 7000원까지 상승하면서 52주 신고가를 경신했다. 급등 배경에는 한화오션 캐나다 법인의 글렌 코플랜드 사장의 외신 인터뷰가 지목된다. 현대차그룹이 캐나다 측에 수소연료전지 시설이 철도 또는 대형 화물차를 지원할 수 있는 3∼4개의 네트워크 회랑을 구축하는 초기 계획을 제안했다고 밝혔기 때문이다. CPSP 수주전에는 한국의 한화오션·HD현대중공업 컨소시엄과 독일의 티센크루프 마린 시스템즈(TKMS)가 격돌 중이다. 현대차가 국가 기간망 자체를 수소로 전환하는 제안을 내놓으면서 한국 측이 경쟁 우위를 확보할지 주목된다. 수소연료전지 구축은 잠수함 수주전의 핵심 평가 항목인 ‘산업기술 편익’ 점수를 극대화하기 위한 전략으로 풀이된다. 잠수함 수주가 현대차그룹의 미래 먹거리인 수소 사업과 직결되면서 주식시장에서는 현대차그룹에 대한 밸류에이션 재평가 기대감이 반영된 것으로 해석된다. 현대차그룹은 수소 브랜드이자 비즈니스 플랫폼인 ‘HTWO’를 앞세웠다. 수소차 출시, 수소 에너지 인프라 구축 등 수소 밸류체인 확장에 공을 들이고 있다. 정의선 현대차그룹 회장은 지난달 정부·재계 특사단 일원으로 직접 캐나다를 방문해 CPSP 수주를 지원했다. 캐나다는 CPSP 수주전에 참전한 한국과 독일에 캐나다 해안에 잠수함 유지보수를 위한 인프라를 조성해줄 것을 요구 중이다. 액화천연가스(LNG) 시설, 희토류 광산 개발, 소형모듈원전(SMR), 고속철도 등 캐나다 기간산업 전반에 걸친 투자에 관심을 보인 것으로 알려졌다. 증권가에서는 현대차그룹의 새만금 투자 계획도 투자 심리를 자극하는 또 다른 요소로 지목한다. 현대차그룹은 새만금에 향후 5년간 10조 원을 투자할 계획인데 데이터센터, 로봇 생산설비 확대에 초점을 두고 있다. 현대차그룹이 자동차 제조업에서 피지컬 AI와 로보틱스 전문 기업으로 전환되는 과정으로 평가되면서 하반기 2차 재평가 구간에 진입할 것이라는 전망이다.",2026-02-25
신영證 IRP 작지만 강한 수익률 [넘버스][증권사 퇴직연금],https://n.news.naver.com/mnews/article/293/0000079880,"서울 여의도 신영증권 본사 전경. /사진 제공=신영증권 신영증권이 지난해 원금보장·비보장형을 합한 개인형 퇴직연금(IRP) 수익률에서 국내 증권사 1위를 차지한 것으로 나타났다. 성적의 핵심인 원금비보장 상품 자체의 성과는 그리 눈에 띄지 않았지만, 이에 보다 많은 자산을 담은 포트폴리오가 수익률을 끌어올렸다. 증권사 IRP 시장 점유율에서 아직 덩치가 가장 작은 신영증권이 높은 수익률을 발판으로 빠른 성장세를 보이면서 앞으로의 행보에도 이목이 쏠린다. 25일 금융감독원의 공시 자료를 분석한 결과, 지난해 연간 신영증권의 IRP 수익률은 16.38%를 기록했다. 이는 IRP를 구성하는 예금성 원금보장·시장성 원금보장·원금비보장 상품별 수익률에 각각의 적립금 규모를 가중해 산출한 값이다. 신영증권의 이 같은 수익률은 IRP 사업을 하는 14개 증권사들 중 최고치다. 조사 대상 모든 증권사 평균인 12.32%를 4.06%p 웃돌았다. 증권사 개인형 퇴직연금(IRP) 수익률. /그래픽=부광우 기자 IRP를 구성하는 포트폴리오 유형별로 나눠 보면 우선 예금성 원금보장에서의 수익률이 3.46%로 증권사들 중 최고였다. 증권사 전체 평균인 3.01%와 비교하면 0.45%p 높은 수치였다. 다만 원금비보장 수익률은 18.55%로, 증권사 평균인 19.00%를 오히려 0.45%p 밑돌았다. 그럼에도 신영증권이 이를 종합한 수익률에서 두각을 드러낼 수 있었던 건 자산 분배 덕분이었다. 신영증권의 지난해 말 IRP 적립금 가운데 비교적 고(高)수익률을 쫓는 원금비보장 포트폴리오의 비율은 85.7%에 달했다. 모든 증권사 평균이 63.6%인 것에 비하면 20%p 넘게 높은 비중이다. 증권사 개인형 퇴직연금(IRP) 포트폴리오 유형별 수익률. /그래픽=부광우 기자 IRP는 확정급여(DB)형과 확정기여형(DC) 등 퇴직연금들 중에서도 수익률이 더욱 중요하다. 직장인이 노후에 대비하기 위한 자금을 스스로 쌓는 상품이라서다. DB·DC형 외에 추가로 돈을 적립해 운용할 수 있는 특수 퇴직연금이다. DB형은 금융사의 운용 성과와 별개로 근로자가 퇴직할 때 미리 정해진 금액을 지급하는 상품이다. DC형은 근로자가 자신의 적립금을 직접 투자처에 분배해 퇴직연금을 불릴 수 있도록 가입자에게 자율성을 부여하고 있지만, 현재 직장에 다니는 동안으로 가입이 한정된다. 사전지정운용제도(디폴트옵션)가 시행되면서 퇴직연금 수익률에 대한 관심은 한층 커졌다. 디폴트옵션은 IRP와 DC형 가입자가 일정 기간 별도의 운용 지시를 하지 않을 때, 사전에 정해둔 방법대로 적립금이 자동 운용되는 제도다. 퇴직연금 고객들이 자신의 자산을 제대로 관리하지 않아 수익률 부진이 지속되고 있다는 지적에 따른 대안으로, 2023년 7월부터 시행됐다. IRP 내 포트폴리오 중에서도 전체 수익률에 더 많은 영향을 줄 수 있는 부분은 일반적으로 원금비보장형이다. 국내외 주식을 중심으로 채권과 원자재 상장지수펀드 등에도 투자할 수 있는 영역인 만큼, 시장 여건과 운용사의 역량에 따라 수익률 편차가 확대될 수 있어서다. 반면 원금보장으로 분류된 자산은 퇴직연금 수익률 전반의 불확실성을 최소화하는 역할을 한다. 주로 은행 예금 상품에 돈이 들어가는 형태여서 기대 수익률이 높지 않은 대신 리스크가 크지 않다. 증권사 개인형 퇴직연금(IRP) 적립금. /그래픽=부광우 기자 신영증권은 덩치로만 놓고 보면 IRP 시장에서 꼴찌인 증권사다. 수익률 1위가 더욱 눈길을 끄는 이유다. 신영증권의 지난해 말 기준 IRP 적립금은 1373억원에 머물렀다, 유안타증권(1886억원)과 함께 이 금액이 1000억원대 그친 두 곳의 증권사 중 하나였다. 그래도 남다른 수익률은 퇴직연금 영업 확장의 원동력이 됐다. 신영증권이 확보한 IRP 적립금은 1년 전과 비교하면 57.3%나 늘었다. 같은 기간 61.5%를 기록한 한국투자증권에 이어 두 번째로 높은 성장률이다. 증권사 전체 성장률 46.0%를 10%p 이상 웃도는 수치다. 금융투자 업계 관계자는 ""그동안 퇴직연금 포트폴리오가 지나치게 안정 위주로 꾸려지면서, 낮은 수익률 논란이 이어져 왔다""며 ""효율적인 자산 배분을 위한 가입자 유도 등 금융사의 능동적인 대응이 필요하다""고 말했다.",2026-02-25
삼성 20만원·하이닉스 100만원 시대…고점 논쟁 본격화,https://n.news.naver.com/mnews/article/243/0000093586,"AI 슈퍼사이클 기대에 목표주가 30만·160만원 제시 서울 중구 우리은행 본점 딜링룸 현황판에 삼성전자, 하이닉스 종가와 코스피, 코스닥 지수가 표시돼 있다. [사진 연합뉴스] [이코노미스트 우승민 기자] 삼성전자와 SK하이닉스가 나란히 사상 최고가를 갈아치우며 국내 증시의 새 이정표를 세웠다. 인공지능(AI) 확산에 따른 메모리 슈퍼사이클 기대가 주가를 밀어 올리는 가운데, 증권가는 추가 상승 여력에 무게를 싣고 있다. 25일 한국거래소에 따르면 삼성전자는 전날 3.63% 오른 20만원에 마감하며 2018년 50대1 액면분할 이후 최고가를 기록했다. 이달 10일 종가 16만5800원에서 출발해 7거래일 연속 상승, 단숨에 20만원 고지를 밟았다. SK하이닉스도 처음으로 100만원을 넘어 100만5000원에 장을 마쳤다. '황제주' 반열에 오른 것이다. 보름 전 90만원선을 돌파한 이후 숨 고르기를 거쳐 다시 급등했다. 지주사인 SK스퀘어 역시 강세를 보이며 시가총액 순위 상위권에 진입했다. 두 기업의 시가총액은 각각 약 1184조원, 716조원으로 코스피 전체의 34% 이상을 차지한다. 반도체 투톱의 상승세에 힘입어 코스피는 5900선을 회복, 6000선 돌파를 눈앞에 두고 있다. 시장에서는 AI 서버 확산이 메모리 수요를 폭발적으로 끌어올리고 있다는 점에 주목한다. 고대역폭메모리(HBM)뿐 아니라 D램과 낸드(NAND) 전반으로 수요가 확산되면서 업황이 구조적으로 달라졌다는 평가다. 증권가의 눈높이도 빠르게 상향되고 있다. SK증권은 한국 메모리 업종 재평가를 주장하며 삼성전자와 SK하이닉스의 목표주가를 각각 30만원, 160만원으로 제시했다. 글로벌 AI 관련 종목 대비 밸류에이션 매력이 여전하다는 판단이다. 한화투자증권 역시 삼성전자를 반도체 업종 내 '톱픽'으로 꼽으며 목표주가 26만원으로 분석을 시작했다. HBM4 경쟁력 회복과 대규모 생산능력(CAPA)을 기반으로 한 실적 레버리지를 근거로 들었다. 전문가들은 ""이번 상승은 단순한 유동성 랠리가 아니라 AI 인프라 확산이라는 구조적 변화에 기반한다""고 평가한다. 다만 단기 급등에 따른 변동성 확대 가능성은 경계해야 한다는 조언도 나온다. 반도체 투톱이 열어젖힌 '20만전자·100만닉스' 시대가 코스피 6000 돌파의 신호탄이 될지, 아니면 또 다른 고점 논란의 출발점이 될지 시장의 관심이 쏠리고 있다.",2026-02-25
"‘오천피도 꿈 같았는데…’ 파죽지세 코스피, 6000선마저 단숨에 돌파 [투자360]",https://n.news.naver.com/mnews/article/016/0002604672,"5000 넘은 지 약 한 달 만에 6000도 돌파 반도체 호황 속 매일 신기록 쓰는 코스피 정부의 증시 부양 정책도 투심 개선 효과 코스피가 장중 6000을 넘어선 가운데 25일 서울 중구 하나은행 본점 딜링룸에서 직원들이 기뻐하고 있다. [연합] [헤럴드경제=홍태화 기자] 코스피가 사상 처음으로 6000 시대를 열었다. 꿈의 지수라 불리던 ‘오천피(코스피 5000)’를 돌파한 지 단 한 달 만에 일이다. 인공지능(AI) 산업의 대규모 투자로 국내 반도체 기업의 실적이 급속도로 개선된 덕분이다. 정부의 증시 부양 정책에 따른 투자심리 자극도 긍정적인 영향을 미쳤다. 25일 한국거래소에 따르면 코스피 지수는 이날 전장 대비 53.06포인트(0.89%) 상승한 6022.70에 출발했다. 이날 오전 9시 19분 현재 코스피는 전장보다 34.89포인트(0.58%) 상승한 6004.53에 거래되고 있다. 지난 1월 22일 장중 5019.54로 오천피을 넘어선 지 약 한 달 만에 1000포인트가 넘게 올랐다. 이날 상승세는 개인이 이끌고 있다. 개인은 이날 8291억원을 순매수하고 있다. 반면, 외국인과 기관은 각각 5287억원, 3143억원을 순매도하고 있다. 간밤 미국 증시의 훈풍도 이날 상승세에 긍정적으로 작용했다. 24일(현지시간) 뉴욕증권거래소(NYSE)에서 다우존스30산업평균지수는 전장보다 370.44포인트(0.76%) 오른 4만9174.50에 거래를 마감했다. 스탠더드앤드푸어스(S&P) 500지수는 전장보다 52.32포인트(0.77%) 상승한 6890.07, 나스닥종합지수는 236.41포인트(1.04%) 뛴 2만2863.68에 장을 마쳤다. 앤트로픽이 일부 기술 기업들과 파트너십을 발표하면서 인공지능(AI)과의 공존 기대감이 주가를 띄웠다. AI가 파괴적 혁신을 일으키면서 소프트웨어 산업을 잠식하고 나아가 유관 산업까지 충격을 줄 것이라는 우려가 일부 불식된 것이다. 미국 기술주가 회복세를 나타내면서 이날 국내 증시도 반도체주의 약진이 두드러졌다. 삼성전자는 1.00% 오른 20만2000원, SK하이닉스는 0.30% 상승한 100만8000원에 거래 중이다. 이외 주요 종목을 살펴보면 현대차(4.77%), 기아(10.92%), 두산에너빌리티(0.20%)는 오르고 있고, LG에너지솔루션(-0.73%), 삼성바이오로직스(-0.06%), 한화에어로스페이스(-2.18%)는 떨어지고 있다. 정부의 증시 부양 정책도 투자 자금 유입에 한몫했다. 배당소득 분리과세 확대, 자사주 의무 소각 법안, 국내시장 복귀 계좌(RIA) 도입 등이 대표적이다. 세제 개편과 지배구조 개선, 유동성 유입 기대가 맞물리며 지난해부터 시장에 강한 상승 동력을 제공했다. 한지영 키움증권 연구원은 “최근 코스피는 고유의 상방 요인에 힘입어 전 세계 대장주 지위를 유지 중”이라며 “지수 상승을 기대하는 분위기가 조성돼 있다” 강조했다. 다만, 코스닥 지수는 내림세를 나타내고 있다. 코스닥 지수는 전장 대비 9.27포인트(0.80%) 오른 1174.27로 출발했으나 내림세로 돌아섰다. 현재는 전장보다 2.25포인트(0.19%) 내린 1162.75에 거래되고 있다. 투자자별로 살펴보면 개인은 1455억원을 순매수하고 있고, 외국인과 기관은 각각 1112억원 269억원 순매도하고 있다. 주요 종목별로는 에코프로(0.24%), 케어젠(0.59%)은 상승 중이고, 알테오젠(-1.35%), 에코프로비엠(-0.82%), 삼천당제약(-0.82%)은 하락하고 있다. 환율은 이란 핵 협상 기대에 따라 불확실성이 다소 감소하며 일부 하락했다. 이날 서울 외환시장에서 달러 대비 원화 환율을 전날보다 0.9원 내린 1441.6원에 개장했다.",2026-02-25
이러다 ‘40만 전자’도 나오겠네…맥쿼리 “삼성전자 34만·SK하이닉스 170만 원 간다”[줍줍리포트],https://n.news.naver.com/mnews/article/011/0004593199,"맥쿼리 “AI 추론 시대 본격화” 짚으며 목표가 올려 전날 SK증권 ‘30만 전자·160만 닉스’에서 상향 맥쿼리 증권 보고서 맥쿼리증권이 메모리 반도체 업황에 대해 한층 더 공격적인 전망을 25일 내놓았다. 전날 SK증권이 삼성전자(005930) 목표주가를 30만원, SK하이닉스(000660) 를 160만원으로 제시한 데 이어, 맥쿼리는 이를 각각 34만원, 170만원으로 추가 상향 조정했다. 하루 만에 상단이 다시 높아지며 메모리 업황에 대한 기대감이 빠르게 확산되는 모습이다. 맥쿼리는 보고서에서 “과거 중립적이었던 시각에서 메모리 공급 부족 심화에 따른 강한 긍정론으로 선회한다”고 밝혔다. 맥쿼리는 인공지능(AI) ‘추론(Inference) 시대’ 본격화를 핵심 배경으로 꼽았다. 대규모 AI 서비스 확산으로 메모리 반도체가 시스템의 병목 지점으로 부상했고, 이에 따라 D램과 낸드 가격이 올해까지 유례없는 급등세를 이어갈 것이라는 전망이다. 특히 올 1분기 기준 D램과 낸드 계약 가격이 전분기 대비 100% 상승할 것이라고 전망했다. 공급 측면에서는 신규 팹 증설의 긴 리드타임과 고대역폭메모리(HBM) 생산 집중으로 범용 메모리 공급 부족이 심화될 것으로 봤다. 수요 급증과 제한적 공급이 맞물리며 업황의 기울기가 가팔라질 수 있다는 분석이다. 맥쿼리는 삼성전자가 평택 P4·P5 라인을 통해 업사이클의 최대 수혜를 입을 것으로 기대했으며, 연말 약 100조 원 규모의 특별 배당 가능성도 주요 모멘텀으로 언급했다. SK하이닉스는 HBM 시장 주도권을 유지하며 실적 레버리지가 극대화될 것으로 평가했다. 이에 따라 실적 추정치도 대폭 상향됐다. 삼성전자의 올해와 내년 주당순이익(EPS)은 기존 대비 각각 73%, 82% 상향됐고, SK하이닉스 역시 58%, 77% 올려 잡았다. 급격한 이익 성장에 힘입어 두 기업의 주가수익비율(PER)도 낮아진다고 짚었다. 삼성전자의 올해 예상 PER는 5.8배, 내년은 3.7배로 전망했다. SK하이닉스에 대해서도 올해 예상 PER 3.6배, 내년 2.2배로 전망했다. 맥쿼리는 “메모리 반도체 가격의 폭발적 상승이 삼성전자와 SK하이닉스의 이익을 수년 내 수배 이상 성장시킬 것으로 보이며, 현재의 낮은 주가수익비율(PER)은 강력한 상승 여력을 시사하는 지표로 판단한다” 강조했다. 다만 AI 인프라 투자 둔화, 전력 등 업스트림 부품 공급 지연, HBM 경쟁 심화 등은 잠재 리스크로 지목됐다. 그럼에도 맥쿼리는 기존 중립적 시각에서 벗어나 메모리 공급 부족 심화에 따른 강한 긍정론으로 선회했다.",2026-02-25
"6000시대 연 코스피 ""7300까지 간다""…AI 불안 털고 자동차주 '가속'",https://n.news.naver.com/mnews/article/008/0005321879,"[개장시황] 25일 오전 서울 중구 하나은행 본점 딜링룸에서 직원들이 코스피 6000 돌파를 축하하고 있다./사진=뉴스1 코스피가 사상 처음으로 장중 6000을 돌파했다. 장중 5000 달성 21거래일 만이다. 25일 오전 9시16분 코스피는 전 거래일 대비 23.72포인트(0.40%) 오른 5993.96으로 집계됐다. 이날 코스피는 개장과 동시에 6022.70으로 출발, 6039.18까지 오르며 사상 최고가를 새로 썼다. 간밤 뉴욕증시는 AI(인공지능) 공포 완화에 일제히 반등했다. 24일(현지시간) 뉴욕증권거래소에서 다우존스30산업평균지수는 전 거래일 대비 0.76%, S&P500지수는 0.77%, 나스닥종합지수는 1.05% 각각 상승했다. 전날까지 증시를 끌어내렸던 소프트웨어업종 주가가 반등한 효과가 컸다. AI 공포감을 키웠던 앤트로픽이 ""우리는 소프트웨어 회사들과 파트너""라고 밝히며 얼어붙은 투자심리를 진정시켰다. 소프트웨어업종 주가가 반등하자 주요 기술주가 상승세로 방향을 돌려세웠다. 뉴욕증시 7대 기술주는 알파벳·브로드컴을 제외하고 모두 강세로 마감했다. 반도체주도 엔비디아가 0.68%, 인텔이 5.71% 상승하는 등 대부분 랠리, 필라델피아 반도체지수가 1.45% 상승 마감했다. 한지영 키움증권 연구원은 ""AI 불안 완화 등에 따른 미국 증시 반등에 힘입어 장중 6000 돌파를 시도할 전망""이라며 ""코스피 상단을 7300으로 상향했다""고 말했다. 이 시각까지 코스피 시장(한국거래소·넥스트레이드 통합 기준)에서 개인은 8281억원어치를 순매수했다. 외국인과 기관은 각각 5287억원어치, 3143억원어치를 순매도했다. 코스피 업종 중 건설이 2% 이상 오르고 있다. 운송장비·부품, 증권, 보험, 전기·전자, 전기·가스는 1%대 강세다. 기계·장비, 운송창고, 유통은 강보합세를 보이고 부동산, 제약, 화학은 약보합세다. 통신은 1%대 약세다. 코스피 시가총액 상위종목 중 기아가 7%대, 현대차가 4%대 상승세다. 이날 기아는 18만9100원까지 오르며 52주 신고가를 경신했다. 삼성전자·SK스퀘어는 1% 이상 오르고 있다. SK하이닉스·두산에너빌리티는 강보합이다. 삼성바이오로직스·HD현대중공업은 약보합세, 한화에어로스페이스는 1%대 약세다. 같은 시각 코스닥은 전 거래일 대비 4.72포인트(0.41%) 내린 1160.28으로 집계됐다. 개인은 1455억원어치를 순매수하고 외국인과 기관은 각각 1112억원어치, 269억원어치를 순매도했다. 코스닥 업종 중 운송장비·부품, 전기·전자가 1%대 강세다. 기계·장비, 금융, 금속, 화학, 유통, 제조, 종이·목재는 강보합세를 보인다. 반면 오락·문화, IT(정보 통신) 서비스, 음식료·담배, 제약, 운송·창고는 약보합세다. 통신은 1%대, 의료·정밀기기는 2%대 약세다. 코스닥 시총 상위종목 중 케어젠·에코프로·리노공업은 강보합세를 보인다. HLB·에코프로비엠·삼천당제약은 약보합세, 알테오젠은 1%대 약세다. 이날 서울 외환시장에서 원/달러 환율은 전 거래일 종가보다 0.9원 내린 1441.6원에 출발했다.",2026-02-25
"'6천피' 맞아 덩치 불린 ETF...1위 종목은 ""역시""",https://n.news.naver.com/mnews/article/215/0001242936,"'코스피 6,000 시대'를 연 국내 증시가 연일 불장을 이어가면서 상장지수펀드(ETF)도 순자산 370조원대를 넘어 급증하고 있다. 국내 증시에 상장된 ETF 순자산 총액은 약 374조3천611억원인 것으로 25일 금융정보업체 연합인포맥스가 집계했다. ETF 시장은 지난달 6일 처음으로 300조원을 돌파하더니 약 한 달 뒤인 지난 4일 350조원까지 뚫었다. 국장을 추종하는 종목이 ETF 시장의 급격한 성장을 견인했다. 올해 순자산이 가장 많이 증가한 ETF 종목은 국내 최대 규모의 코스닥 관련 ETF(레버리지형 제외)인 'KODEX 코스닥150'였다. 새해 들어 5조6천억가량 넘게 불어났고 이 기간 증가율은 무려 342.1%에 달한다. 같은 기간 코스피200 지수를 추종하는 KODEX 200의 순자산도 5조5천억원 이상이 늘어났다. 올해 개인 투자자들이 가장 많이 사들인 ETF도 코스닥 종목이었다. 개인 순매수 1위는 KODEX 코스닥150으로 3조원을 훌쩍 넘었다. 그다음은 코스닥 지수를 2배로 추종하는 KODEX 코스닥150레버리지(약 1조7천억원)였다. 정부가 코스닥 활성화 정책을 예고해 기대감이 치솟은데다 코스피보다 추가 상승 여력이 크다는 판단에 매수세가 대거 유입됐다. 그 바람에 지난 한 해 개인 순매수 1위를 차지했던 'TIGER 미국S&P500'은 3위(1조3천억원)로 밀렸다. KODEX 200 순매수세도 1조2천억원을 돌파해 4위에 올랐다. 현재 기준 순자산이 제일 많은 종목인 KODEX 200으로 이날 18조원 선을 넘어섰다. 그 다음으로 순자산이 많은 종목은 미국 대표지수인 S&P500에 투자하는 TIGER 미국S&P500로 약 14조6천억원의 순자산을 나타냈다. 작년 말까지 국내 ETF 중 순자산이 가장 많았던 TIGER 미국S&P500가 지난달 28일 KODEX 200에 1위를 내줬다. 두 상품의 순자산 격차는 점차 확대되고 있다. 이 밖에도 KODEX CD금리액티브(합성), KODEX 미국S&P500, TIGER 미국나스닥100 등이 순자산 약 8조원대를 기록해 상위권에 올랐다. (사진=연합뉴스)",2026-02-25
"'6천피' 불장에도 12조원 순매도…외국인, 코스피 던진다",https://n.news.naver.com/mnews/article/243/0000093584,"코스피가 장중 6000을 넘어선 가운데 25일 서울 중구 하나은행 본점 딜링룸에서 직원들이 기뻐하고 있다. 이날 코스피는 전 거래일보다 53.06포인트(0.89%) 오른 6,022.70로 개장해 사상 처음으로 6,000선을 돌파했다. [사진 연합뉴스] [이코노미스트 김기론 기자] 코스피가 6,000선을 돌파하며 사상 최고치 경신을 시도하는 가운데, 외국인의 대규모 순매도에도 개인 자금이 지수를 떠받치는 이례적 흐름이 이어지고 있다. 25일 오전 코스피는 6,017.07로 전일 대비 47.43포인트(0.79%) 오른 수준에서 거래됐다. 장중 6,022.70까지 오르며 1년 내 최고치(6,039.18)에 근접했다. 투자자별로는 개인이 4,858억원 순매수하며 상승을 주도했고, 외국인(-3,656억원)과 기관(-1,269억원)은 동반 순매도했다. 한국거래소에 따르면 이달 들어 외국인은 코스피 시장에서 12조2,720억원어치를 순매도했다. 지난달 3,140억원 순매수에서 매도 우위로 급선회한 것이다. 특히 삼성전자(6조8,970억원)와 SK하이닉스(3조8,870억원) 등 반도체 대형주에 매도가 집중됐다. 현대차와 SK스퀘어 역시 순매도 상위에 올랐다. 이는 1~2월 폭등 랠리를 펼친 초대형주에 대한 차익 실현 성격이 짙다는 분석이다. 실제로 이달 들어 삼성전자는 24.6%, SK하이닉스는 10.6% 상승했다. 이날도 삼성전자는 20만3,000원(+1.50%), SK하이닉스는 101만원(+0.50%)으로 강세를 이어갔다. 외국인 입장에서는 단기간 급등에 따른 수익 확정과 비중 조정(리밸런싱)에 나섰다는 해석이 나온다. 반면 개인 투자자는 이달 들어 17조원에 달하는 순매수로 외국인 물량을 받아내며 지수 상승을 견인하고 있다. 아이셰어스 MSCI한국 ETF(EWY) 등을 통한 패시브 자금 유입도 이어지고 있지만, 반도체 두 종목의 대규모 매도 영향으로 전체 수급은 순유출로 집계됐다. 미국 증시에서 인공지능(AI) 밸류체인에 대한 우려가 제기되며 위험회피 심리가 고개를 들었지만, 증권가의 코스피 전망은 오히려 상향 조정되고 있다. 노무라증권은 상반기 코스피 목표치를 7,500~8,000으로 올렸고, 키움증권도 연간 상단을 7,300으로 상향했다. 반도체 슈퍼사이클, 고대역폭메모리(HBM) 수요 확대, AI 설비 투자, 방산 업종 실적 개선 등이 상승 동력으로 제시된다. 외국인의 차익 실현 매도와 개인의 공격적 매수가 맞서는 가운데, 코스피가 6,000선 안착을 넘어 추가 랠리로 이어질지 주목된다.",2026-02-25
"코스피, '6천피 시대' 개막…장중 5,000 돌파 한달만 쾌거(종합)",https://n.news.naver.com/mnews/article/001/0015922761,"외인·기관 '쌍끌이' 순매도에도 개미 '사자'로 지수 상승 견인 삼성전자·SK하이닉스 동반 강세…코스닥, 상승 출발 후 하락 전환 코스피 6,000 시대 개막 (서울=연합뉴스) 김성민 기자 = 코스피가 장중 6,000을 넘어선 25일 서울 중구 하나은행 본점 딜링룸에서 직원들이 세리머니를 펼치고 있다. 이날 코스피는 전 거래일보다 53.06포인트(0.89%) 오른 6,022.70로 개장해 사상 처음으로 6,000선을 돌파했다. 2026.2.25 ksm7976@yna.co.kr (서울=연합뉴스) 고은지 기자 = 코스피가 25일 사상 처음으로 장중 6,000선을 돌파했다. 미국 기술주 강세가 대외 불안에도 거침없이 질주해온 국내 증시에 촉매제 역할을 했다. 이날 오전 9시 19분 현재 코스피는 전장보다 34.89포인트(0.58%) 상승한 6,004.53에 거래되고 있다. 지수는 전장 대비 53.06포인트(0.89%) 오른 6,022.70으로 시작하며 개장과 동시에 '6천피'(코스피 6,000포인트)를 달성했다. 이로써 지난 1월 22일 장중 5,019.54로 '5천피'을 넘어선 지 불과 한 달여 만에 1,000포인트 넘게 오르며 역사를 새로 썼다. 서울 외환시장에서 달러 대비 원화 환율을 전날보다 0.9원 내린 1,441.6원에 개장했다. 유가증권시장에서 외국인과 기관은 각각 5천287억원, 3천143억원을 순매도하고 있지만, 개인이 8천291억원을 순매수하며 지수를 끌어올리는 중이다. 외국인은 코스피200선물시장에서도 2천956억원 매도 우위다. 간밤 뉴욕증시는 3대 주가지수가 모두 반등했다. 24일(미국 동부시간) 뉴욕증권거래소(NYSE)에서 다우존스30산업평균지수는 전장보다 370.44포인트(0.76%) 오른 49,174.50에 거래를 마감했다. 스탠더드앤드푸어스(S&P) 500지수는 전장보다 52.32포인트(0.77%) 상승한 6,890.07, 나스닥종합지수는 236.41포인트(1.04%) 뛴 22,863.68에 장을 마쳤다. 인공지능(AI) 침공의 '선봉장'으로 여겨지던 앤트로픽이 일부 기술 기업들과 파트너십을 발표하면서 AI에 대체되기보다는 AI와 공존할 수 있을 것이라는 기대감이 주가를 띄웠다. 삼성전자·SK하이닉스 [연합뉴스 자료사진] 국내 증시도 기술주를 중심으로 강세를 나타내며 '6천피 시대'라는 새로운 역사를 열었다. 삼성전자는 1.00% 오른 20만2천원, SK하이닉스는 0.30% 상승한 100만8천원에 거래 중이다. 이외 시가총액 상위종목 가운데 현대차(4.77%), 기아(10.92%), 두산에너빌리티(0.20%)는 오르고 있고, LG에너지솔루션(-0.73%), 삼성바이오로직스(-0.06%), 한화에어로스페이스(-2.18%)는 내리고 있다. 업종별로는 건설(3.40%), 운송장비·부품(2.53%), 전기·전자(0.55%) 등은 상승하고 있고, 화학(-1.00%), 제약(-0.85^), 의료·정밀기기(-0.55%) 등은 떨어지고 있다. 키움증권 한지영 연구원은 ""최근 코스피는 미국발 역풍에도 고유의 상방 요인에 힘입어 전 세계 대장주 지위를 유지 중""이라며 ""6,000을 넘어 그 이상의 지수 레벨업(상승)을 기대하는 분위기가 조성돼 있다""고 말했다. 같은 시각 코스닥 지수는 전장보다 2.25포인트(0.19%) 내린 1,162.75다. 지수는 전장 대비 9.27포인트(0.80%) 오른 1,174.27로 출발했으나 하락세로 돌아섰다. 코스닥 시장에서 개인은 1천455억원을 순매수하고 있는 반면에 외국인과 기관은 각각 1천112억원 269억원 매도 우위다. 에코프로(0.24%), 케어젠(0.59%)은 상승 중이고, 알테오젠(-1.35%), 에코프로비엠(-0.82%), 삼천당제약(-0.82%)은 하락 중이다. 이제 코스피 6000 시대 (서울=연합뉴스) 김성민 기자 = 코스피가 장중 6000을 넘어선 가운데 25일 서울 중구 하나은행 본점 딜링룸에서 직원들이 기뻐하고 있다. 이날 코스피는 전 거래일보다 53.06포인트(0.89%) 오른 6,022.70로 개장해 사상 처음으로 6,000선을 돌파했다. 2026.2.25 ksm7976@yna.co.kr eun@yna.co.kr",2026-02-25
"미래에셋 ‘TIGER 은행고배당플러스TOP10’, 주당 분배금 인상",https://n.news.naver.com/mnews/article/009/0005641569,"미래에셋자산운용은 ‘TIGER 은행고배당플러스TOP10 상장지수펀드(ETF)’의 주당 분배금을 상장 이후 최고 수준으로 지급할 계획이라고 25일 밝혔다. 해당 ETF는 이번달 주당 87원의 분배금을 지급할 예정이다. 지난달 73원이던 분배금은 87원까지 확대됐다. 편입 종목들의 배당소득 분리과세 기대가 부각되면서 상장 이후 수익률 212.33%를 기록하고 있다. 이 같은 분배금 증가와 성과 흐름에 힘입어 해당 ETF로 자금 유입도 이어지고 있다. 전날 기준 순자산은 9973억원을 기록하고 있다. 1년 전과 비교하면 순자산 규모는 3배 이상 성장했다. 은행주를 중심으로 한 금융업종에 대한 관심이 높아지는 배경에는 주주환원 정책 확대에 대한 기대가 자리하고 있다. 3차 상법 개정안 논의가 본격화되면서 은행·증권·보험 등 금융업 전반에서 주주가치 제고를 위한 환원 정책 강화 가능성이 부각되고 있다. 특히 은행 업종은 안정적인 이익 창출 구조를 바탕으로 자사주 매입과 배당 확대 등 다양한 주주환원 수단을 활용할 수 있는 여력이 있다는 평가다. 배당소득 분리과세 제도 도입이 투자 환경에도 긍정적인 영향을 미치고 있다. 배당소득 분리과세는 일정 요건을 충족한 기업의 배당에 대해 종합과세 대신 분리과세를 적용하는 제도로, 고배당 정책을 유지·확대하는 기업일수록 투자자에게 보다 유리한 세제 구조가 적용될 수 있다. 이에 따라 주주환원 성향이 높은 은행주 전반의 투자 매력이 부각되면서 관련 ETF에 대한 관심도 확대되는 모습이다. ‘TIGER 은행고배당플러스TOP10 ETF’는 KB금융, 신한지주, 하나금융지주, 우리금융지주 등 주요 은행주를 중심으로 보험·증권주까지 포함한 10개 종목에 투자하는 상품이다. 주주환원 정책에 적극적인 종목을 선별해 편입하는 전략을 통해 분배금 증가 흐름을 보이고 있다. 해당 ETF를 이날까지 매수한 투자자는 다음달 4일 분배금을 받을 수 있다. 정의현 미래에셋자산운용 ETF운용본부 본부장은 “TIGER 은행고배당플러스TOP10 ETF 편입 종목 10개 중 9개가 배당소득 분리과세 기준을 충족하고 있다”며 “해당 ETF는 국내 주식형 ETF 가운데서도 주주환원에 가장 적극적인 종목을 선별해 투자하는 상품”이라고 말했다.",2026-02-25
셋 둘 하나 개장!…'꿈의 6000피' 시대 활짝 열렸다,https://n.news.naver.com/mnews/article/018/0006224133,"코스피, 사상 첫 6000선 돌파…5000피 달성 한달 만에 새 역사 6022.70에 출발…6039.18까지 치솟아 20만전자·100만닉스 안착…상승 지속 “차익실현 압력에도 美증시 반등 효과” [이데일리 김경은 기자] 코스피 지수가 사상 처음으로 6000선을 돌파하며 전인미답의 고지에 올랐다. 지난달 22일 장중 5000선을 처음 넘어선지 약 한 달 만에 꿈의 ‘6000피’ 시대를 열게 됐다. 코스피 지수가 장 시작과 함께 6000포인트를 돌파한 25일 오전 서울 중구 하나은행 본점 딜링룸에서 직원들이 6000포인트 돌파를 축하하고 있다.(사진=뉴스1) 25일 엠피닥터에 따르면 이날 오전 9시 3분 기준 코스피는 전 거래일 대비 55.41포인트(0.93%) 오른 6025.05에 거래되고 있다. 지수는 이날 전장 대비 53.06포인트(0.89%) 상승한 6022.70에 출발하며 개장 직후 6000선을 넘어섰다. 장중 한때는 전 거래일 대비 1.16% 오른 6039.18까지 치솟았다. 투자자별로 개인이 1조1265억원을 순매수했고 외국인과 기관이 각각 6839억원, 4507억원을 순매수했다. 업종별로는 건설, 운송장비·부품, 증권, 전기·가스, 전기·전자 등이 강세다. 특히 반도체 대장주는 연일 상승 흐름을 이어가고 있다. 이 시각 삼성전자(005930)는 전장 대비 3500원(1.75%) 오른 20만3500원에, SK하이닉스(000660)는 5000원(0.50%) 상승한 101만원에 거래되고 있다. 간밤 미국 뉴욕증시에서 인공지능(AI) 및 반도체 관련주가 강세를 보이면서 훈풍이 유입되는 것으로 해석된다. 24일(미 동부시간) 뉴욕증시에서 필라델피아 반도체지수는 1.45% 상승했다. 메타가 AMD와 총 1000억달러(약 144조원)가 넘는 초대형 계약을 맺은 점이 호재로 작용했다. 한지영 키움증권 연구원은 “이날 국내 증시는 엔비디아 실적 대기심리 속 전일 급등에 따른 차익실현 압력이 상존하겠다”면서도 “AI 산업 불안 완화 등에 따른 미국 증시 반등 효과에 힘입어 장중 6000포인트 돌파를 시도할 전망”이라고 말했다. 이밖에 시가총액 상위 종목 중 현대차(005380)(4.96%), LG에너지솔루션(373220)(0.24%), SK스퀘어(402340)(1.78%) 등이 상승세다. 반면 삼성바이오로직스(207940)(-0.23%), 한화에어로스페이스(012450)(-1.29%), HD현대중공업(329180)(-0.17%) 등은 하락세다. 같은 시각 코스닥 지수는 전 거래일 대비 6.74포인트(0.58%) 오른 1171.74에 거래 중이다. 지수는 전장 대비 9.27포인트(0.80%) 오른 1174.27에 출발했으나 시가를 넘어서지 못하고 있다. 투자자별로 개인이 2703억원을 순매수했고 외국인과 기관이 각각 2360억원, 215억원을 순매도했다. 시총 상위 2개 종목의 흐름은 엇갈렸다. 에코프로(086520)는 전 거래일 대비 700원(0.41%) 오른 17만600원에, 알테오젠(196170)은 5500원(1.35%) 하락한 40만2500원에 거래되고 있다. 이밖에 에코프로비엠(247540)(-0.47%), 삼천당제약(000250)(-0.98%), 레인보우로보틱스(277810)(-0.14%), 에이비엘바이오(298380)(-1.32%), 코오롱티슈진(950160)(-1.35%) 등 상위 종목 대다수가 하락세다. 반면 리노공업(058470)(0.21%), 케어젠(214370)(0.95%) 등은 상승세다.",2026-02-25
코스피 6000 시대 개막…5000 돌파 한 달 만에 새 기록,https://n.news.naver.com/mnews/article/629/0000475388,"개인 3800억원 순매수…지수 견인 반도체·자동차 대형주 강세 지속 25일 한국거래소에 따르면 오전 9시 1분 기준 코스피는 전 거래일 대비 1.07%(63.66포인트) 오른 6033.30에 거래되고 있다. /뉴시스 [더팩트ㅣ박지웅 기자] 코스피가 사상 처음으로 6000선을 돌파하며 국내 증시가 새 이정표를 세웠다. 지난달 27일 종가 기준 5000선(5084.85)을 넘어선 이후 약 한 달 만이다. 지수 1000포인트 상승을 단기간에 달성하면서 상승 탄력이 이어지고 있다는 평가가 나온다. 25일 한국거래소에 따르면 오전 9시 1분 기준 코스피는 전 거래일 대비 1.07%(63.66포인트) 오른 6033.30에 거래되고 있다. 장 초반 매수세가 집중되며 6000선을 단숨에 돌파했다. 수급은 개인이 주도하고 있다. 외국인과 기관이 각각 2935억원, 927억원 순매도 중이지만 개인이 3801억원 순매수하며 지수를 견인하고 있다. 시가총액 상위 종목은 대체로 상승세다. 삼성전자(1.50%), SK하이닉스(1.00%), 삼성전자우(1.77%) 등 반도체 대형주가 강세를 보이고 있으며, 현대차(4.01%), 기아(3.85%) 등 자동차주도 오름폭을 확대하고 있다. SK스퀘어(2.51%), 두산에너빌리티(0.99%)도 상승 중이다. 반면 LG에너지솔루션(-0.36%), 삼성바이오로직스(-0.06%), 한화에어로스페이스(-1.13%) 등 일부 종목은 약세를 나타내고 있다. 코스닥도 동반 상승세다. 같은 시각 코스닥 지수는 전 거래일 대비 0.48%(5.64포인트) 오른 1170.64를 기록하고 있다. 외국인과 기관이 각각 688억원, 159억원 순매도하는 가운데 개인이 878억원 순매수하며 지수를 지탱하고 있다. 에코프로(1.24%), 에코프로비엠(0.47%), 삼천당제약(0.65%), 리노공업(1.03%) 등은 오르고 있으며, 알테오젠(-0.55%), 에이비엘바이오(-0.63%), HLB(-0.38%) 등은 하락 중이다. 전문가들은 최근 지수 급등 흐름이 단순 단기 반등을 넘어 이익 모멘텀에 기반한 상승이라는 점에 주목하고 있다. 한지영 키움증권 연구원은 ""1월 말 5000선을 돌파한 이후 2주가량 숨 고르기 기간을 거친 뒤 다시 급등 랠리를 전개하며 2월 말 현재 5800선을 넘어섰다""고 설명했다. 이어 ""블룸버그가 집계한 코스피의 12개월 목표 지수 컨센서스는 현재 6500선 수준""이라며 ""한국 증시의 이익 모멘텀이 상대적으로 우위에 있는 만큼 단기 지수 부담을 이유로 성급하게 비관론으로 전환하는 전략은 지양할 필요가 있다""고 밝혔다. 시장에서는 반도체 업황 개선 기대와 자동차·2차전지 등 주력 업종 실적 모멘텀, 개인 자금 유입이 복합적으로 작용하며 지수 상단을 끌어올리고 있다는 분석이 나온다. 다만 단기 급등에 따른 차익 실현 매물 가능성과 외국인 수급 변화는 변동성 요인으로 지목된다. 한편 서울 외환시장에서 원·달러 환율은 전 거래일 대비 0.9원 내린 1441.6원에 개장했다. 발로 뛰는 더팩트는 24시간 여러분의 제보를 기다립니다. ▶카카오톡: '더팩트제보' 검색 ▶이메일: jebo@tf.co.kr ▶뉴스 홈페이지: http://talk.tf.co.kr/bbs/report/write",2026-02-25
"오지급에 지분규제 덮쳐 기로에 선 코인거래소[Who, What, Why]",https://n.news.naver.com/mnews/article/021/0002773036,"■ What - 가상자산거래소 회의론 ‘자산 10조원 대기업’ 두나무 2019년 北해킹에 580억 털려 빗썸은 60조원대 코인 오지급 내부 통제체계 부실 논란 커져 대주주 지분 제한 법안도 가속 업계선 디지털 혁신 전망 여전 네이버-업비트 등 합병 시너지 원화 코인 제도화 기대도 확산 가상자산 시장의 급속한 성장에 발맞춰 몸집을 불려 온 국내 가상자산 거래소들이 사면초가(四面楚歌)의 위기에 빠졌다. 지난해 말부터 비트코인 등 주요 가상자산 시세가 급락하면서 ‘디지털 금’ 서사에 대한 회의론이 커졌고, 증시 활황과 맞물리며 투자자들의 관심이 줄어 거래대금 가뭄으로 이어졌다. 2위 거래소인 빗썸에선 무려 60조 원 규모의 비트코인 오지급 사태가 발생하면서 신뢰성까지 타격을 입었다. 디지털자산기본법(2단계 입법)에 포함이 유력한 대주주 지분 제한 규정도 또 다른 걸림돌로 떠올랐다. 하지만 위기의 또 다른 얼굴은 곧 기회이기도 하다. 자산의 디지털화와 스테이블코인 제도화를 둘러싸고 금융 혁신이 가속화하는 현재 가상자산 분야는 여전히 성장 잠재력이 가장 큰 시장이다. ‘크립토 윈터’(가상자산 겨울)가 지나고 나면 직전 고점 이상으로 시세가 뛰어오를 것으로 점치는 투자자들도 적잖다. 금융 혁신의 선두주자로 도약하느냐, 한때의 유행으로 흘러가느냐. 현재 가상자산 거래소들 앞에 놓인 두 개의 갈림길이다. ◇창업 10년 만에 재계 순위권으로 = 5대 원화 가상자산 거래소(업비트·빗썸·코인원·코빗·고팍스) 가운데 국내 1위 가상자산 거래소 업비트를 운영하는 두나무는 2012년 창립한 뒤 불과 10년 만인 2022년 자산총액 10조 원을 넘기며 대기업으로 발돋움했다. 처음에는 증권거래 정보 서비스 ‘증권플러스’로 출발했지만, 2017년 10월 미국 비트렉스와 독점 제휴를 맺고 업비트를 출범시키며 다음 해 빗썸을 추월하고 선두에 올랐다. 급속한 성장에 따른 사건·사고도 뒤따랐다. 2019년엔 북한 해킹 조직이 업비트를 해킹해 시가 580억 원 상당의 가상자산을 탈취하는 사고가 발생했다. 지난해 2월 금융정보분석원(FIU)으로부터 ‘가상자산에 관한 특정 금융거래정보의 보고 및 이용 등에 관한 법률’(특금법) 위반으로 영업 일부정지 3개월 처분을 받았는데, 법원은 집행정지 신청을 인용해 효력 집행에 제동을 걸었다. ◇대형 금융사고로 암초 만나 = 2위 빗썸은 업비트 이전부터 가상자산 시장을 주도해 온 거래소다. 2013년 말 비트코인 거래소 ‘엑스코인’을 시작으로 2015년 7월 현재의 이름으로 바꾸고 2017년엔 전 세계 거래대금 1위를 달성하기도 했다. 다만 지난 6일 벌어진 비트코인 오지급 사태가 일파만파 커지면서 금융권을 뒤흔드는 초대형 이슈로 번졌다. 금융당국이 검사 기간을 이달 말까지로 연장한 상황이라 추가 오지급 사례 지적과 내부통제 부실 문제로 이어질 수 있다는 관측이 나온다. 업비트·빗썸의 양강 구도 속에 다른 거래소들도 제각기 강점을 바탕으로 시장 판도를 뒤흔들 채비를 갖추고 있다. 코인원은 2014년 설립 이후 2016년 고위드(전 데일리금융그룹)에 인수됐고, 2017년 옐로모바일그룹 계열사 편입을 거쳐 국내외 기업들과 협력을 타진하는 등 성장 드라이브에 새롭게 시동을 걸고 있다. 국내 최초 가상자산 거래소로 2013년 문을 연 코빗은 글로벌 게임사 넥슨의 모회사 NXC에 인수돼 계열사가 됐고 현재 미래에셋그룹이 인수를 진행하고 있다. 5위 고팍스는 가상자산 예치 서비스 고파이를 통해 고객 자산을 해외 운용사에 맡겼다가 운용사 파산으로 대규모 미지급금이 발생한 ‘고파이 사태’로 위기를 겪었지만, 지난해 세계 최대 가상자산 거래소 바이낸스가 금융당국으로부터 고팍스 인수를 최종 승인받으면서 반등을 노리고 있다. ◇시장 위축에 규제 리스크까지 = 성장을 거듭하던 거래소들도 지난해 말부터 찾아온 ‘크립토 윈터’의 한파를 피하진 못하고 있다. 코인마켓캡 기준 지난해 10월 최대 4조2000억 달러에 달했던 가상자산 시가총액은 현재 2조2000억 달러 수준으로 축소됐고, 12만6000달러를 넘어섰던 비트코인 시세는 현재 6만5000달러 안팎을 횡보하고 있다. 대규모 레버리지 청산 사태 이후 미국 현물 비트코인 상장지수펀드(ETF)에서 기관 자금이 이탈했다. 빗썸 오지급 사태를 계기로 당국의 규제도 강화되는 분위기다. 국회 정무위원회에서 가상자산 2단계 법안이 입법을 앞두고 있는데, 가상자산 거래소의 대주주 지분을 15∼20%로 제한하는 내용이 시장 전체를 뒤흔들 수 있는 뇌관으로 부상했다. 당국과 여당 등에선 자본시장법상 대체거래소(ATS)의 대주주 지분 한도 15% 규정처럼 가상자산 거래소 대주주 지분율을 제한, 투명성과 공공성을 제고하겠다는 입장이다. 반면 가상자산 거래소 협의체(DAXA)와 한국핀테크산업협회 등 업계는 금융시장 혁신을 가로막는 과잉규제라며 반발하고 있다. 위험을 감수하며 사업을 키워 낸 창업자들의 재산권을 침해하는 위헌적 조치일 뿐 아니라 투자 유치와 혁신 동력을 위축시킬 수 있다는 논리다. 지분 규제가 현실화할 경우 5대 거래소 모두 대주주가 지분을 매각해야 할 수 있다. 더 큰 문제는 진행 중인 인수·합병에 미칠 영향이다. 네이버파이낸셜과 업비트 운영사 두나무의 합병안에 따르면 네이버파이낸셜이 두나무를 포괄적 주식교환 방식으로 인수하게 되는데, 지분율 제한이 법제화될 경우 완전 자회사 편입이 불가능해질 수 있다. 다만 비관만 하기엔 이르다는 관측도 나온다. 실제 합병이 성사돼 네이버페이의 간편결제 생태계와 업비트의 가상자산 유통 능력이 결합하면 원화 기반 스테이블코인 도입 등에 발맞춰 디지털 금융의 선두주자로 나설 것으로 기대된다. 빗썸은 최근 핀테크 기업 아톤과 ‘양자내성암호(PQC) 보안 솔루션 도입을 위한 기술협약’을 체결해 PQC 기반 보안 체계를 도입하는 등 보안 강화에 나섰다. 미래에셋 품에 안기는 코빗, 바이낸스를 등에 업은 고팍스가 가져올 시너지 효과도 주목된다.",2026-02-25
"엔켐, 실리콘 복합 음극재용 전해액 개발 확대",https://n.news.naver.com/mnews/article/014/0005482363,"실리콘 음극 전환 대비한 전해액 평가 본격화 新구조 전지에서 100% 실리콘 음극 전해액 개발 완료 음극재 시장 성장 속 기술 선점 경쟁 가속 미국 조지아주에 위치한 엔켐 조지아공장 전경. 엔켐 제공. [파이낸셜뉴스] 이차전지 핵심소재 전해액 기업 엔켐이 실리콘 복합 음극재(Si-Anode)용 전해액 개발을 확대하며 차세대 배터리 시장 대응에 속도를 내고 있다. 엔켐은 실리콘 함량에 따라 단계별 전해액 라인업을 구축했다고 25일 밝혔다. 실리콘 비중 5% 이하의 1단계부터 5~10%의 2단계, 10~15%의 3단계, 15~30%의 4단계, 30% 이상의 5단계까지 대응 가능한 제품을 개발해 전지 평가에 활용 중이다. 해당 전해액은 북미, 한국, 중국, 일본 등 글로벌 전기차 및 배터리 셀 제조사를 중심으로 상용화 또는 평가 단계에 있으며, 실리콘 복합 음극재 적용 비율 확대를 위한 검증이 이뤄지고 있다. 현재 실리콘 복합 음극재는 기존 그래파이트(흑연) 음극재를 일부 대체하는 방식으로 채택이 검토되고 있다. 전기차 시장이 중·대형 중심으로 확대되고 저가형 전기차에서는 리튬·인산철(LFP) 배터리 비중이 높아지는 환경을 고려할 때 내구성과 수율이 검증된 그래파이트 음극재의 비중은 당분간 유지될 가능성이 크다고 회사 측은 예상했다. 다만 실리콘 음극재는 기존 흑연 대비 에너지 밀도가 높아 전기차 주행거리를 늘리고 충전 속도를 단축할 수 있는 장점을 갖고 있다. 이에 따라 글로벌 주요 배터리 제조사와 완성차 업체를 중심으로 고에너지밀도 전기차 수요가 이어지고 있으며, 피지컬AI 로봇 산업용 전지 시장까지 새롭게 형성되면서 실리콘 복합 음극재 비중 확대를 전제로 한 평가가 활발히 진행되고 있다. 엔켐은 카본 기반 실리콘 복합재(Si-C)와 산화물 기반 실리콘 음극재(Si-Ox)에 모두 적용 가능한 전해질 조성을 확보했다. 이미 다수의 완성차(OEM) 및 전지사에 실리콘 음극재 1단계, 2단계 적용 전해액을 공급 중이다. 또한 팽창 특성을 고려해 셀 구조를 변경한 신구조 전지에서 100% 실리콘 음극에 대응하는 전해액 개발도 완료한 것으로 알려졌다. 이 같은 기술력을 기반으로 엔켐은 지난해 12월 북미 실리콘 배터리 기업과 3년간 1000톤 규모 전해액 공급 계약을 추진하고 있다. 실리콘 100% 음극재 상용화 초기 단계에서 실제 공급 계약으로 이어지고 있다는 점에서 기술 검증을 넘어 사업화 단계에 진입했다는 평가가 나온다. 엔켐 관계자는 “대규모 양산 경쟁 속에서도 세계 점유율 확대와 함께 특정 타깃 전지 시장을 공략하는 맞춤형 전해액 개발 전략을 유지하고 있다”며 “실리콘 복합 음극재가 소량 적용된 전지 상용화에 이어 단계별 비중 확대가 본격 채택되는 시점에 대비해 기술 축적과 고함량 대응 역량을 동시에 강화하고 있다”고 언급했다.",2026-02-25
"증시자금·주식계좌 ‘사상 최대’…‘개미의 시대’, 시장의 판이 바뀐다[K-증시 70년, 육천피 돌파]",https://n.news.naver.com/mnews/article/016/0002604628,"주식거래 활동 계좌 수 1억개 돌파 증시자금 108조원 사상 최대 규모 올 들어 개인 ETF 순매수 약 22조원 [구글Gemini로 제작] [헤럴드경제=김지윤 기자] 한국 증시가 태동 70년 만에 ‘육천피’(코스피 6000)라는 역사적 이정표를 세운 데에는 ‘개미’(개인투자자)의 압도적인 시장 참여가 주효했다. 주식거래 활동계좌 수가 1억개를 돌파하고, 증시 자금이 역대 최대 규모로 팽창하는 등 전 국민적인 투자 열풍이 지수 상승을 견인했다는 평가다. 국민 1명당 주식거래 계좌 2개 25일 금융투자협회에 따르면 지난 23일 기준 국내 주식거래 활동계좌 수는 1억169만9368개로 역대 최고치를 기록했다. 올해 1월 기준 국내 인구수가 약 5111만명임을 감안하면, 국민 1명당 주식거래 계좌를 2개가량 보유하고 있는 셈이다. 주식거래 활동계좌는 예탁자산이 10만원 이상이면서, 최근 6개월간 한 차례 이상 거래가 이뤄진 위탁매매 계좌 및 증권저축 계좌를 말한다. 거래가 없는 계좌는 제외돼 실제 투자자 규모를 가늠할 수 있다. 10년 전인 2015년 말만해도 2000만개 수준에 그쳤던 주식거래 활동계좌 수는 2020년 3000만개를 돌파했고, 2023년 7000만개, 2024년 8000만개, 2025년 9000만개로 늘었다. 특히 지난해 말(9829만1148개)과 비교해 올해 들어서만 약 2달 간 340만8220개가 증가했다. 증시 자금도 사상 최대 규모로 불어났다. 투자자 예탁금은 23일 기준 108조2901억원에 달했다. 투자자 예탁금은 투자자가 증권사 계좌에 넣어 둔 잔금의 총합으로, 증시 진입을 위한 일종의 ‘대기성 자금’이다. 지난해 말만해도 87조8291억원 수준이었는데, 두 달 사이 20조4610억원이 증가했다. 코스피가 6000을 돌파하고, 코스닥이 1100을 돌파하는 등 지수가 연일 고공행진 하면서 증시로 자금이 이동하고 있기 때문으로 풀이된다. 연간 개인 ETF 순매수 ‘쑥’…19조→35조원 투자 분야도 다양해지고 있다. 특히 증시가 가파르게 상승하면서 부담이 큰 개별 종목 대신 분산투자가 가능한 상장지수펀드(ETF)에 개미들의 투자가 집중되고 있다. 올해 들어 지난 24일까지 개인의 ETF 순매수는 21조5995억원에 달했다. 지난해 연간 개인 ETF 순매수액(35조2125억원)의 약 3분의 2 가까이가 불과 두 달 만에 유입된 셈이다. 2024년만 해도 개인의 ETF 순매수는 19조7752억원에 그쳤었다. 증권가에서는 증시 활황 속 ETF의 확장세가 당분간 이어질 것으로 전망하고 있다. 특히 최근 금융당국이 개별 종목의 수익률을 2배로 추종하는 레버리지 ETF 상장을 공식적으로 허용키로 하면서 향후 ETF에 대한 투자는 더욱 확대될 것으로 전망된다. 현행 규정상 ETF는 10개 종목 이상에 투자해야 하고, 종목당 투자 한도도 30%로 묶여 있다. 상품이 출시되면 삼성전자, SK하이닉스 등 대형주를 중심으로 수요가 몰릴 것으로 전망된다. 증권가에서는 단일종목 레버리지 ETF의 경우 높은 변동성을 전제로 고위험·고수익 특성을 지니고 있어 장기투자보다는 단기투자 수요가 집중될 것이고, 그만큼 거래대금과 유동성이 증가할 것으로 예상하고 있다. 이와 함께 반도체, 방산, 인공지능(AI), 원자력, 증권 등 특정 산업에 집중하는 테마형 ETF에 대한 관심도 높아졌다. 한지영 키움증권 연구원은 “연초 이후 코스피에서 외국인이 12조원 넘게 순매도 하는 등 수급 불안이 상존하나 반도체, 자동차에 순매도가 집중된 차익 실현 성격이 짙다”며 “반면 ETF 를 통한 자금 유입은 역대 최대치를 기록하는 등 외국인 패시브 수급 환경은 갈수록 긍정적으로 변하고 있다”고 말했다. 이어 “단기적으로 40%가 넘는 지수 폭등 부담 등이 증시 하방 압력을 만들어 낼 수 있으나, 대외 역풍을 견딜 정도의 이익과 정책 모멘텀이 뒷받침되고 있는 만큼 반도체, 방산, 조선, 금융, 소매 유통 등 기존 주도 업종과 주도 테마를 중심으로 매수 접근하는 것을 기본 대응 전략으로 설정할 필요가 있다”고 했다.",2026-02-25
"코스피, 사상 첫 6000선 돌파 후 숨 고르기…기아·현대차↑",https://n.news.naver.com/mnews/article/029/0003012487,"[사진 디지털타임스] 코스피가 6000선을 돌파한 뒤 숨 고르기에 들어갔다. 전일 급등에 따른 차익실현 매물이 출회되고 있지만, 엔비디아 실적 발표를 앞둔 기대감과 미국 증시 반등 영향에 힘입어 상승 흐름은 이어지는 모습이다. 25일 한국거래소에 따르면 코스피 지수는 전장 대비 0.89% 오른 6022.70에 개장했다. 개장 직후 강세를 보였으나 차익실현 매물이 출회되며 상승폭을 축소, 6000선을 소폭 하회하고 있다. 이날 오전 9시 11분 기준 유가증권시장에서 개인은 1조3951억원을 순매수 중이며 외국인과 기관은 각각 8264억원, 5875억원을 순매도하고 있다. 시가총액 상위 종목 가운데 기아와 현대차가 각각 7.82%, 4.96% 급등하며 지수 상승을 견인하고 있다. 미래에셋증권, 한국전력, SK스퀘어도 오름세다. 반면 한화에어로스페이스, 신한지주, 셀트리온은 약세를 보이고 있다. 업종별로는 건설, 운송장비·부품, 전기가스 업종이 강세이며 화학, 제약, 통신 업종은 약세다. 24일(현지시간) 미국 뉴욕증시에서 다우존스30산업평균지수는 전장 대비 370.44포인트(0.76%) 오른 4만9174.50에 거래를 마쳤다. S&P500과 나스닥 지수도 각각 0.77%, 1.04% 상승했다. AMD와 메타의 대규모 AI 칩 공급 계약 체결, 앤트로픽의 기업용 소프트웨어와 자사 ‘클로드’ 간 연동 기능 공개 등이 관련주 중심 매수세를 자극했다. 시장에서는 26일 새벽 발표 예정인 엔비디아 실적에 주목하고 있다. 엔비디아 주가는 연초 이후 약 3.4% 상승해 S&P500 상승률(0.7%)을 소폭 웃도는 데 그치고 있다. 한지영 키움증권 연구원은 “단순 호실적만으로도 주가 반등이 가능하지만, 매출총이익률 70%대 중반 유지 여부와 2026년 1분기 가이던스 상향 여부가 실질적인 촉매가 될 것”이라며 “엔비디아 실적은 삼성전자와 SK하이닉스 랠리의 정당성을 확인하는 계기가 될 수 있다”고 말했다. 그는 “전일 급등에 따른 차익실현 매물 부담은 존재하지만 AI 관련 불안 완화와 미국 증시 반등을 감안하면 강세 흐름은 이어질 가능성이 높다”고 덧붙였다.",2026-02-25
"“돈은 넘치는데 투자할 곳이 없다”… IPO 시장, 심사 한파에 급랭",https://n.news.naver.com/mnews/article/366/0001144200,"올해 들어 공모청약 기업 4곳뿐 지난해 같은 기간엔 17곳 청약 금감원 심사 강화에 일정 연기 줄이어 그래픽=손민균 이 기사는 2026년 2월 24일 16시 47분 조선비즈 머니무브(MM) 사이트에 표출됐습니다. 기업공개(IPO) 시장이 사실상 공백기에 접어들었다. 금융감독원의 심사 강화 기조에 상장 일정이 줄줄이 지연되면서다. 여기에 한국거래소까지 심사 문턱을 높이면서 신규 상장에 나서는 기업도 줄어들고 있다. 증시 활황에도 올해 상장 기업 수는 지난해의 절반 수준에 그칠 수 있다는 관측까지 나온다. 24일 금융투자업계에 따르면 올해 들어 현재까지 일반 투자자 대상 공모 청약을 진행한 기업은 4곳(덕양에너젠, 케이뱅크, 에스팀, 액스비스)에 불과하다. 지난해 같은 기간 17개 기업(SPAC 제외)이 일반 청약을 진행했던 것과 비교해 76%나 감소했다. 특히 지난달에는 일반 공모 청약 기업이 수소 전문업체 덕양에너젠 한 곳 뿐이었다. 이달 들어서도 청약 기업이 인터넷 전문은행 케이뱅크를, 모델 에이전시 기업 에스팀, 광학장비 전문기업 액스비스 등 3개사에 그쳤다. 업계에서는 금감원의 증권신고서 심사 강화 기조가 IPO 시장을 침체하게 만들었다는 분석이 나온다. 대표적인 사례가 항암 신약 개발 바이오텍 카나프테라퓨틱스다. 회사는 지난달 초 금감원에 증권신고서를 제출하고 월말쯤 공모 청약을 받을 계획이었지만, 금감원의 잇단 정정 요구를 받고 일정을 미뤘다. 금감원은 최근 실적 전망에 대한 근거를 증권신고서에 보다 구체적으로 기재하도록 상장 추진 기업들에 요구하고 있는 것으로 알려졌다. 이른바 ‘공모가 뻥튀기’ 논란을 원천 차단하기 위한 조치다. 금감원은 특히 비공식 수정 권고를 줄이는 대신 공식적인 정정 요구 명령을 확대하는 분위기다. 금감원은 앞서 액스비스에도 증권신고서 정정을 요구한 바 있다. 지난해 말 증권신고서를 제출한 액스비스는 당초 이달 초까지 기관 수요예측과 일반 청약을 모두 마칠 계획이었지만, 증권신고서 정정 절차를 두 차례 거치면서 일정이 지연됐다. 일반 청약은 전날에야 시작됐다. 거래소의 상장 심사 문턱이 높아진 것도 연초 IPO 공백의 배경으로 지목된다. 거래소는 지난해 하반기부터 상장 후 시가총액이 1000억원에 못 미칠 것으로 예상되는 기업의 상장을 사실상 제한해왔다. 오는 7월부터 코스닥시장의 상장폐지 시가총액 기준이 ‘200억원 미만’으로 대폭 강화되는 데 따른 조치다. 금융투자업계의 한 관계자는 “과거에는 시총 1000억원 미만 기업들도 요건만 맞으면 상장이 가능했는데, 최근엔 아예 안 되는 분위기”라면서 “1000억원 미만의 몸값으로 상장한 후 주가가 하락해 곧장 상장폐지 대상에 오르는 상황을 거래소도 우려하고 있다”고 말했다. 서울 여의도 한국거래소. /뉴스1 여기에 ‘중복상장’ 논란까지 겹치며 상장 공백을 심화시키고 있다. 상장사의 자회사 가운데 중복상장 논란이 제기된 기업들의 경우, 상장 심사가 철회되거나 지연되는 사례가 늘고 있기 때문이다. 다산네트웍스 자회사인 디티에스의 경우 지난해 9월 상장예비심사를 청구했지만, 5개월째 결과를 받지 못하고 있다. 올해 상장 기업 수가 급감할 것이라는 전망도 나온다. 심사 문턱이 높아지면서 상장 청구 자체가 줄어들고 있어서다. 실제로 올해 들어 2월까지 거래소에 상장예심을 청구한 기업은 6곳에 그쳤다. 지난해 같은 기간(10곳)과 비교하면 크게 감소한 수치다. 다만 증시 활황 덕에 공모주 투자에 대한 수요는 여전히 많은 것으로 나타났다. 올해 첫 IPO 주자였던 덕양에너젠의 일반 공모 청약 경쟁률은 1354대 1을 넘어섰다. 증거금은 12조원 넘게 몰렸다. 케이뱅크도 일반 청약에서 10조원 가까운 증거금을 확보하며 흥행했다. 증권사에서 IPO를 담당하는 한 임원은 “작년부터 이어진 증시 활황으로 공모주에 대한 투자 수요는 살아 있지만, 투자할 곳이 없는 상황”이라면서 “심사 문턱을 높이는 것은 필요하지만, 중복상장 세부 규정이라도 명확하게 정비해 기업들이 대응할 수 있게 해줘야 한다”고 말했다.",2026-02-25
"현금에 주식까지, 미래에셋증권의 '1석2조' 배당 눈길",https://n.news.naver.com/mnews/article/648/0000044736,"현금배당과 주식배당 병행 주주환원·자본효율성 챙겨 의무소각대상 합병자사주 활용 임직원 성과급도 지급 미래에셋증권이 역대 최대 규모의 주주배당을 한다. 현금배당과 주식배당을 동시에 진행하는데, 현금배당은 약 1744억원으로 보통주 기준 주당 300원을 배당한다. 주식배당은 이보다 많은 약 2909억원을 실시한다. 보통주 기준 주당 약 0.0073주, 우선주 기준 주당 약 0.008주다. 배당은 모두 보통주로 한다. 현금과 주식을 합친 총 배당규모는 4653억원으로 현금으로만 진행한 지난해 배당(1467억원)의 3배 이상 규모다. 배당기준일은 3월 17일이다. 자사주 소각규모도 확정했다. 보통주 1176만9326주, 우선주 등 종류주 17만8482주를 소각한다. 소각예정일은 오는 27일이다. 배당과 자사주소각을 합한 2025사업연도의 총 주주환원 규모는 약 6354억원이다. 당기순이익 약 1조5000억원을 고려할 때 주주환원 성향은 40% 수준이다. 미래에셋증권은 24일 이사회를 열고, 이같은 내용의 현금 및 주식배당과 자사주 소각안, 신임 사외이사 선임 등을 결의했다. 주주환원과 자본효율성 두마리 토끼 노린다 미래에셋증권이 현금배당과 주식배당을 동시에 진행하는 건 이번이 처음이다. 미래에셋증권 관계자는 ""지난해 실적의 약 30%가 미실현이익이라는 점과 자본효율성 제고 차원에서 현금배당과 주식배당을 병행했다""고 설명했다. 보통주 기준 주당 300원의 현금배당은 코로나 유동성으로 증시가 좋았던 2021년과 같은 금액이다. 2022년 200원, 2023년 150원, 2024년엔 250원을 각각 현금배당만했다. 이번에는 주식배당을 병행하면서 주주들의 배당규모는 더 커졌다. 동시에 회사 입장에서도 주주환원을 내세우면서도 이익잉여금이 현금으로 유출되지 않고 자본으로 남아 재무구조를 개선할 수 있는 장점까지 챙겼다. 이번 주식배당으로 총 425만5568주의 유통주식(보통주)이 생긴다는 점에서 주당가치는 희석될 수 있지만, 동시에 자사주 1177만주를 소각한다는 점에서 주가 영향은 크지 않을 것으로 보인다. 주식배당은 보통주로만 지급한다. 보통주와 2우선주에는 주당 0.0073206주, 우선주에 주당 0.0080527주를 배당한다. '합병자사주' 활용해 임직원 성과급 지급 미래에셋증권 이사회는 책임경영 강화 및 주주이익 일치를 도모하기 위한 2025사업연도 임직원 주식보상안도 의결했다. 김미섭 대표이사 부회장을 포함해 139명에게 자사주 보통주식 20만5000주를 지급한다. 이사회 결의일인 24일 종가는 주당 6만8300원이지만 지급시점인 26일 종가 및 단수 등에 따라 수량이 변동될 수 있다. 이번 임직원 보상에는 미래에셋증권이 보유중인 합병자사주를 쓴다. 미래에셋증권은 지난 2016년 대우증권과의 합병 당시 확보한 1억1000만주의 자사주를 보유중인데, 현재 국회 처리를 앞두고 있는 자사주 의무소각법안에 따르면 합병자사주도 법 시행 후 1년 6개월 내 소각해야 한다. 이날 이사회는 신규 사외이사(감사위원)로 안수현 한국외국어대학교 법학전문대학원 원장을 선임하는 안건도 결의했다. 안 원장은 금융감독원 소비자부문 위원, 디지털자산보호재단 비상임이사 등으로 활동 중인 법률금융소비자보호 전문가다. 미래에셋증권의 주주총회는 다음달 24일 열린다.",2026-02-25
"“비트코인 4년 주기 80% 대폭락장 없다”…피델리티, “장기적 우상향 자산”",https://n.news.naver.com/mnews/article/009/0005641543,"피델리티 “장기 포트폴리오 핵심 거시 자산” 과거 80% 폭락 대신 안정적 우상향 기대 “비트코인 4년 주기 폭락설 끝났다” 비트코인 가격과 변동성 추이 비교. 과거 사이클에서는 가격 고점에서 변동성이 극에 달했으나, 이번 사이클에서는 12만달러를 돌파하는 역대급 강세장 속에서도 변동성(붉은색 막대)이 사상 최저치를 기록하는 ‘안정화’ 현상이 나타나고 있다. [자료=피델리티 디지털 자산, 글래스노드] 비트코인이 과거 17년간 반복해 온 ‘4년 주기 붐·버스트’ 사이클을 끝내고 성숙한 거시 경제 자산으로 진화하고 있다는 분석이 나왔다. 글로벌 자산운용사 피델리티(Fidelity)는 비트코인이 역대 최대 규모의 시가총액과 풍부한 유동성, 그리고 기관 투자자들의 폭발적인 수요를 바탕으로 과거의 극단적인 변동성 장세에서 벗어났다고 진단했다. 25일 피델리티 디지털 자산의 보고서에 따르면 최근 비트코인 시장은 과거 강세장과는 확연히 다른 궤적을 그리고 있다. 가장 두드러진 변화는 ‘변동성의 실종’이다. 역사적으로 비트코인은 가격이 사상 최고치를 경신할 때 변동성도 함께 폭발하며 ‘거품이 터지기 직전의 폭등’을 형성했다. 그러나 이번 사이클에서는 2025년 10월 비트코인이 12만 6000달러를 돌파하며 사상 최고치를 경신했음에도 불구하고 변동성은 오히려 사상 최저치로 떨어지는 이례적인 현상이 나타났다. 실제로 올해 1월에만 1년 실현 변동성 지표에서 17번의 새로운 사상 최저치가 관측됐다. 웨인라이트 연구원은 “비트코인은 현재 2021년 고점 대비 2배, 2017년 대비 10배, 2013년 대비 200배 이상 커진 2조 5000억달러 규모의 거대 자산이 됐다”며 “깊어진 유동성 풀이 과거와 같은 극심한 가격 요동을 방어하고 있다”고 설명했다. ETF 및 상장사의 비트코인 보유 비중. 현물 ETF 출시와 기관 수요 폭발로 인해 두 주체가 전체 비트코인 유통량의 12%를 장악하며 시장의 새로운 ‘큰손’으로 자리 잡았다. [자료=피델리티 디지털 자산] 이러한 체질 개선의 핵심 동력은 ‘기관 투자자’와 ‘상장사’들의 매집이다. 보고서에 따르면 1000개 이상의 비트코인을 보유한 글로벌 상장사는 49개에 달하며 이들이 쥐고 있는 물량만 100만개(전체 유통량의 5% 이상)를 넘어섰다. 여기에 2024년 1월 미국에서 출시된 현물 상장지수펀드(ETF)들이 약 2년 만에 130만개(6.4%)를 빨아들이며 운용자산(AUM) 750억달러를 돌파했다. 금 현물 ETF인 GLD가 이 규모에 도달하는 데 7년이 걸린 것과 비교하면 폭발적인 속도다. 현재 상장사와 ETF가 보유한 비트코인은 전체 유통량의 약 12%에 달한다. 과거 사이클별 비트코인 MVRV 지수 비교. 과거 강세장에서는 MVRV 지수가 4~6배까지 치솟으며 거품을 형성했으나, 2025년 사이클(주황색)은 2~3배 수준의 안정적인 밸류에이션을 유지하고 있다. [자료=피델리티 디지털 자산] 온체인 데이터 역시 비트코인의 성숙도를 뒷받침한다. 비트코인의 시장 가치를 실현 가치로 나눈 ‘MVRV 지수’를 보면 과거 사이클에서는 강세장 고점에서 4~6배까지 치솟았으나 이번 사이클에서는 지속적으로 2~3배 수준의 안정적인 밸류에이션을 유지하고 있다. 일일 발행량의 가치를 평가하는 ‘푸엘 멀티플(Puell Multiple)’ 또한 과거의 극단적 상승 없이 ‘1’ 부근에서 차분한 흐름을 이어가고 있다. 특히 피델리티가 자체 개발한 ‘수익 대비 변동성 비율(Profit to Volatility Ratio)’은 2023년 말 이후 0.015 이상을 꾸준히 유지하고 있다. 최근 비트코인 가격이 7만달러 아래로 조정받은 상황에서도 안정 기준선인 0.01을 여유 있게 상회하며 역사상 가장 긴 기간 동안 안정적인 수익성과 낮은 변동성을 증명하고 있다. 비트코인 수익 대비 변동성 비율 사이클. 과거 사이클들이 시간이 지날수록 하향 곡선(변동성 증가)을 그렸던 것과 달리, 현재 사이클(주황색)은 높은 수익성과 낮은 변동성을 바탕으로 높은 수치를 안정적으로 이어가고 있다. [자료=피델리티 디지털 자산] 보고서는 “제도권의 채널을 통해 유입된 새로운 큰손들이 비트코인의 시장 구조를 근본적으로 바꿔놓았다”며 “과거처럼 80%가 폭락하는 가혹한 약세장이 재현될 가능성은 낮아졌으며 완만한 상승과 조정을 거치는 전통적인 매크로 자산의 움직임을 보일 것”이라고 전망했다. 이어 “투자자들은 비트코인을 더 이상 단기 투기용 전술 자산이 아닌 장기적인 관점에서 포트폴리오에 편입해야 하는 성숙한 거시 자산으로 재평가해야 할 시점”이라고 강조했다.",2026-02-25
"""반도체 슈퍼사이클 믿어라""…20만전자·100만닉스 현실로 [종목+]",https://n.news.naver.com/mnews/article/015/0005254728,"""반도체 슈퍼사이클 믿어라""…20만전자·100만닉스 현실로 삼성전자·하이닉스 동반 최고가 경신 메모리 공급난 심화로 이익 개선 기대 올해 합산 '영업익 410조 시대' 전망 'AI 산업 파괴론'의 수혜 관측도 제기 증권가 ""반도체 호황 장기화할 듯"" 사진=연합뉴스 반도체 투톱인 삼성전자와 SK하이닉스 주가가 '20만전자'와 '100만닉스' 고지에 올랐다. 인공지능(AI)발 메모리 반도체 '슈퍼 사이클(장기 호황)'에 제대로 올라타 이익 개선 기대가 커지자 투자 자금이 몰리고 있다. 증권가에서는 메모리 공급난이 심화하면서 이번 호황이 과거보다 길고 강할 것으로 전망한다. 24일 한국거래소에 따르면 삼성전자는 이날 3.63% 오른 20만원으로 최고가를 새로 썼다. 7거래일 연속 상승세다. 지난해 10월27일 주가가 종가 기준 처음으로 10만원을 넘어선 이후 불과 4개월 만에 두 배로 뛰었다. SK하이닉스 역시 5.68% 상승한 100만5000원으로 최고가를 경신했다. 지난달 30일 90만원을 돌파한 이후 한 달 남짓 기간에 '100만닉스'를 달성했다. 이들의 합산 시가총액은 1900조원을 넘어섰다. 기관투자가가 이날 삼성전자를 7457억원어치 순매수해 주가를 끌어 올렸다. SK하이닉스의 경우 외국인과 기관이 각각 3235억원과 6548억원어치를 담았다. 이날 기관의 순매수 상위 1·2위 종목엔 삼성전자와 SK하이닉스가 나란히 이름을 올렸다. 엔비디아가 오는 26일 실적 발표를 앞둔 가운데 메모리 가격 상승에 따른 실적 추정치 상향 조정 기대가 주가에 반영된 것으로 분석된다. 또한 최근 미국 증시를 짓누른 'AI 산업 파괴론'도 이들에겐 오히려 기회가 될 수 있다는 관측이 나오면서 개선된 투자심리가 이어졌다는 설명이다. 이경민 대신증권 연구원은 ""반도체 업종은 AI로 인한 산업 파괴의 수혜주로 지목됐다""며 ""AI 효율성이 극대화될수록 이를 구동하기 위한 인프라에 대한 수요가 더욱 증가할 수밖에 없기 때문""이라고 짚었다. 증권가에서 이들의 이익 추정치를 갈수록 높이는 점도 상승 동력으로 작용하는 모습이다. 삼성전자·SK하이닉스·마이크론 등 메모리 업체 3사가 AI 가속기에 필요한 고대역폭메모리(HBM) 생산능력에 집중하면서 범용 반도체 공급난이 심화해 D램과 낸드 가격이 거침없이 뛰고 있기 때문이다. 실제 PC D램의 연말 계약 가격 기준으로 DDR5와 DDR4는 각각 9.6%와 5.9% 추가 상향돼 2월 대비 28.3%와 18.3% 높게 형성되고 있다. 글로벌 투자은행(IB) 골드만삭스는 올해 메모리 공급난이 심화할 것으로 판단한다. 골드만삭스는 최근 보고서를 통해 D램 총수요 대비 공급 부족 비중을 기존 3.3%에서 4.9%로 조정했다. 낸드 역시 2.5%에서 4.2%로 높였다. 골드만삭스는 ""올해 예상되는 D램 공급 부족은 지난 15년 내 가장 심각한 수준이 될 것""이라고 내다봤다. 이 같은 상황 속 국내 증권가에서는 올해 삼성전자와 SK하이닉스의 연간 합산 영업이익 '410조원대 시대'가 열릴 것이란 전망도 나온다. 미래에셋증권은 삼성전자의 올해 영업이익을 전년보다 419.31% 폭증한 227조원, SK하이닉스는 292.21% 늘어난 185조원으로 추정한다. 이 증권사 김영건 연구원은 ""최근 빅테크(대형 기술기업)의 투자 확대로 현금흐름 부담에 대한 우려가 제기되고 있다""며 ""일부 투자가 축소되더라도 메모리 업황 둔화는 제한적일 것""이라고 판단했다. 이어 ""이연된 정보기술(IT) 세트 수요가 완충 역할을 할 가능성이 높기 때문""이라고 설명했다. 이영원 흥국증권 연구원은 ""HBM을 필두로 D램의 가파른 가격 상승은 한국 반도체 기업의 이익 전망을 빠르게 상향시키는 주된 원인""이라며 ""D램뿐 아니라 낸드로도 확산되는 메모리 반도체의 수급 불균형은 당분간 공급자 위주의 시장이 지속될 것을 예고한다""고 강조했다.",2026-02-24
"“은퇴자금까지 탈탈 털어 넣습니다”…부동산서 국장으로, 개미들 ‘머니무브’",https://n.news.naver.com/mnews/article/009/0005641451,"코스피 상승랠리에…개미 국장으로 외신들, 레버리지 상품 투자에 ‘주목’ “상승장서 소외 느끼고 뒤늦게 투자” 월가선 이미 코스피 목표치 7500P로 코스피가 종가 기준 최고치를 경신한 24일 서울 중구 우리은행 본점 딜링룸 전광판에 코스피 종가가 표시되어 있다. [한주형 기자] 종합주가지수(코스피)가 5000피(5000포인트 돌파)에 이어 6000피 달성을 목전에 두자 외신에서도 관심이 뜨겁다. 일부 매체는 과거 부동산 투자에 매달리던 국내 투자자들이 여유자금을 상장지수펀드(ETF) 등에 공격적으로 투자하고 있다고 평가하기도 했다. 최근 파이낸셜타임스(FT), 블룸버그 통신 등은 코스피의 상승 랠리가 이어지면서 더 많은 개인 투자자들이 국내 증시에 참여하고 있는 상황을 보도했다. FT는 “서울의 거리에서는 ETF 광고가 붙은 버스를 흔히 볼 수 있다”며 “사람들이 은퇴 자금을 ETF 투자 상품에 투자하도록 유도하는 모습”이라고 했다. 특히 FT는 개인 투자자들이 특히 자산 가격 변동을 증폭시키는 레버리지 펀드로 몰려드는 현상에 주목했다. 실제 전체 ETF 상품 중 레버리지 상품이 차지하는 비중은 3.7%에 불과하지만 거래량은 올해 전체 ETF 거래에서 약 20%를 차지했다. 기사 이해를 돕기 위한 AI 이미지. [챗GPT] 이러한 지표를 근거로 “정부의 강력한 (투자)장려에 힘입어 수년간 미국 주식에 투자하던 투자자들이 한국 주식시장에 급히 뛰어들고 있다”며 상승장에서 소외를 느낀 개인 투자자들이 뒤늦게 레버리지 투자에 나섰다고 설명하기도 했다. 그러면서 CLSA 증권 애널리스트의 말을 인용 “시장이 투기적으로(speculative) 변했다”고 덧붙였다. 실제 한국거래소에 따르면 연 초 이후 개인투자자들은 국내 상장 주식을 6조3000억원(43억 달러)어치 순매수한 것으로 집계했다. 이에 따라 월가도 코스피 상승에 장밋빛 전망을 내놓고 있다. JP모건은 추가 정부 개혁, 투자자 참여 강화, 메모리 칩·산업용 전망 개선을 이유로 코스피 목표치를 7500포인트로 상향 조정했다. 골드만삭스도 12개월 목표를 5700포인트로 높였다. 이재명 대통령(당시 더불어민주당 대선 후보)가 대선 기간 서울 서초구 서울고속버스터미널 광장에서 열린 서초구·강남구 유세에 참석해 코스피 상승 퍼포먼스를 선보이는 모습. [김호영 기자] 이재명 정부의 주식시장 활성화 정책이 상승 랠리에 일부 영향을 미쳤다는 분석도 나온다. 부동산에서 주식으로 시선을 돌리고자 기업지배구조 개혁, 국내시장 복귀계좌(RIA) 제도 도입 등 다양한 정책을 펼친 결과 빠르게 공약 목표치인 5000포인트를 돌파했다는 평가다. 블룸버그는 “집권 이후 (이재명 정부가) 모든 주주에게 공정한 경쟁 환경을 제공하고 이사회 책임성을 강화하는 규칙을 포함한 금융 개혁에 나서면서 세계 최대의 주식 랠리를 촉발하는 데 기여했다”고 보도했다. 과거 자산 증식의 수단으로 부동산을 맹신해왔던 이들이 주식 시장으로 눈을 돌리고 있다는 분석이다. 블룸버그는 피터 김 KB증권 글로벌 투자전략가의 말을 인용하면서 “(한국인들의) 금융 자산 내에서의 부동산 쏠림현상이 곧 반전될 것”이라며 “이것이 앞으로 10년간 한국에서 나타날 가장 심오한 흐름 중 하나”라고 짚었다.",2026-02-24
"“코스피, 이젠 고점이겠지?”…‘하락 베팅’ 자금 역대 최대치",https://n.news.naver.com/mnews/article/018/0006223907,"국내 증시 대차거래 잔액, 역대 최대 동시에 공매도 순보유 잔고도 늘어 증권가는 “상승 흐름 유지” 전망해 [이데일리 권혜미 기자] 코스피가 6000선을 눈앞에 두고 있는 가운데, 주가 하락에 베팅하는 자금도 빠르게 늘고 있는 것으로 알려졌다. 24일 금융투자협회, 뉴스1 등에 따르면 지난 20일 기준 국내 증시의 대차거래 잔액은 148조4755억원으로 역대 최대치를 기록했다. 일주일 만에 6조5000억원 가량 증가한 것으로, 지난해 말(110조 9929억 원)과 비교하면 두 달도 안 돼 40조 원 가까이 늘었다. 24일 서울 중구 하나은행 딜링룸에서 직원이 업무를 보고 있다.(사진=연합뉴스) 대차거래 잔액은 외국인·기관 투자자가 공매도나 헤지 목적 등으로 주식을 빌린 뒤 아직 상환하지 않은 물량을 의미한다. 무차입 공매도가 허용되지 않는 국내 시장 특성상 대차거래 잔액은 향후 공매도 가능 물량을 가늠하는 선행 지표로 읽힌다. 대차거래 잔액뿐 아니라 실제로 시장에 나온 공매도 물량도 함께 늘고 있다. 한국거래소에 따르면 공매도 순보유잔고는 가장 최근 집계치인 지난 13일 기준 14조5409억 원으로, 공매도 전면 재개 직후였던 지난해 3월 31일(3조 9156억 원)과 비교해 3배 이상 증가했다. 공매도는 보유하지 않은 주식을 빌려 먼저 판 뒤, 주가가 하락하면 이를 다시 사들여 차익을 내는 투자 방식이다. 공매도 순보유 잔고는 빌린 주식을 매도한 뒤 아직 되갚지 않은 물량을 뜻하는데, 잔고가 늘어났다는 것은 향후 주가 하락에 베팅한 투자자들이 그만큼 많아졌다는 의미로 해석된다. 상장지수펀드(ETF) 시장에서도 비슷한 흐름이 이어지고 있다. 같은 기간 코스피200선물지수 수익률을 역방향으로 2배 추종하는 KODEX 200선물인버스2X에도 1506억원의 자금이 몰렸다. 국내 상장 ETF 중 세 번째로 많은 순매수 규모다. KODEX인버스에도 545억원이 유입됐다. 코스피에 하락 베팅이 이어진 것은 최근 한 달 새 지수가 1000포인트 가까이 급등한 데 따른 영향으로 풀이된다. 코스피는 지난달 22일 5000선 돌파 한 달 만에 6000선을 눈앞에 뒀다. 24일 코스피는 전 거래일(5846.09)보다 123.55포인트(2.11%) 오른 5969.64에 마감했다. 다만 단기 과열 우려에도 불구하고 증권가에서는 추세적인 상승 흐름이 유지될 것이라는 전망이 나오고 있다. 키움증권은 이날 코스피 예상 상단을 6000에서 7300으로 상향 조정했다. 과거 강세장의 평균 상단이었던 선행 주가수익비율(PER) 12배를 적용한 결과다. DB증권도 이날 올해 코스피 예상 밴드(등락범위)를 5235~7044로 제시했다. 삼성전자와 SK하이닉스의 이익 전망치 상승에 따른 12개월 선행 주당순이익(EPS)의 폭발적인 상향 조정을 근거로 들었다. 노무라증권은 전날 올해 상반기 코스피 목표치로 7500~8000을 제시했다. 앞서 JP모건과 씨티그룹도 코스피가 각각 7500, 7000까지 상승할 것이라는 전망을 내놨다.",2026-02-24
"""기대 이하 실적"" 평가에도…코스맥스 목표가 줄상향 이유 [종목+]",https://n.news.naver.com/mnews/article/015/0005254715,"코스맥스 보고서 낸 증권사 9곳 중 4곳 목표가 상향 ""작년 4분기 수익성은 기대 이하"" ""미국·중국 법인 실적 반등 기대"" 사진=한경DB 화장품 제조업자개발생산(ODM) 기업 코스맥스의 작년 4분기 실적에 대해 증권사들이 ""기대에 못 미쳤다""는 평가를 내놨지만 되레 목표주가를 상향 조정한 사례가 줄을 이었다. 올해 미국과 중국에서의 실적이 크게 개선될 것으로 기대되면서다. 24일 한국거래소에 따르면 코스맥스는 전일 대비 6300원(3.32%) 오른 19만6200원에 거래를 마쳤다. 장중엔 상승폭이 6.64%까지 커져 20만2500원에 장중 고가가 형성됐다. 이날 이날 개장 전 작년 4분기 실적에 대한 리뷰(분석) 보고서를 내놓은 증권사 9곳 중 절반 가까이인 4곳이 목표주가를 상향하자 투자심리가 자극된 것으로 보인다. 다만 목표주가 상향 폭은 크지 않았다. NH투자증권은 23만원에서 24만원으로, 현대차증권은 23만원에서 25만원으로, DB증권은 22만원에서 24만원으로, 다올투자증권은 21만원에서 22만원으로 목표주가를 높였다. 코스맥스는 지난해 4분기 연결 기준 매출 6010억원, 영업이익 409억원을 기록했다. 전년 동기 대비 매출과 영업이익이 각각 7.7%, 2.8% 증가했다. 영업이익은 실적 발표 직전 집계된 컨센서스(증권사 추정치 평균)인 392억원을 소폭 웃돌았다. 다만 증권가에선 코스맥스의 작년 4분기 수익성이 기대 이하였다는 평가가 나왔다. 국내법인에서 대손상각비 환입분 61억원이 이익 규모를 키웠기 때문이다. 이를 제외하면 코스맥스는 예상치를 11%가량 밑돈 성적표를 받은 셈이다. 정지윤 NH투자증권 연구원은 코스맥스의 국내법인 실적에 대해 ""하반기 두드러진 계절성과 일부 색조 품목 부진 등으로 밋밋한 매출 흐름을 보였다""며 ""매출채권 회수에 따른 대손상각비 환입분을 제외하면 영업이익률은 8.3%에 그친다""고 분석했다. 해외 법인 중에서는 인도네시아와 태국 법인의 매출 규모가 전년 동기 대비 각각 18%, 12% 쪼그라든 점이 뼈아픈 대목으로 꼽힌다. 허제나 DB금융투자 연구원은 ""인도네시아와 태국 법인은 대내외 시장 환경 악화와 일부 품목의 출고 지연이 겹쳐 전년 동기 대비 매출이 역성장했다""고 설명했다. 다만 증권가에서는 이 같은 수익성 부진 지적에도 코스맥스의 향후 주가 흐름을 긍정적으로 보고 있다. 핵심 해외 거점인 미국과 중국 법인의 실적 반등세가 뚜렷한 데다, 올해 예상 실적을 기준으로 볼 때 밸류에이션(실적 대비 주가 수준)이 매력적이라는 분석에서다. 지난해 4분기 중국법인 매출은 전년 동기 대비 17% 증가했다. 분기 기준 매출이 4년 만에 1800억원대를 회복했다. 미국법인 역시 매출이 전년 동기 대비 24% 급증했고, 영업손실 규모는 20억원 안팎으로 대폭 축소됐다. 권우정 교보증권 연구원은 ""중국 및 미국 법인이 상대적으로 선방한 실적을 기록했다""며 ""한국법인의 수익성 개선은 과제로 남았지만 코스맥스의 전체적인 성장 스토리는 유효하다""고 평가했다.",2026-02-24
"""엔비디아 실적 좋을 것…美증시 장기적 우상향""",https://n.news.naver.com/mnews/article/215/0001242905,"[와우퀵] 투자정보 플랫폼 김남기 미래에셋자산운용 ETF부문 대표는 24일 한국경제TV에 출연해 ""엔비디아의 이번 실적은 잘 나올 가능성이 높다""며 ""이미 시장 기대치가 상당히 높아 결과 자체보다 가이던스와 젠슨 황 CEO의 발언을 시장이 어떻게 해석하느냐가 더 중요하다""고 말했다. 김 대표는 ""최근 미국 증시는 한국과 비교하면 횡보하는 모습이지만, 지난 3년간 많이 오른 데 따른 가격 부담과 피로감이 나타나는 구간일 뿐""이라며 ""그럼에도 미국 증시가 장기적으로 계속 상승할 것이라는 점에는 의심이 없다""고 밝혔다. 그러면서 ""올해는 미국 증시에 장기 투자하는 투자자 입장에선 수량을 차분히 모아갈 좋은 기회가 될 수 있다""며 ""국내 시장을 지키며 묵묵히 투자했던 투자자들이 시간이 지나 큰 수익을 거두는 것처럼, 미국 투자도 단기 등락에 일희일비하지 않고 일관된 전략을 유지하는 게 중요하다""고 조언했다. 김 대표는 ""이제 국내 증시도 체질이 바뀌며 리레이팅이 진행되고 있고, 기업들이 제 값을 받는 시장으로 변하고 있다""며 ""장기적으로 미국 비중을 유지하되 국내 시장의 구조 변화와 밸류에이션 개선도 함께 감안해 한국 주식 비중을 병행하는 전략이 바람직하다""고 덧붙였다. ● 핵심 포인트 - 엔비디아 실적은 호조 가능성이 높지만, 결과 자체보다 가이던스와 CEO 발언에 대한 시장 해석이 주가 방향을 좌우할 수 있음. - 최근 미국 증시는 횡보 흐름이지만, 지난 3년간 상승에 따른 가격 부담과 피로감이 반영된 구간으로 평가됨. - 장기 투자 관점에서는 올해가 미국 주식을 단기 등락에 흔들리지 않고 분할로 모아갈 기회가 될 수 있다는 조언임. - 국내 증시도 구조 변화와 리레이팅이 진행 중인 만큼, 장기적으로 미국 비중을 유지하되 한국 주식 비중도 병행하는 전략이 거론함. ● 방송 원문 <앵커> 빅테크 이야기 해볼게요. 최근에 디커플링 현상이 극명하게 나오면서 우리 시장 안에서 반도체는 잘 가고 오히려 엔비디아를 비롯해서 빅테크 기업들이 살짝 횡보하고 있습니다. 엔비디아가 실적 발표를 앞두고 있는데 어떻게 예상하십니까? 역시나 콘퍼런스 콜에서 나올 젠슨 황의 발언과 가이던스를 면밀하게 봐야겠죠? <김남기 미래에셋자산운용 ETF부문 대표> 실적은 잘 나올 가능성이 높다고 보고요. 문제는 시장의 기대치가 굉장히 높기 때문에 가이던스가 어떻게 나올 거냐 그리고 그 가이던스를 시장이 어떻게 판단할 거냐, 이게 가장 중요하다고 생각하고요. 최근에 미국 증시가 한국 증시에 비하면 아주 횡보하는 모습을 보이고 있는데 지난 3년 동안 계속 올랐기 때문에 가격에 대한 부담감, 상승에 대한 피로감이 있는데 상대적으로 미국 증시 상승에 대한 전망은 미국 증시가 계속 상승할 거라는 점에서는 저는 개인적으로 의심할 여지가 없다. 그리고 어떻게 생각하면 2026년이 미국 증시에 장기 투자하는 투자자에게는 수량을 모아갈 수 있는 굉장히 좋은 기회가 될 수 있다. 작년 그리고 올해 국내 증시에서 크게 이익을 보신 분들은 저희가 2020년부터 S&P500 해서 많은 분들이 미국 장 투자하시고 직접 서학 개미로 나가서 투자하셨는데 그럴 때도 불구하고 국내 시장을 지키면서 뚝심 있게 투자하셨던 분들이 2025년, 2026년에 큰 수익을 거두고 계시잖아요. 마찬가지로 미국 장에 투자하시는 분들도 지금 한국 장의 움직임에 일희일비하지 마시고 본인의 투자를 이어가면 좋겠다. 대신 과거와 다르게 국내 증시가 체질이 바뀌어서 리레이팅되고 제값 받는 시대가 됐으니까 한국 장에 대한 투자도 해야 된다, 이런 말씀을 드리고 싶습니다.",2026-02-24
"“스테이블코인 은행 독점?” 찌라시에 발칵…민주당 “패싱 아냐, 1주일 내 타협안 마련”",https://n.news.naver.com/mnews/article/009/0005641442,"24일 오후 “정책위가 금융위 요구 전면 수용” 찌라시에 업계·TF 내부 파열음 확산 ‘TF 패싱 논란’ 찌라시 확산에 긴급 진화…“타이밍이 생명, 3월 초 통합안 발의” 최대 쟁점 ‘은행 51% 룰’·‘거래소 지분 제한’…안도걸 “타이밍이 핵심, 양보 통한 입법 최우선” 완벽한 제도보단 ‘시장 불확실성 해소’ 방점…추가 2·3단계 입법으로 보완 시사 지난달 28일 열린 더불어민주당 디지털자산TF 회의 모습. [사진=안갑성 기자] 가상자산 시장의 초미의 관심사인 ‘디지털자산기본법’ 제정을 두고 더불어민주당 내에서 파열음이 일고 있다는 논란이 불거진 가운데, 민주당 디지털자산 TF가 진화에 나섰다. 완벽한 제도 구축보다는 ‘입법 속도’를 최우선 과제로 삼고, 금융당국의 규제안과 업계의 요구를 절충한 통합안을 3월 초까지 내놓겠다는 방침이다. 24일 정치권과 가상자산 업계에 따르면, 이날 오후 여의도 증권가와 정치권 안팎에서는 “민주당 정책위가 금융위원회의 핵심 규제안을 전폭 수용하면서 디지털자산 TF가 ‘패싱’ 당했다”는 내용의 정보지(지라시)가 급속도로 확산했다. 당초 TF는 혁신 기업의 시장 진입을 허용하는 등 진흥에 방점을 둔 법안을 준비해 왔으나, 정책위 논의 과정에서 △스테이블코인 발행의 은행 독점(51% 룰) △가상자산 거래소 대주주 지분율 제한 등 금융위의 강력한 규제 논리가 수용됐다는 것이 핵심이다. 이로 인해 TF 실무진 사이에서 “이런 식이면 법을 만들지 않는 게 낫다”는 격앙된 반응이 나왔다는 구체적인 정황까지 돌며 시장의 불안감을 키웠다. 논란이 확산하자 민주당 디지털자산 TF 소속 이정문, 안도걸 의원은 이날 오후 6시경 백브리핑을 열고 사태 진화에 나섰다. 이들은 정책위의 ‘TF 패싱’ 논란에 대해 선을 그으면서도, 금융당국과의 절충안 마련이 불가피하다는 점을 공식화했다. 이정문 의원은 “당에는 다양한 정책 루트가 있고, 정책위는 청와대 정책실과 금융위, 한국은행 등 정부 측 입장을 조율하는 역할을 하다 보니 정부안을 받아들이는 형태가 나타날 수 있다”며 “아직 최종 결정된 것은 없으며, 어떤 안이 최상인지 논의하는 과정”이라고 해명했다. 특히 논란의 중심에 선 ‘스테이블코인 은행 51% 룰’과 ‘거래소 대주주 지분 제한’에 대해 TF는 시장의 우려를 인지하고 있으나, 현실적인 입법을 위해 타협이 필요하다는 입장을 분명히 했다. 안도걸 의원은 “완벽한 제도를 만드는 것도 중요하지만, 지금은 ‘타이밍’이 가장 중요하다”며 “이번 법안으로 모든 것이 완결되는 것이 아니라 향후 2단계, 3단계 추가 입법이 계속될 것인 만큼, 평행선을 달리기보다 각계 입장을 반영해 빨리 첫발을 떼는 것이 중요하다”고 강조했다. ‘혁신’이라는 명분만을 고집하다 기본법 자체가 표류하는 사태를 막겠다는 의지로 풀이된다. 이에 따라 TF는 향후 일주일간 자문위원과 업계의 의견을 취합해 기존 TF 법안을 수정하는 작업에 돌입한다. 안 의원은 “업계와 금융당국이 상호 합의할 수 있는 절충안을 TF 주관으로 작업할 것”이라며 “3월 초에는 당국과 업계의 안이 모두 포함된 통합안이 윤곽을 드러낼 것”이라고 밝혔다. 법안의 최종 발의 주체와 관련해서는 당 정책위 차원이 될지, TF 자체 발의가 될지 아직 당정 간 조율이 남아있는 상태다. 다만, 내용적으로 정부와 업계의 의견이 단일화되어 입법 불확실성을 해소하는 데 초점이 맞춰질 전망이다. 한 가상자산 업계 관계자는 “기본법 제정의 불확실성이 걷히는 것은 긍정적이지만, 산업 진흥을 외치던 당초 기조가 금융위의 보수적인 잣대에 묻혀버린다면 국내 디지털자산 생태계의 경쟁력 저하로 이어질 수 있다”며 우려를 표했다.",2026-02-24
"미래에셋증권, 4600억원 규모 배당 결정",https://n.news.naver.com/mnews/article/009/0005641439,"현금배당 1744억·주식배당 2909억억 미래에셋증권 본사 전경. [미래에셋증권] 미래에셋증권이 24일 4600억원 규모의 배당을 결정했다. 지난해 말 소각한 금액까지 합하면 역대 최대 수준인 6354억원의 주주환원을 진행하는 것이다. 미래에셋증권은 이날 이사회를 열고 현금 및 주식 배당, 자사주 소각, 신임 사외이사 선임 등을 결의했다. 결정된 배당총액은 현금배당 약 1744억원(보통주 기준 300원), 주식배당 약 2909억원(보통주 기준 500원 상당 주식)으로 총 4653억원이다. 이는 이사회 전일 종가 기준으로 지난해 현금 배당금액 1467억원 대비 세 배 이상 규모다. 배당 기준일은 다음달 17일이다. 현금 및 주식 배당은 다음달 24일 정기주주총회 승인 후 1개월 이내 지급할 계획이다. 자사주 소각은 보통주 약 1177만주, 2우선주 약 18만주를 대상으로 진행한다. 지난해 11월 보통주 및 우선주 약 405만주 등을 소각한 금액까지 합산하면 약 1701억원 규모다. 이에 따라 2025 사업연도 총 주주환원 규모는 약 6354억원으로, 당기순이익 약 1조5000억원을 감안했을 때 주주환원 성향은 약 40%다. 이날 이사회에서는 신규 사외이사로 안수현 사외이사(감사위원)를 선임하는 안건도 결의했다. 안수현 사외이사 후보자는 현재 한국외국어대학교 법학전문대학원 원장으로, 금융감독원 소비자부문 위원, 디지털자산보호재단 비상임이사 등으로 활동 중인 법률·금융소비자보호 전문가다. 임직원 책임경영 강화 및 주주 이익 일치를 도모하고자 임직원 주식보상을 위한 자사주 처분안도 결의했다. 보통주 약 20만주를 주요 직책자 등에게 교부할 예정이다. 이외에도 상법 개정에 맞춰 회사 정관을 법령 체계에 맞춰 정비하는 안건도 가결했다. 사외이사 명칭을 독립이사로 변경하고, 전자주주총회 제도를 도입하는 내용 등이 포함됐다. 미래에셋증권 관계자는 “당사는 실적에 맞춰 배당 규모를 역대 최대로 확대하는 한편, 실적의 약 30%가 미실현이익이라는 점과 자본효율성을 제고하는 차원에서 현금배당과 주식배당을 병행했다”며 “보통주 약 1177만주와 우선주 약 18만주의 자사주 소각도 함께 진행해 총 발행주식 수는 감소시킬 것이며, 자기자본은 지속적으로 확충하고 상황에 맞는 주주환원정책으로 글로벌 금융그룹으로 성장할 것”이라고 말했다.",2026-02-24
거침없는 코스피 6천도 30p 남았다…백만닉스·20만전자 동시 달성,https://n.news.naver.com/mnews/article/057/0001936804,"【 앵커멘트 】 코스피는 또 사상 최고치를 경신하며 6천 턱밑까지 올라왔습니다. 뉴욕증시 하락 영향에도 굴하지 않고 강한 흐름을 이어간 건데요. 시총 1, 2위인 삼성전자는 20만, SK하이닉스는 백만 원에 마침내 도달했습니다. 강서영 기자입니다. 【 기자 】 나흘 연속 상승하며 또다시 최고치를 경신한 코스피 종가입니다. 5853으로 출발해 장 초반 5700선까지 밀리기도 했지만 매수가 이어져 2.1% 오른 5969에 거래를 마쳤습니다. 개미들이 2조 원 넘는 차익 실현 매도 물량을 쏟아낸 반면, 기관투자자는 2조 3천억 넘게 사들여 지수를 끌어올렸습니다. 간밤 뉴욕증시는 트럼프 행정부의 관세 정책 불확실성과 AI 산업 불안 심리로 하락했지만, 코스피는 반도체 강세로 강한 흐름을 이어갔습니다. - ""▶ 인터뷰(☎) : 정해창 / 대신증권 연구원 - ""오히려 그 AI의 인프라를 구성하는 반도체를 제조하는 한국이나 대만과 같은 국가들은 수혜를 볼 수 있다. 그런 부분들이 오늘 증시에서 반영이…."" 이에 따라 국내 반도체 대장주들의 가격은 역대급 신고가를 경신했습니다. ▶ 스탠딩 : 강서영 / 기자 - "" 보시는 것처럼 삼성전자 종가는 20만 원, SK하이닉스 1백만 원을 뛰어넘었습니다. 연말 연초와 비교하면 불과 두세 달여 만에 주가가 두 배 가까이 뛰어오른 셈입니다."" 반도체 업종의 실적 개선 기대를 바탕으로 증권가에선 삼성전자는 25만, SK하이닉스는 150만 원에 이를 것이란 전망을 잇따라 내놓고 있습니다. 다만, 단기간 역대급으로 급등한 만큼, 조정 가능성도 염두에 두고 투자에 유의해야 한다는 지적도 나옵니다. MBN뉴스 강서영입니다. 영상취재 : 강두민 기자 영상편집 : 김미현 그래픽 : 정민정",2026-02-24
'블루아울 쇼크'에…국내 대체투자 비상,https://n.news.naver.com/mnews/article/018/0006223901,"[경고등 켜진 글로벌 사모대출] ① 2.3조달러 사모대출 시장 거품 붕괴 우려 연기금·공제회, 중위험 믿고 사모대출 집중 “신중한 모니터링 필요” 자본시장 ‘긴장’ 이 기사는 2026년02월23일 19시09분에 마켓인 프리미엄 콘텐츠 로 선공개 되었습니다. [이데일리 마켓in 허지은 기자] 글로벌 사모대출(Private Credit) 시장의 거물 블루아울캐피탈(Blue Owl Capital)이 흔들리면서 국내 금융권에 리먼 브라더스 사태의 트라우마가 되살아나고 있다. 고금리 속에서도 안전 자산으로 각광받으며 5년 만에 2배 이상 몸집을 불린 사모대출 시장에 유동성 경고등이 켜지면서다. 사모대출에 공격적으로 자금을 투입해 온 국내 연기금과 공제회 등 주요 기관투자자(LP)들의 리스크 관리에도 우려의 목소리가 커지고 있다. 23일 투자은행(IB) 업계에 따르면 지난 20일(이하 현지시간) 뉴욕증시에서 블루아울(OWL) 주가는 4.80%(0.54달러) 내린 10.81달러에 거래를 마쳤다. 블루아울이 지난 19일 2조 300억원 규모의 사모대출펀드 ‘OBDC II’ 펀드의 분기별 정기 환매(Tender Offer) 종료를 선언하면서 52주 신저가를 기록한 후, 이틀 연속으로 하락폭을 키운 것이다. 미국 상장 사모펀드가 펀드 환매를 멈추는 것은 이례적인 일이다. 과거 2008년 금융위기 당시 베어스턴스의 환매 중단 사태와 비슷하다는 분석도 나온다. 블루아울은 즉각적인 현금 확보를 위해 3개 크레딧 펀드에서 원금의 99.7% 수준에서 급매로 내놓으며 유동성 확보에 나섰다. 하지만 원금 회수조차 불투명해진 상황에서 시장은 이번 사태가 개별 펀드의 부실을 넘어 시스템 리스크로 확산될 가능성에 주목하고 있다. 5년 만에 2배 팽창한 사모대출…거품 붕괴하나 [그래픽=이데일리 김일환 기자] 사모대출 시장은 지난 수년간 은행 규제 강화의 반사이익을 누리며 비은행 금융의 꽃으로 불려왔다. 시장조사업체 프리퀸(Preqin)에 따르면 글로벌 사모대출 시장 규모는 2020년 1조2000억달러(약 1732조원)에서 2025년 2조3000억달러(약 3321조원)로 5년 만에 두 배 가량 폭증했다. 국내 LP들은 ‘중위험 중수익’을 기대하며 이 시장에 대거 진입했다. 국민연금, 사학연금, 행정공제회 등 주요 기관들은 최근 사모대출팀을 신설하거나 확대 재편했고, 사모대출 비중을 20~40%까지 공격적으로 확대하는 로드맵을 가동 중이다. 하지만 이번 블루아울 사태는 안전하다고 믿었던 사모대출 자산이 유동성 위기 앞에서 급격히 무너질 수 있음을 증명했다는 평가다. 다만 현시점의 공포가 과도하다는 신중론도 존재한다. 이번 조치는 블루아울 플랫폼 전반의 신용위험 증가라기보다, 환매 압력이 지속되어 온 소규모 ‘레거시 BDC’의 운용 규모를 축소하고 자본을 반환하기 위한 개별 차원의 전략적 조정이라는 분석이다. 이영주 하나증권 연구원은 “이번 사태가 환매 트렌드를 자극해 시장 전반으로 확산될 지는 단정할 수 없다”면서도 “작은 불안도 조정의 계기가 될 수 있어 신중한 모니터링이 필요하다”고 밝혔다. MBK 지분 13% 보유…평판 리스크 전이 우려 국내 시장이 더 긴장하는 이유는 블루아울이 국내 최대 사모펀드인 MBK파트너스의 지분 13%를 보유한 주요 주주이기 때문이다. 블루아울 산하 다이얼캐피탈(Dyal Capital)은 지난 2022년 약 1조4000억원을 들여 MBK 지분을 인수했다. 이후 다이얼캐피탈은 MBK에서 발생하는 성과보수와 관리보수 등 발생하는 현금흐름의 12.5%를 수령하고 있는 것으로 알려졌다. 그간 블루아울의 GP 스테이크(운용사 지분 투자) 행태는 우량 GP를 선별해 자본을 공급한다는 점에서 국내 LP들에게 사모펀드 시장의 신뢰도를 높여주는 지표로 작용해왔다. 그러나 블루아울 본체가 유동성 위기에 빠지면서 이러한 검증된 파트너로서의 위상에도 금이 갔다는 평가가 나온다. GP를 믿고 노후 자금을 맡겼던 국내 LP들의 투자 심리가 급격히 위축될 수 있다는 우려도 나온다. IB업계 관계자는 “블루아울은 국내 LP들이 가장 선호하던 사모대출 분야의 리딩 플레이어였다”며 “이번 사태로 글로벌 대체투자 포트폴리오 전반에 대한 재검토와 보수적인 리스크 관리가 불가피해졌다”고 설명했다.",2026-02-24
"韓 반도체마저 위협…中 첨단기술 굴기 10년, 무서운 질주",https://n.news.naver.com/mnews/article/018/0006223893,"로봇·전기차·배터리 中 앞서…AI반도체도 우위 첨단산업 지형변화…한중 수직분업→수평경쟁 “중국과 첨단산업 ‘경쟁적 협력’ 접근 필요해” [이데일리 정두리 기자] 중국이 로봇·전기차·배터리 등 미래 먹거리로 꼽히는 첨단 제조 분야에서 이미 한국을 앞지른 가운데, 한국의 주력 산업인 반도체마저 거세게 추격하고 있다는 분석이 나왔다. 특히 인공지능(AI) 반도체나 반도체 설계 플랫폼 등 비메모리 분야에서는 한국보다 오히려 앞서고 있다는 평가도 제기된다. 중국 휴머노이드 로봇.(사진=연합뉴스) 24일 산업연구원(KIET)이 발표한 ‘첨단산업의 한·중 경쟁력 분석과 정책방향’ 보고서에 따르면 산업연구원이 실시한 전문가 설문조사 및 표적집단면접(FGI) 결과, 중국은 로봇, 전기차, 배터리, 자율주행 등 주요 첨단산업 밸류체인 전반에서 한국 대비 경쟁우위를 확보한 것으로 나타났다. [이데일리 김일환 기자] 중국은 첨단산업 육성 10개년 정책인 ‘중국제조 2025’ 전략을 계기로 핵심 첨단 제조업에서 2015년 이후 폭발적인 성장을 이뤘다. 반도체를 제외한 대부분 품목은 국산화율이 애초 목표치를 상회할 정도로 생산·공급망·기술 생태계가 빠르게 고도화됐다. 산업용 로봇의 경우 제품 개발·설계 능력에서는 한국이 근소하게 앞서지만, 핵심부품 국산화와 자체 공급망, 내수시장 규모를 토대로 조달·생산·해외시장 창출에서 중국이 앞서 종합 경쟁력은 중국이 훨씬 낫다는 분석이다. 전기차와 배터리도 상황은 비슷하다. 중국은 전기차 보급률과 배터리 전(全) 공정 국산화에서 이미 ‘중국제조 2025’ 목표를 크게 웃도는 성과를 내며 친환경차 산업 전반에서 세계 선도 단계에 진입했다. 한국이 전기차 품질과 사후서비스, 해외시장 개척, 수소연료전지차(FCEV) 등 일부 분야에서 강점을 보유하고 있지만, 소재·부품 조달력, 완제품 생산능력, 내수시장 규모, 자율주행 기술 경쟁력에서는 중국이 확실한 우위를 점하고 있다는 평가다. 더 큰 문제는 한국이 세계 최고 수준의 경쟁력을 유지하고 있는 반도체마저 중국의 추격이 심상치 않다는 점이다. 보고서는 “메모리와 파운드리 첨단 공정, 핵심 장비·소재 분야에서는 한국이 기술·품질 면에서 우위지만, 비메모리와 AI칩 설계, 후공정(패키징)에서는 중국이 기술·가격·인프라 측면에서 경쟁력을 키우고 있다”며 “종합 경쟁력은 양국이 대등한 수준”이라고 평가했다. 표면적으로는 ‘대등’이지만, 내용을 들여다보면 한국의 강점은 메모리·선단 공정에 집중된 반면, 중국의 강점은 반도체 산업 생태계의 넓은 영역에 퍼져 있는 형태다. 특히 AI 반도체와 반도체 설계 플랫폼에선 이미 중국이 한국보다 압도적 우위라는 전문가 의견이 다수다. 중국은 미국의 제재로 첨단 장비와 일부 파운드리 공정에서 한계를 겪고 있지만 화웨이·바이두·알리바바·바이트댄스 등 빅테크를 중심으로 AI 반도체 설계 역량을 키우며 팹리스 생태계를 빠르게 구축해가고 있다. 이 과정에서 중국은 단순한 AI 모델 개발을 넘어 이를 효과적으로 구동할 수 있는 반도체칩과 시스템, 소프트웨어를 포괄하는 ‘중국식 AI 생태계’ 구축에 나서고 있다는 분석이다. 미국 제재가 첨단 공정 진입을 지연시키는 대신, 중국이 자체 생태계를 설계하는 계기가 되고 있다는 점도 주목할 대목이다. 보고서는 한·중 산업 분업 구조가 과거 한국에서 중국으로의 수직적 분업 구조에서, 이제는 기능별·단계별로 분리된 수평적 경쟁 관계로 바뀌었다고 봤다. 그러면서 중국을 단순한 추격·경쟁 대상으로만 인식하기보다, 업종별 밸류체인을 면밀히 분석해 기술적 우위를 확보하는 동시에 중국 내 수요 발굴과 전략적 협력 방안도 모색해야 한다고 제언했다. 조은교 산업연구원 중국산업분석팀장은 “단순히 대중 수출 의존도를 낮추거나 적자 해소에 초점을 맞추는 전략으로는 중국 주도의 글로벌 공급망 재편에 대응하기 어렵다”며 “중국이 선점하려는 미래 생태계 안에서 우리의 자리를 어떻게 확보할지, 동시에 중국의 첨단산업·기술 생태계를 어떻게 활용할지를 ‘경쟁적 협력’ 접근이 필요하다”고 말했다.",2026-02-24
"디지털자산기본법 여당안, 또 지연…지분 규제 '불확실성'",https://n.news.naver.com/mnews/article/648/0000044724,"민주당 TF 자문위원단 비공개 회의 ""금융위 지분규제 입장 확고‥절충 필요"" 더불어민주당 디지털자산 TF가 24일 서울 여의도 국회에서 자문위원 회의를 열고 디지털자산기본법을 논의하고 있다./사진=백지현 기자 여당이 가상자산 2단계 입법안 확정을 3월 초로 미뤘다. 당국과 업계 간 이견이 큰 쟁점사안인 대주주 지분 규제와 스테이블 코인 발행자격에 대한 내용을 재검토하면서다. 업계에서 민감해 하는 소유 분산에 관한 내용이 여전히 미궁에 빠져 거래소들의 인수합병 추진도 불확실성에 놓였다. 대주주 지분 규제 둘러싼 이견 여전 더불어민주당 디지털자산 TF는 24일 오후 서울 여의도 국회의원회관에서 자문위원들과 비공개 회의를 열고 디지털자산기본법 입법안을 검토했다. 당초 최종안이 이번 회의를 통해 나올 것으로 기대했지만 대주주 지분 규제와 스테이블 코인 발행자격 등 쟁점 사안에 다양한 의견이 나오면서 입법안을 확정짓지 못했다. 이에 따라 TF는 일주일 여의 시간을 갖고 검토한 뒤 절충안을 마련해 당 지도부에 제출할 방침이다. 이정문 TF 위원장은 회의 후 기자들과 만나 ""필리버스터 정국 중에 입법을 할지, 끝나고 할지 고민해봐야 한다""며 ""내부적으로 정리할 물리적 시간이 필요해 이번 주 중으로 결론을 내긴 어렵다""고 말했다. 안도걸 의원은 ""(이번 회의에서) 놓치고 있던 부분, 보완을 해야하는 부분이 발생해 TF 법안 내용의 수정이 필요하다""며 ""(두 가지 쟁점 사안에 대해) 자문위원들이 시장의 의견을 가감없이 전달해줬고 아이디어를 내준 분도 있었다""고 말했다. 그러면서 ""어느정도 결론이 나면 당 지도부와 논의할 것""이라고 덧붙였다. 최종안에선 쟁점 사안들이 아예 빠질 가능성도 염두에 뒀다. 안 의원은 ""이번 법안으로 완성이 되는 건 아니고 향후 시장의 변화가 있다면 2단계, 3단계 입법이 계속될 수 밖에없다""며 ""중요한 것은 빨리 제도화를 하는 것이고 타협이 필요한 시점이라는데 위원들도 동의했다""고 말했다. 이정문 위원장은 ""금융위원회와 각을 세워 우리 입장만 고집한다고 해서 입법이 되는 건 아니기 때문에 고민을 하고 있다""고 말했다. 앞서 금융위는 자본시장법상 대체거래소(ATS)와 같이 코인거래소의 대주주 지분도 15~20%로 제한하는 안을 제시한 바있다. 이에 대해 업계를 비롯해 야당과 여당 TF 자문위원회에서도 비합리적 규제라는 비판이 쏟아진 가운데 여당이 숙고에 들어갔다. 거래소 M&A 풍전등화 결국 대주주 지분 규제가 법안이나 시행령을 통해 입법화될 불씨는 살아있다. 지난 23일에도 권대영 부위원장 주재로 업비트·빗썸·코인원·코빗·고팍스 등 5대 원화마켓 거래소와 디지털자산거래소공동협의체(DAXA)를 소집해 의견 수렴에 나서는 등 사실상 대주주 지분 규제를 정부안에 담는 것을 확정한 것으로 알려졌다. 안 의원은 ""정부 입장은 확고한 건 맞다""며 ""금융당국 입장에선 혁신을 이뤄야하지만 예측가능하고 질서가있는 모양새로 갔으면 한다""고 말했다. 이어 ""혁신을 향한 방법론의 차이""라고 설명했다. 최근 발생한 빗썸 사고가 규제 추진에 명분을 부여했다는 평가도 나온다. 빗썸이 이달 이벤트를 진행하다가 62조원 상당의 비트코인을 오지급하는 사고가 발생했는데 가장 큰 배경으로 내부통제 미흡이 꼽힌다. 이에 정치권에서는 대주주 지분규제를 비롯한 금융회사에 준하는 규제가 필요하다는 목소리가 나온다. 점유율에 따라 대주주 지분 규제 상한을 다르게 적용하는 차등규제도 또 하나의 완충안으로 검토되고 있다. 금융당국 관계자는 ""여당에서 나온 얘기인만큼 검토 대상""이라고 말했다. 이로인해 거래소들이 진행하는 인수합병(M&A) 진행상황도 타격이 불가피해졌다. 두나무는 네이버파이낸셜과 포괄적 주식교환을 통해 합병을 추진하고 있다. 포괄적 주식교환 절차를 완수하면 네이버파이낸셜은 두나무의 지분 100%를 보유하게 된다. 코빗도 지배구조 개편을 진행하고 있다. 미래에셋컨설팅은 최근 코빗의 1대주주인 NXC(60.51%)와 2대주주인 SK스퀘어(31.55%)로부터 지분을 인수해 총 92.06%의 지분율로 최대주주에 등극할 것을 예고했다. 이보다 앞서 고팍스 운영사인 스트리미의 경우엔 임원 변경신고를 완료해 글로벌 가상자산거래소인 바이낸스가 67.45%를 가지고 있다. 그러나 이번 규제가 시행되면 이들 기관이 계획대로 지분을 보유하고 경영권을 휘두르는 것이 불가능해진다. 사실상 기관들이 지분 매입으로 기대한 사업적 시너지가 반감될 수밖에없다. 가상자산업계 관계자는 ""국내회사와 인수합병은 당국 신고가 필요한 사안인데 규제와 관련된 이슈가 있다보니 분위기를 살필 필요가 있다""고 말했다.",2026-02-24
퇴직연금 코스피로 대이동…주식 실적배당형에 65% 집중,https://n.news.naver.com/mnews/article/009/0005641431,주식 실적배당형에 65% 집중 2년 만에 원리금보장형 추월 사상 첫 20만전자·100만닉스 5천피 한달 만에 6천피 ‘턱밑’ 코스피가 종가 기준 최고치를 또 한 번 경신한 24일 서울 중구 우리은행 본점 딜링룸 전광판에 코스피 종가가 표시되어 있다. [한주형 기자] 코스피가 5000선을 돌파한 지 불과 한 달 만에 6000선 턱밑까지 다가섰다. 24일 코스피는 전일 대비 2.11% 오른 5969.64로 마감했다. 시가총액 1위 삼성전자는 3.63% 오른 20만원으로 마감하며 역사상 처음으로 20만원 고지에 올랐다. SK하이닉스도 5.68% 오른 100만5000원을 기록하며 마침내 100만원 선을 돌파했다. 이날도 주가 상승의 선봉에는 상장지수펀드(ETF) 자금이 자리했다. 개인과 외국인이 순매도에 나섰지만 금융투자 부문(증권사 등)은 코스피에서만 2조원 이상을 순매수했다. 올해 들어 금융투자에서만 15조원 규모의 순매수가 이뤄졌다. 이런 가운데 퇴직연금에서도 자금 유입이 지속되면서 코스피 질주의 지원군 역할을 하고 있다. 지난해 하반기부터 국내 증시가 강세를 보이면서 ‘연금개미’들이 상승장 효과를 누리기 위해 원리금 보장 상품 대신 ETF 같은 실적배당형 상품 비중을 빠르게 늘리고 있는 것으로 나타났다. 이날 매일경제가 미래에셋증권에 의뢰해 이 회사가 운영하는 퇴직연금(DC·IRP) 계좌를 분석한 결과 시장 수익률에 따라 성과가 달라지는 실적배당형 상품 비중은 지난달 말 65%까지 상승했다. 반면 원리금 보장 상품의 투자 비중은 지난해 말 38.1%에서 35%로 낮아졌다. 불과 한 달 만에 3%포인트 이상 줄어든 셈이다. 2023년 말에는 60%에 육박했던 점을 감안하면 2년여 만에 절반 가까이 감소했다. 미래에셋증권 관계자는 “새롭게 유입된 자금 대부분이 실적배당형 상품으로 유입되고 있다”고 설명했다. 연금개미의 투자 패턴이 뒤바뀐 것은 시중금리와 연동되는 예금 보장 상품의 수익률이 연 2~3% 수준에 그치며 ETF 등 실적배당형 상품 수익률과 격차가 점점 벌어지고 있기 때문이다. 미래에셋증권 퇴직연금계좌 내 ETF 투자 잔액은 2024년 말 8조1000억원에서 지난달 말 16조9600억원으로 1년 만에 2배 이상 늘었다. 퇴직연금 계좌를 통해서는 개별 주식에 직접 투자할 수 없기 때문에 ETF가 주식 투자 수요를 대체하고 있다. 김진영 키움증권 연구원은 “퇴직연금은 DB형에서 DC형으로 전환되고 실적배당형 투자 비중이 증가하는 흐름이 가속화되고 있다”며 “퇴직연금 자금 유입이 국내 증시의 하방을 지지하는 요인 중 하나가 됐다”고 평가했다.,2026-02-24
"미래에셋證, 6354억어치 배당·자사주 소각…'역대 최대' 규모",https://n.news.naver.com/mnews/article/015/0005254703,"미래에셋증권은 역대 최대 규모인 약 6354억 원 수준의 주주환원을 진행한다고 24일 밝혔다. 미래에셋증권은 이날 이사회를 열고 현금 및 주식 배당, 자사주 소각, 신임 사외이사 선임 등을 결의했다. 결정된 배당총액은 현금배당 약 1744억 원(보통주 기준 300원), 주식배당 약 2909억 원(보통주 기준 500원 상당 주식)으로 총 4653억 원이다. 이는 이사회 전일 종가 기준으로, 지난해 현금 배당금액 1467억원 대비 3배 이상 규모다. 배당 기준일은 3월 17일이다. 현금 및 주식 배당은 3월 24일 정기주주총회 승인 후 1개월 이내 지급할 계획이다. 자사주 소각은 보통주 약 1177만주, 2우선주 약 18만 주를 대상으로 진행한다. 지난해 11월 보통주 및 우선주 약 405만 주 등을 소각한 금액까지 합산하면 약 1701억 원 규모다. 이에 따라 2025 사업연도 총 주주환원 규모는 약 6354억원으로, 당기순이익 약 1.5조 원을 감안했을 때 주주환원 성향은 약 40%다. 이날 이사회에서는 신규 사외이사로 안수현 사외이사(감사위원)를 선임하는 안건도 결의했다. 안수현 사외이사 후보자는 현재 한국외국어대학교 법학전문대학원 원장으로, 금융감독원 소비자부문 위원, 디지털자산보호재단 비상임이사 등으로 활동 중인 대표적인 법률·금융소비자보호 전문가다. 또한 임직원 책임경영 강화 및 주주 이익 일치를 도모하고자 임직원 주식보상을 위한 자사주 처분안도 결의했다. 보통주 약 20만 주를 주요 직책자 등에게 교부할 예정이다. 이외에도 상법 개정에 맞춰 회사 정관을 법령 체계에 맞춰 정비하는 안건도 가결했다. 사외이사 명칭을 독립이사로 변경하고, 전자주주총회 제도를 도입하며, 감사위원 선·해임 시 의결권 제한을 강화한 내용 등이 포함됐다. 미래에셋증권 관계자는 “당사는 실적에 맞춰 배당 규모를 역대 최대로 확대하는 한편, 실적의 약 30%가 미실현이익이라는 점과 자본효율성을 제고하는 차원에서 현금배당과 주식배당을 병행했다”며 “보통주 약 1177만 주와 우선주 약 18만 주의 자사주 소각도 함께 진행해 총 발행주식 수는 감소시킬 것이며, 자기자본은 지속적으로 확충하고 상황에 맞는 주주환원정책으로 글로벌 금융그룹으로 성장할 것”이라고 말했다.",2026-02-24
"""투자 수익률 1400%""...한국성장금융, 퓨리오사AI 투자로 ‘잭팟’[마켓인]",https://n.news.naver.com/mnews/article/018/0006223884,"한국성장금융이 초기투자한 퓨리오사 AI 3조 밸류로 정책형 모험자본 투자 성과 가시화 추정 수익률만 1400%대 이 기사는 2026년02월24일 17시37분에 마켓인 프리미엄 콘텐츠 로 선공개 되었습니다. [이데일리 마켓in 지영의 기자]퓨리오사AI가 3조원 안팎의 기업가치를 기준으로 시리즈D 투자 유치를 추진하면서 초기 투자자들이 막대한 수익을 거둘 전망이다. 특히 초기 투자자들 중 한국성장금융투자운용의 경우 현재 기업가치 기준 최고 1400%대에 달하는 수익률을 기록할 것으로 추정된다. 24일 투자은행(IB) 업계에 따르면 퓨리오사AI는 최근 약 2조9000억원 수준의 기업가치를 기준으로 시리즈D 라운드를 진행 중이다. 3조원 가량에서 투자가 마무리되면, 초기 투자자들은 투자 원금의 10배 이상에 달하는 평가 차익을 거둘 것으로 보인다. 초기 투자자 중 한국성장금융은 퓨리오사AI의 성장 단계별로 프로젝트 펀드를 통해 자금을 투입했다. 지난 2021년 시리즈B 당시 기업가치 1800억원(프리머니)에 139억5000만원을 투자한 ‘아이온 필로스 펀드’의 경우, 현재 기업가치가 3조원 수준으로 평가될 경우 투자금이 약 15배로 불어나는 셈이다. 누적 수익률로는 1400%를 웃돈다. 시리즈C 브릿지 단계에서 기업가치 8300억원(프리머니) 기준 120억원을 추가 투자한 ‘유진 딥테크 펀드’ 역시 현재 기업가치 3조원 기준으로 보면 투자금이 3배 중후반 수준으로 늘어나는 구조다. 단순 수익률로 환산하면 250~270% 수준이다. 높은 수익률을 내게 된 배경에는 자금 조달이 쉽지 않았던 초기 단계 기업에 대한 투자 판단이 있다. 성장금융이 퓨리오사AI에 처음 투자했을 당시 회사는 1세대 AI칩 ‘워보이(Warboy)’의 성능을 입증한 뒤 차세대 제품 개발을 준비하던 시점이었다. 기술 경쟁력은 확보했지만, 본격적인 양산과 글로벌 상용화로 넘어가기에는 추가 자금이 필요한 구간이었다. 반도체 산업은 설계 이후 실제 제품 생산과 고객사 인증, 양산 전환까지 상당한 비용이 투입된다. 매출이 본격화되기 전까지 생긴 자금 부족에 쓰러질 수 있는 ‘데스밸리(Death Valley)’ 구간이다. 이 시기에 투입된 자금이 제품 개발과 후속 투자 유치로 이어지며 기업가치 상승의 기반이 됐다는 분석이다. 이후 퓨리오사AI는 2세대 AI 반도체 ‘RNGD(레니게이드)’ 개발에 착수했다. RNGD는 HBM3E를 탑재한 고성능 칩으로, 지난 1월 TSMC를 통해 제조된 초도 물량 4000장을 인도받으며 상용화 단계에 진입했다. 생성형 AI와 대규모 언어모델(LLM) 확산으로 데이터센터용 AI 반도체 수요가 급증하는 흐름과 맞물리며 기업가치 재평가로 이어졌다는 평가다. 퓨리오사AI 투자 성공사례 외에도 한국성장금융은 국내 반도체 초기 생태계 기업에 투자해 수익을 내는 동시에 기업 성장 기반을 다져온 사례를 여럿 축적해왔다. 국내 AI반도체 생태계의 핵심 기업이 된 리벨리온과 세미파이브 역시 프로젝트 및 블라인드 펀드를 통해 한국성장금융의 초기투자 자금을 유치한 뒤 기술 고도화와 사업 확장을 이어왔다. 업계에서는 자금 조달이 쉽지 않은 초기 구간에서의 투자가 기업의 스케일업과 직결된다고 본다. 기술 기업은 양산과 상용화로 넘어가는 과정에서 자금 공백을 겪기 쉽고, 이 시점에 투입된 자금이 기업 성장의 속도를 좌우한다는 설명이다. 한 PEF 업계 관계자는 “퓨리오사AI 사례처럼 초기 단계에서의 투자가 기업가치 상승으로 이어지면 투자 기관은 수익을 거두고 기업은 성장 기반을 확보하는 선순환 구조가 만들어진다”며 “전략 산업일수록 초기 구간에서의 자금 역할이 중요하다”고 말했다.",2026-02-24
코스피 시총 5000兆 돌파 '카운트다운',https://n.news.naver.com/mnews/article/014/0005482234,"이달 14% 늘어 4922조7366억 반도체업종 강세에 빠르게 급증 삼성·하이닉스 비중이 38% 달해 코스피 시가총액이 지난달 4000조원을 넘어선 지 한달도 안돼 5000조 돌파를 눈앞에 뒀다. 국내 증시를 주도하고 있는 반도체 업종의 상승세가 지속되면서, 코스피 시총도 가파르게 늘고 있다. 24일 한국거래소에 따르면 이날 장 마감 기준 코스피 시가총액은 4922조7366억원으로 집계됐다. 지난달 말 4318조6471억원에서 이달 들어서만 13.99% 증가한 수치다. 현 수준에서 약 1.6%만 늘어날 경우 5000조원 돌파가 가능해진다. 지난달 한 달 동안 시총이 24.18% 증가한 점을 감안하면, 이르면 이달 내 5000조원을 넘어설 것이란 전망이 나온다. 지난해부터 이어진 증시 호황에 코스피 시총도 급격하게 불어났다. 장 마감 기준 코스피 시총은 지난 2021년 1월 4일 처음으로 2000조원을 넘긴 뒤, 4년 9개월여만인 지난해 10월 15일 3000조원을 돌파했다. 이후 3개월 만인 지난달 16일 4000조원을 넘겼고, 2개월도 되지 않아 5000조원 돌파를 앞두게 됐다. 시가총액 상위 종목 1·2위인 삼성전자와 SK하이닉스의 몸집이 불어난 영향이 컸다. 이날 SK하이닉스 시가총액이 처음으로 700조원대를 돌파하며 삼성전자와 합산 시가총액은 1900조1935억원을 기록했다. 코스피 전체 시총에서 삼성전자와 SK하이닉스가 차지하는 비중도 확대됐다. 2024년 말만 해도 코스피에서 삼성전자·SK하이닉스가 차지하는 비중은 22.62% 수준이었지만, 지난해 말 34.04%에서 현재 38.60%까지 높아졌다. 증권가에선 지난해에 이어 올해도 반도체 업종이 주도주가 될 것으로 보고 있다. 삼성전자와 SK하이닉스에 대한 실적 전망치가 상향 조정되면서, 코스피도 상승세를 이어갈 것이란 전망이다. 올해 삼성전자와 SK하이닉스의 영업이익 전망치는 각각 최대 250조원, 220조원 수준까지 높아진 상황이다. 실적 기대감에 이날 삼성전자는 20만원, SK하이닉스는 100만5000원에 장을 마감하며 최고가를 기록하기도 했다. 설태현 DB증권 연구원은 ""올해와 내년 삼성전자와 SK하이닉스의 영업이익에 대한 증권사별 전망치 분포를 고려할 때, 향후 이익 전망치의 추가적인 상향 조정 가능성에 무게가 실리고 있다""며 ""반도체 대표 기업의 실적 향방은 지수 변동성을 넘어 연내 코스피 밴드 자체를 재정의하는 핵심적인 결정 변수가 될 것""이라고 진단했다. 증권가에선 코스피 예상 밴드도 올려잡고 있다. 하나증권은 코스피 상단을 7870으로 제시하며 가장 높은 전망치를 내놨다. NH투자증권과 키움증권은 7300, 한국투자증권은 7250, 유안타증권은 7100으로, 7000 이상으로 눈높이가 높아지고 있다. 한지영 키움증권 연구원은 ""올해 코스피 영업이익 컨센서스는 약 580조원으로, 연초 대비 약 35% 급증했는데, 추후 600조원 초중반 수준까지 상향될 것으로 보인다""며 ""단기 폭등에 따른 지수 자체의 레벨 부담은 있으나, 선행 주가수익비율(PER)이 역사적 평균인 10배 부근에서 머물러 있는 등 밸류에이션 부담이 낮다는 점을 긍정적으로 볼 필요가 있다""고 분석했다. 풍부한 유동성도 증시 상승에 힘을 싣는 요인이다. 허재환 유진투자증권 연구원은 ""주가 상승의 중요한 동력은 기업 실적과 유동성""이라며 ""올해 들어 지난 11일까지 은행 예금은 34조원 감소한 반면, 주식형 펀드 자금은 46조7000억원, 증권사 고객 예탁금은 10조원 증가했다""고 짚었다.",2026-02-24
자사주 소각 효과 속도낸다… 코스피 주식수 3분기째 감소,https://n.news.naver.com/mnews/article/014/0005482233,"이달 20일 기준 632억3159만株 작년 6월과 비교하면 4억株 줄어 당정 주도 의무화 법안 처리 임박 기업들 시행 전부터 발빠른 대응 증시 저평가 해소에도 힘 보탤듯 코스피 시장의 상장주식 수가 지난해 하반기 이후 감소세로 돌아선 것으로 나타났다. 주주 환원에 선제적으로 나선 기업들이 늘어난 영향이 컸다. 향후 3차 상법 개정안 효과가 지수 추가 상승에 힘을 보탤지 주목된다. 24일 코스콤 CHECK에 따르면 지난 20일 기준 코스피 시장에 상장된 주식 수는 632억3159만주로 집계됐다. 지난해 6월30일 636억4858만주와 비교하면 4억주 가량 줄어든 규모로 3분기 연속 감소세를 이어가고 있다. 올해 들어서만 줄어든 상장주식 수는 8623만주에 이른다. 이러한 흐름은 최근 10년 간의 추세와는 대비된다. 코스피 상장주식 수는 2016년 408억8599만주에서 2022년 633억6826만주로 54.9% 늘었다. 2023년(620억3167만주)에는 소폭 감소했지만, 2024년 631억6264만주로 다시 불어났다. 통상 상장주식 수는 기업들의 유상증자나 기업공개(IPO)는 활발한 반면, 자사주 소각 속도는 더딜 때 증가한다. 한국거래소에 따르면 최근 5년 간 국내 상장기업의 평균 자사주 소각 규모는 매입 금액 대비 절반 수준이었다. 지난 2020년부터 2024년까지 상장사의 자사주 매입금액은 합산 45조원인 반면, 자사주 소각 금액은 25조5000억원에 그쳤다. 변화 흐름이 감지된 것은 정부와 여당이 자사주 소각 의무화를 골자로 한 3차 상법 개정안 도입을 추진한 지난해 하반기부터다. 3차 상법 개정안은 자사주 성격을 '자본'으로 명시하고 있다. 기업이 이미 보유한 자사주를 법 시행 후 18개월 이내에 소각하고, 새로 취득한 자사주는 1년 내에 소각하도록 의무화하는 내용을 담고 있다. 제도 변화에 앞서 자사주 보유 비중이 높은 기업들을 중심으로 소각 움직임이 늘면서 지난해 상장기업의 자사주 소각 금액은 21조4000억원으로, 사상 처음으로 자사주 매입 금액(20조1000억원)을 앞질렀다. 증권가에서는 그간 줄지 않았던 상장주식 수가 한국 주식시장 저평가를 부추긴 것으로 보고 있다. 기업 전체 순이익을 상장주식 수로 나눠 계산하는 코스피 주당순이익(EPS)은 주식시장 수익성 지표로 해석된다. 상장주식 수가 많을수록 분모가 커져 주당순이익(EPS)은 낮아지는 구조다. 김종영 NH투자증권 연구원은 ""코스피 상장기업 합계 주식 수는 연평균 약 2% 증가한 반면, 순이익은 연평균 10.5% 성장해 주식 수 희석으로 EPS 성장률이 순이익 증가 속도를 밑돌아왔다""고 말했다. 전날(23일) 국회 법제사법위원회 전체 회의를 통과한 3차 상법 개정안이 본회의 처리를 앞둔 가운데 시장 전문가들은 자사주 소각 의무화가 주식 수 감소를 유도해 증시에 추가 탄력을 제공할 것으로 보고 있다. 이상헌 iM증권 연구원은 ""자기자본이익률(ROE)이 오르면 주가순자산비율(PBR)이, PBR이 오르면 지수가 상승한다""며 ""이때 ROE는 당기순이익을 자본으로 나눈 값인데, 자사주 소각이 의무화되면 자본이 줄면서 ROE가 상승하는 효과가 발생해 결과적으로 지수 상승으로 이어질 수 있다""고 말했다. 이어 ""앞으로 시장은 자사주 매입을 곧 소각 시그널로 받아들이게 돼 기업으로선 주주환원 정책을 더 강화할 수 있는 환경이 조성된 셈""이라고 덧붙였다.",2026-02-24
신고가 갈아치운 반도체 투톱…‘육천피’ 단 31p 남았다,https://n.news.naver.com/mnews/article/014/0005482206,"20만전자·100만닉스 등극 차익실현 나섰던 외국인 자금 유턴 반도체 중심 매수세로 ‘상승 탄력’ 업종 쏠림 등 지수 재조정 변수로 국내 증시가 또 한번 새로운 이정표를 세웠다. 반도체 투톱이 동시에 역사적 가격대로 올라서면서 코스피지수가 6000선 턱밑까지 올라섰다. 현재 '육천피'까지 남은 간극은 단 31p이다. 24일 코스피는 전 거래일 대비 123.55p(2.11%) 오른 5969.64에 마감했다. 유가증권시장에서 기관투자자들은 2조5086억원어치를 사들이며 지수 상승을 견인했다. 반면 개인과 외국인은 각각 2조3459억원, 2440억원어치를 팔았다. 삼성전자는 3.63% 오른 20만원으로 마감하며 사상 최고가를 갈아치웠다. SK하이닉스 역시 5% 넘게 오른 100만5000원으로 마감해 사상 처음으로 100만원대에 입성했다. 두 종목이 지수에서 차지하는 시가총액 비중을 감안하면 이날 상승은 단순 개별종목 강세를 넘어 지수 구조 자체를 끌어올리는 동력으로 작용했다. 증권가는 이번 랠리를 'AI 메모리 구조적 슈퍼사이클'이 본격화된 신호로 해석한다. 한동희 SK증권 연구원은 ""SK하이닉스의 목표주가를 160만원으로 상향 조정한다""며 ""공급자들의 낮은 재고와 AI 메모리의 구조적 수요, 증설 여력 제약에 따른 가격 협상력이 예상을 크게 웃돈다""고 밝혔다. 박준영 한화투자증권 연구원도 ""삼성전자의 투자 포인트는 고대역폭메모리(HBM)4에서의 경쟁력 회복과 이로 인한 압도적인 메모리 생산능력(CAPA)에 따른 실적의 폭발적 성장""이라고 평가했다. 이날 지수 상승의 또 다른 축은 외국인 수급이다. 최근까지 차익실현에 나섰던 외국인 자금이 반도체 중심으로 재유입되면서 지수 상단을 열고 있다는 분석이다. 외국인은 이날 하루에만 SK하이닉스 주식 약 3200억원어치를 사들였다. 특히 글로벌 인공지능(AI) 서버 투자 확대와 미국 빅테크의 데이터센터 증설 기조가 이어지는 가운데, HBM 중심의 고부가 메모리 수요가 실적 추정치를 끌어올리고 있다. 시장에서는 이번 랠리를 단기 이벤트가 아닌 구조적 밸류에이션 재평가로 보고 있다. 메모리 가격 협상력이 공급사 중심으로 이동하면서 과거 사이클 대비 이익 레벨이 상향 평준화될 가능성이 높아서다. 코스피 6000선 돌파는 시간문제라는 시각이 우세하다. 다만 6000선 안착의 관건으로 이익 모멘텀의 지속성이 꼽힌다. 현재 시장은 반도체를 중심으로 실적 상향이 이어지고 있지만, 업종 간 차별화는 심화돼 부담요인이다. 금리 변수와 글로벌 매크로 리스크 역시 완전히 해소된 것은 아니다. 현재 코스피 12개월 선행 주당순이익(EPS)은 반도체 중심의 추정치 상향이 이어지며 우상향 흐름을 보이고 있다. AI 서버 투자 확대와 HBM 단가 상승이 동시에 진행되면서 메모리 업체들의 이익 레벨이 과거 사이클 대비 한 단계 높아졌다는 게 전문가들의 분석이다. 이 가운데 외국인 수급의 복귀 여부가 중요 변수로 거론된다. 최근 반도체 중심의 순매수가 재개되면서 지수 상승 탄력이 강화되는 모습이다. 글로벌 패시브 자금이 한국 시장 비중을 재확대할 경우 지수의 레벨업 속도는 더 빨라질 수 있다. 다만 경계해야 할 요인도 적지 않다. 미국 연방준비제도(Fed)의 금리 인하 속도와 글로벌 경기 둔화 우려는 여전히 변동성 요인이다. 물가 둔화가 기대에 못 미칠 경우 금리경로가 재조정될 가능성도 배제할 수 없다. 업종 쏠림 역시 부담이다. 현재 지수 상승은 반도체 비중이 절대적이다. 만약 주도주의 단기 조정이 발생할 경우 지수 변동성은 확대될 수 있다. 6000선 돌파 이후에는 차익실현 매물 출회 가능성도 열려 있다. 업계 관계자는 ""지수 상단을 결정하는 것은 결국 반도체""라며 ""반도체 투톱이 동시에 신고가를 경신한 것은 시장의 주도주가 명확하다는 의미다. 이는 지수의 추가 레벨업 가능성을 높이는 요인""이라고 말했다. 한 시장 관계자는 ""코스피는 단순 반등이 아니라 구조적 체질개선 국면에 들어섰다""며 ""반도체 실적 추정치가 추가 상향될 경우 6000선 안착 시도도 빠르게 전개될 수 있다""고 내다봤다.",2026-02-24
AI 파괴론이 호재 된 반도체 랠리…“코스피 레벨업 지속”,https://n.news.naver.com/mnews/article/011/0004593037,"■코스피 최고치 경신…6000 눈앞 반도체 수요 확대로 실적개선 기대 기관 2조원대 순매수로 상승 견인 황제주 하이닉스 시총 세계 21위로 SK證 “30만전자·160만닉스 갈것” 24일 서울 여의도 한국거래소에서 관계자가 코스피 지수와 SK하이닉스, 삼성전자 등 주요 종목 주가를 확인하고 있다. 이날 SK하이닉스와 삼성전자는 종가 기준 각각 100만 원과 20만 원을 돌파했다. 오승현 기자 미국발 관세 불안에도 삼성전자와 SK하이닉스가 일제히 ‘20만전자’와 ‘100만닉스’를 달성했다. 미국 뉴욕 증시를 흔든 인공지능(AI) 파괴론이 오히려 국내 반도체 기업에 호재로 작용하면서 일제히 신고가를 경신했다. 코스피는 종가 기준 처음으로 5900선을 넘어서며 ‘6000피’를 눈앞에 두게 됐다. 24일 한국거래소에 따르면 삼성전자는 전 거래일 대비 3.63% 오른 20만 원으로 장을 마감했다. 이달 10일 이후 7거래일 연속 상승세다. SK하이닉스도 5.68% 상승한 100만 5000원으로 거래를 마쳐 ‘황제주(주가 100만 원 이상 종목)’에 입성했다. 시가총액도 716조 2659억 원(약 4961억 달러)으로 마이크론을 누르고 세계 시총 순위가 21위까지 올랐다. 시총 1·2위인 삼성전자와 SK하이닉스의 동반 상승세에 힘입어 코스피지수도 전 거래일 대비 123.55포인트(2.11%) 오른 5969.64로 거래를 마쳤다. 4거래일 연속 상승하며 5600선 이후 파죽지세다. ‘6000피’ 달성까지는 단 30.36포인트(0.51%)만 남았다. 이날 개인과 외국인이 각각 2조 2808억 원, 1992억 원어치를 매도하면서 차익 실현에 나섰지만 기관이 2조 3746억 원을 사들이며 신고가 경신에 힘을 보탰다. 기관은 이달 들어 14거래일 중에 11거래일을 사들이는 등 11조 5630억 원을 순매수했다. 특히 이 중 상당 비중이 개인들의 상장지수펀드(ETF) 자금인 금융투자라는 게 눈에 띈다. AI 반도체 수요 확대와 함께 범용 D램과 낸드(NAND) 가격 급등에 따른 실적 개선 기대감이 반도체 종목들의 동반 상승을 이끌었다. AI의 급격한 발전이 경제 전반을 급격히 잠식할 것이라는 공포가 미 증시에는 악재로 작용했지만 AI 서버용 고대역폭메모리(HBM)를 생산하는 삼성전자와 SK하이닉스에는 수요 확대에 대한 기대감으로 반영된 것이다. AI 효율성이 극대화될수록 이를 구동하기 위한 인프라에 대한 수요는 더욱 증가할 수밖에 없다는 논리다. 박희찬 미래에셋증권 리서치센터장은 “한국과 미국의 지수가 따로 움직이는 것처럼 보이지만 엄밀히 보면 한국 기업의 수요가 좋은 건 미국의 빅테크가 투자를 해주기 때문”이라며 “반도체를 중심으로 하는 실적 강세 국면은 당분간 이어질 가능성이 높다”고 말했다. 이에 증권가에서는 삼성전자와 SK하이닉스의 목표 주가를 계속 올려 잡는 분위기다. SK증권은 삼성전자의 목표가를 30만 원, SK하이닉스는 160만 원으로 높였다. 한동희 SK증권 연구원은 “메모리 호황이 유동성 확장과 동반된 것은 처음 있는 일”이라며 “수요 대응을 위한 공간 여력, HBM4 경쟁력 회복, 파운드리 가동률의 회복세 등 저평가 해소에 대한 명분이 다분한 국면”이라고 밝혔다. 국내 증시가 대외 변수에 흔들리지 않는 체력을 보여주면서 당분간 지수 레벨업이 계속될 것이라는 전망이 나온다. 키움증권은 올해 코스피 상단을 7300으로 상향 조정했다. 반도체 중심의 이익 모멘텀 강화와 낮은 밸류에이션 부담, 상법 개정에 따른 주주환원 기대가 맞물리면서 증시 상승을 이끌 것으로 봤다. 앞서 글로벌 투자은행(IB) 노무라증권은 올해 상반기 코스피 목표치를 최대 8000으로 제시했다. 고태봉 iM증권 리서치센터장은 “미 증시는 오랫동안 우상향한 만큼 조정이 불가피하다”면서 “한국은 코리아 디스카운트가 해소되는데다 반도체가 잘나가는 기술적 변화가 공존하고 있다”고 분석했다. 한편 코스피가 단기간 급등하면서 하락 베팅 자금도 늘고 있다. 금융투자협회에 따르면 이날 기준 대차거래 잔액은 153조 132억 원으로 집계됐다. 지난달 말(138조 6285억 원)보다 14거래일 만에 14조 원 넘게 증가한 것이다. 대차거래는 투자자가 다른 투자자에게 일정한 수수료를 받고 주식을 빌려주는 거래로 통상 공매도의 선행 지표로 여겨진다. 공매도 순보유 잔액은 19일 기준 유가증권시장과 코스닥시장 합계 21조 8720억 원으로 나타났다. 공매도 후 미상환 물량인 순보유 잔액 금액이 크다는 것은 앞으로 주가의 추가 하락을 점치는 투자자가 많다는 의미다.",2026-02-24
위험선호 심리에 제동[투자의 창],https://n.news.naver.com/mnews/article/011/0004593029,"■김민 스테이트 스트리트 은행 한국 대표 김민 스테이트 스트리트 은행 한국 대표 스테이트 스트리트 위험선호지수(Risk Appetite Index)에 따르면 올해 1월 글로벌 기관투자자들의 위험선호는 전월의 긍정 영역에서 중립 수준으로 하락했다. 1월 중순에는 기관투자자의 위험 노출이 크게 확대되는 흐름이었으나, 연방준비제도(Fed)의 정책을 둘러싼 불확실성과 시장 유동성 우려가 맞물리면서 월말로 갈수록 위험 선호는 다소 둔화됐다. 다만 전체 자산배분 측면에서는 주식 비중이 계속 확대됐고 채권과 현금 비중은 더 축소됐다. 1월 말 기준 투자자들의 주식 배분 비중은 2007년 10월 이후 최고 수준, 채권 배분 비중은 2008년 8월 이후 최저 수준으로 나타났다. 주식과 채권 간 자산배분 격차는 계속 확대되는 추세다. 달러화는 월말로 갈수록 매도세가 다소 진정됐으나, 한 달 내내 약세 흐름을 지속하며 추가 하락했다. 달러 자산 다변화에 대한 시장 기조는 여전히 지속되고 있다. 달러 표시 채권에 대한 투자심리는 여전히 부진해, 기관투자자 자금 흐름은 1월 말 기준 하위 20% 수준으로 떨어졌다. 투자자들은 여전히 미국 주식 비중 확대 포지션을 유지하고 있다. 유럽으로의 역외 주식 자금 흐름은 절대적인 수준에서는 비교적 양호했으나, 미국·일본·오세아니아에 비해서는 상대적으로 약세를 보였다. 이는 성장률 둔화와 기업 실적에 대한 지속적인 우려를 반영하는 것으로 보인다. 유로화 포지셔닝은 여전히 큰 폭의 비중확대 상태이지만, 최근 자금 유입이 다시 둔화되면서 과도하게 확대된 포지션이 되돌려질 위험을 안고 있다. 아태지역에서는 일본 주식에 대한 수요가 여전히 긍정적이며, 엔화 시장 개입의 영향은 아직 제한적이다. 엔화 포지셔닝은 여전히 소폭의 비중축소 상태에 머물러 있다. 호주와 뉴질랜드에서는 주식 수요가 급격히 반등했으며, 호주 달러(AUD)와 뉴질랜드 달러(NZD) 역시 통화 포지션이 상당히 확대된 상태다. 중국·한국·대만 등 기술주 비중이 높은 시장은 견조한 성과를 이어가고 있지만, 역외 주식 자금 흐름은 비교적 제한적인 수준에 머물렀다. 한국으로의 자금 흐름이 제한적이었던 배경에는 신흥국 중 비중확대 포지션이 이미 누적된 상태가 영향을 준 것으로 보인다. 다만 1월 들어 원화로의 자금 흐름은 회복세를 보였다. 이에 따라 기술·인공지능(AI)·반도체 등 핵심 초과성과 섹터와 부합하는 흐름이 이어지며, 기관투자자들은 한국 시장에 대한 투자를 견조하게 유지하고 있다.",2026-02-24
빅파마 기술이전 본계약 겨냥…‘월 1회 비만약’ 증설 경쟁,https://n.news.naver.com/mnews/article/011/0004593028,"판 커지는 장기지속형 주사제기업 공동 연구 넘어 기술 이전 등 포석 지투지바이오 1500억 자금 조달 각각 설비 증축·R&D에 활용 예정 펩트론 2공장 세워 내년 가동 목표 인벤티지랩 M&A로 대량 생산 가능 글로벌 빅파마들과 장기지속형 비만약 공동 연구를 진행 중인 국내 기업들이 새 국면을 맞고 있다. 지투지바이오(456160) 는 생산시설 확대 등을 위해 1500억 원의 자금을 조달하면서 공동 연구를 넘어 기술이전 본계약 체결 가능성을 높였다. 최근 펩트론(087010) 은 충북 오송 2공장 건축 허가를 받았고, 인벤티지랩(389470) 은 의약품 제조품질관리기준(GMP) 공장을 보유한 큐라티스를 인수하는 등 공동 연구 파트너사들과의 기술이전 본계약에 대비하는 모양새다. 24일 금융감독원 전자공시시스템에 따르면 지투지바이오는 약 750억 원 규모의 제3자 배정 유상증자, 750억 원 규모의 전환사채(CB) 발행을 각각 결정했다고 공시했다. 총 1500억 원의 자금을 조달하는 셈이다. 지투지바이오는 이번에 확보한 자금 중 600억 원을 장기지속형 의약품 상업생산시설 구축을 위한 2공장 증축에 투입하기로 했다. 글로벌 빅파마의 수요에 대응할 수 있는 규모의 우수 의약품 제조품질관리기준(cGMP) 시설을 갖추는 것이 목적이다. 나머지 900억 원은 연구개발(R&D) 등 운영 자금으로 활용한다. 생산시설 구축은 장기지속형 비만약 상업화에 대비해 공동 연구 파트너사들과 기술이전 본계약 체결 가능성을 높이는 요인으로 작용한다. 지투지바이오는 펩타이드 의약품 등을 장기지속형 주사제로 전환하는 ‘이노램프’ 플랫폼을 기반으로 지난해 1월 베링거인겔하임과 장기지속형 비만약 공동 개발 계약을 맺은 데 이어 지난해 7월 추가 계약을 맺었다. 지난해 9월에는 또 다른 유럽 소재 빅파마와 비만약 공동 연구 계약을 체결했다. 지투지바이오 관계자는 “기업공개(IPO) 당시에도 공장 증축 비용을 일부 확보했지만 이후 파트너십 확대로 글로벌 시장 수요에 걸맞게 더 많은 생산능력을 확보할 필요성이 커졌다”며 “이번 자금 조달에 따라 기술이전 본계약 체결을 위해 가장 중요한 요건인 ‘GMP 수준의, 충분한 생산능력을 갖춘 공장’을 건설할 기반을 마련하게 됐다”고 설명했다. 일라이릴리(릴리)와 장기지속형 비만약 공동 연구를 진행 중인 펩트론도 최근 충북 오송에 1만 6528㎡(5000평)규모의 2공장 건축 허가를 승인받았다. 총 890억 원을 투자해 내년 가동을 목표로 한다. 다만 최근 펩트론과 릴리의 기술이전 본계약 체결에는 회의적인 평가가 나오고 있는 상황이다. 펩트론이 2024년 10월 릴리와 기술 평가 계약을 발표할 당시에는 “약 14개월간 평가를 진행한 뒤 기술이전 여부를 논의한다”고 공시했지만, 14개월이 지난 뒤 돌연 평가 기간을 ‘최대 24개월’로 정정 공시했기 때문이다. 일라이릴리가 스웨덴 기업 카무루스와 이미 장기지속형 비만약 기술이전 계약을 체결했다는 점도 우려되는 요인이다. 인벤티지랩은 지난해 1월 큐라티스를 인수해 GMP 수준의 대량생산 시설을 확보했다. 이 공장은 1년에 완제의약품(DP) 기준 5000만 바이알을 생산할 수 있다. 유한양행과 개발 중인 세마글루타이드(비만약 ‘위고비’ 원료) 기반 장기지속형 주사제 ‘YHP2402’의 최종 후보물질을 도출한 만큼 조만간 임상 시료 생산에 돌입할 가능성이 높다. 인벤티지랩은 이외에도 베링거인겔하임과 2024년 9월, 지난해 11월에 걸쳐 두 개의 공동 연구 계약을 체결했다. 인벤티지랩의 장기지속형 주사제 플랫폼 ‘IVL-드럭플루이딕’ 기술이 바탕이 됐다. 다른 장기지속형 주사제 기업들이 큰 부피의 마이크로스피어를 만든 다음 흔들거나 흩뿌려 대량생산하는 반면, 인벤티지랩은 ‘미세유체방법(마이크로플루이딕)’ 기술로 입자를 하나하나 만드는 방식이다. 김주희 인벤티지랩 대표는 “이론적으로는 이러한 기술로 생산한 마이크로스피어가 훨씬 고품질인 동시에 대량생산하기 어렵지만 인벤티지랩은 의약품 제조품질관리기준(GMP) 수준의 대량생산 기술을 내재화해 차별화된 경쟁력을 갖췄다”며 “지난해 인수한 큐라티스 공장에 장기지속형 주사제 생산라인 구축을 완료했고, 곧 시생산에 들어간다”고 밝혔다.",2026-02-24
"""육천피→칠천피→팔천피""…하루마다 달라지는 눈높이 [분석+]",https://n.news.naver.com/mnews/article/015/0005254127,"증권사 잇따라 코스피 눈높이 올려 ""반도체 이익 견조…상법개정 등 우호적 환경"" ""거버넌스 개혁·주주환원 제고 등 뒷받침돼야"" 23일 서울 중구 하나은행 딜링룸 /사진=연합뉴스 증권가(街)가 코스피지수 전망치 상단을 빠르게 높이고 있다. 국내 증시를 지탱하고 있는 반도체 기업들의 이익 눈높이가 견고한 데다 피지컬 인공지능(AI) 부각, 상법 개정 등 증시에 우호적 환경들이 조성되고 있다는 판단에 따른 것으로 풀이된다. 노무라증권은 23일 '한국 전략' 보고서에서 올 상반기 코스피지수 목표치를 7500~8000으로 상향 조정했다. 이는 올해 예상 주가수익비율(PER) 12.0∼13.0배, 주당 장부가액 비율(P/BV) 2.1∼2.2배, 자기자본이익률(ROE) 18.6%를 적용한 수치다. 범용 메모리와 고대역폭메모리(HBM) 슈퍼사이클, AI 설비투자 밸류체인과 방산 업종의 견조한 실적, 피지컬 AI 테마 재평가 등 4가지가 지수를 견인할 것으로 전망했다. 노무라는 실적 면에서 올해와 내년 코스피의 주당순이익(EPS) 증가율을 각각 129%와 25%로 예상했다. 지난 1월 제시한 96%와 23% 대비 상향된 수치다. 특히 메모리 기업들이 전체 순이익에 기여하는 비중이 각각 64%와 71%를 차지하며 코스피 이익 증가를 주도할 것으로 내다봤다. 노무라뿐만 아니라 국내외 증권사들은 최근 일제히 코스피 전망치 상단을 높이고 있다. 실제 NH투자증권이 지난 5일 코스피 목표치를 7300으로 높여 잡은 데 이어 한국투자증권은 코스피 밴드 상단을 기존 5650에서 7250으로 대폭 올렸다. 하나증권은 지난 19일 코스피 지수 상단을 7900까지 높여 잡았다. 글로벌 투자은행인 JP모건은 7500, 씨티그룹은 7000으로 상향했다. 이재만 하나증권 연구원은 ""지난해 12월 말 2026년 코스피 순이익 전망치는 330조원에서 올해 2월 457조원으로 상향 조정됐다""며 ""특히 코스피 순이익 추정치 상향 조정의 96%를 차지하는 반도체는 같은 기간 동안 137조원에서 259조원으로 상향 조정됐다""고 말했다. 이 연구원은 ""반도체의 경우 2년 이상 연속으로 순이익 증가 연도의 주가수익비율(PER) 고점 평균은 12.1배""라며 ""12개월 예상 순이익에 해당 PER을 적용할 경우 이론적 시가총액은 3225조원으로 증가하고 2월 현재 대비 74.8%의 상승 여력이 있다""고 분석했다. 주식시장 가치 재평가(밸류에이션 리레이팅)에 긍정적인 환경을 조성할 수 있는 유동성 증가도 이어지고 있다. 한화투자증권이 집계한 은행 저축성 예금 잔액은 지난해 12월 한 달 동안 42조원 감소했다. 연말에는 보통 계절적 요인으로 20조원가량 줄어드는 것이 일반적이지만, 이를 감안해도 20조원 이상 추가 유출이 발생한 셈이다. 이 자금은 대부분 주식시장에 흘러든 것으로 추정된다. 금융투자협회에 따르면 투자자 예탁금은 사상 처음으로 100조원을 넘어 지난 2일 기준 111조2970억원으로 집계됐다. 코스피 일평균 거래대금도 지난해 12월 14조4000억원에서 올 1월 27조1000억원으로 한 달 만에 약 88% 증가했다. 이후에도 거래대금 증가세는 이어지는 추세다. 이달 코스피 일평균 거래대금은 29조3338억원으로 집계되면서 30조원을 눈앞에 두고 있다. 이는 지난달보다 8.4% 늘어난 수준이며, 전년 동월과 비교하면 약 140% 증가한 규모다. 안현국 한화투자증권 연구원은 ""기존 주식시장 내 자금 이동이 아니라 새로운 자금 유입에 대한 기대를 가져볼 수 있다""고 설명했다. 이 연구원도 ""글로벌 유동성(12개국 광의통화 'M2' 합산)은 118조달러로 사상 최고치를 경신하고 있다""며 ""국내 고객 예탁금도 103조원으로 사상 최고 수준을 유지하고 있다""고 설명했다. 다만 증시 체질 개선을 위해선 추가적인 주주환원 제고와 거버넌스 개혁 등 제도적 뒷받침이 필요하다는 분석도 제기된다. 신디 박 노무라증권 연구원은 ""상장사들은 낮은 자기자본이익률(ROE), 과도한 현금 보유, 비핵심 자산 보유 문제를 어떻게 개선할지와 함께 주주환원을 강화하기 위한 구체적 계획을 제시해야 한다""고 말했다. 또 ""중복 상장으로 한국 지주회사의 순자산가치 대비 할인율은 50% 이상으로 주요 해외 시장의 약 30% 수준보다 높은 편""이라며 ""한국이 밸류업(기업가치 제고) 노력을 지속하려면 중복상장 구조를 단계적으로 해소하는 것이 핵심 과제 중 하나가 돼야 한다""고 덧붙였다.",2026-02-23
"""난 좀 다른 서학개미""…'미국+α' 분산투자했더니 통했다",https://n.news.naver.com/mnews/article/215/0001242742,"유럽증시, 매주 100억弗 몰려 영·프·독 증시 '사상 최고치' 미국 증시가 인공지능(AI) 랠리 후 숨을 고르는 사이 유럽 주요국 증시가 사상 최고치 랠리를 보이고 있다. 미 증시 대비 저평가 매력에 기술주 대안 투자, 경기부양 등의 모멘텀을 업고 글로벌 자금도 집중되는 추세다. 23일 런던증권거래소에 따르면, 영국 증시의 대표지수인 FTSE100 지수는 올해 들어 7.39% 올랐다. 같은 기간 범유럽 지수인 유로스톡스50은 4.80% 상승했고 프랑스 CAC40 지수와 독일 DAX도 각각 3.91%, 2.94% 올랐다. 이는 미국의 S&P500(0.74%)과 나스닥(-1.5%)을 뛰어넘는 결과다. 유로스톡스50, CAC40, DAX 모두 올해 사상 최고치를 기록했다. 상장지수펀드(ETF)와 뮤추얼펀드 자금을 추적하는 EPFR 자료에 따르면 유럽 주식시장에 2주 연속으로 역대 최고인 약 100억달러(약 14조4천억원)가 유입됐다. 이런 추세면 2월에 월간 기준으로 사상 최고치를 기록할 것으로 전망된다. ETF닷컴 집계 기준 미국에 상장된 유럽주식형 ETF에도 지난 1주일 사이 8억4,437만달러가 순유입됐다. 우선은 부담 없는 밸류에이션(실적 대비 주가 수준)이 강점으로 작용한 것으로 풀이된다. 그간 급등한 미국 증시에 비해 유럽 증시에 기회가 있다는 평가다. 금융정보업체 LSEG에 따르면 현재 유로스톡스50의 평균 주가수익비율(PER)은 약 18배 수준으로, 27배에 달하는 나스닥과 비교하면 30%가량 낮다. 기술주 비중이 작다는 고질적인 약점은 AI 과잉 투자 리스크를 겁내는 시장 분위기에선 강점으로 작용했다. 미국 기술주 노출을 줄이려는 투자자가 늘고 유럽 경제 자체에 대한 비관론이 완화된 것이다. 금융, 천연자원을 비롯한 전통적인 산업 부문이 강세인 영국 파이낸셜타임스 스톡익스체인지(FTSE) 100 지수는 올해 들어 7% 넘게 올랐는데, 런던증시 상장사인 칠레의 광산기업 안토파가스타는 구리와 리튬 가격 급등에 힘입어 이 기간 22.48% 올랐다. 방산주는 지난해의 상승세를 올해도 이어가고 있다. 독일 라인메탈 주가는 올해 들어 약 10% 상승했고, 지난 1년 사이 배로 올랐다. 영국 BAE시스템스도 지난 1년간 70% 넘게 상승했다. 섀런 벨 골드만삭스 선임 주식전략가는 ""많은 세계 투자자가 비싼 미국 시장에서 벗어나 다변화를 원한다""며 ""유럽은 기술주 중심이 아니라 다른 투자 기회를 제공한다""고 설명했다. 올해 하반기로 갈수록 유럽 기업들의 이익 규모가 커질 것이란 기대도 있다. 블룸버그에 따르면 유럽 주요 기업 600곳의 전년 동기 대비 주당순이익(EPS) 증가율은 지난해 상반기 0%대에서 올해 1분기 4.1%, 2분기엔 7.0%로 증가한 뒤 올 3분기엔 11.2%, 4분기에는 17.2%로 급격히 늘어날 전망이다. 비타 맨테이 씨티은행 유럽글로벌 주식 전략팀장은 ""유럽 주식에 대한 관심은 비기술 부문으로의 전환과 주요국내 경기 부양책에 힘입은 것""이라고 말했다.",2026-02-23
“최악 관세 위협은 벗어났다”...반도체·자동차 ‘방긋’,https://n.news.naver.com/mnews/article/009/0005640834,"코스피 장중 5900 넘기도 20만전자·100만닉스 눈앞 日·中 휴장…홍콩증시 급등 코스피는 23일 한때 5931.86까지 치솟으며 사상 최고치를 또 한 번 갈아치웠다. 종가 기준으로도 사상 최고치를 경신한 중구 하나은행 본점 딜링룸 전광판에 코스피 종가가 표시돼 있다. [뉴스1] 미국 연방대법원이 도널드 트럼프 행정부의 상호관세를 위법으로 판결하면서 국내 자동차와 반도체 등 주요 수출 관련주가 일제히 강세를 보였다. 인공지능(AI) 호황에 따른 부품 수요 급증까지 맞물리며 코스피는 장중 역대 최고점을 경신했다. 23일 한국거래소에 따르면 코스피는 한때 5931.86까지 치솟으며 사상 최고치를 갈아치웠다. 기관·외국인 투자자의 차익 실현 매물이 나오며 전일 대비 0.65% 오른 5846.09로 장을 마감했다. 트럼프 행정부의 관세 정책에 제동이 걸렸다는 판단에 대표 수출주에 대한 투자심리가 개선된 모습이다. 삼성전자는 전 거래일 대비 1.53% 오른 19만3000원에 장을 마쳤다. 장중 19만7600원까지 오르며 ‘20만전자’를 목전에 뒀다. SK하이닉스도 한때 98만원을 터치하며 사상 최고가를 기록했다. 현대차는 직전 거래일 대비 2.75% 오른 52만3000원, 기아는 0.52% 상승한 17만2700원으로 장을 마감했다. 양사는 지난해 관세 부과로 인해 7조원 이상의 비용 부담을 떠안은 바 있다. 증권가에서는 이번 판결로 관세 불확실성이 일부 해소됐다는 평가가 나온다. 박상현 iM증권 연구원은 “도널드 트럼프 대통령의 관세 정책이 구조적으로 약화했다는 점은 미국 외 국가의 주식 시장에는 호재로 작용할 것”이라고 짚었다. 다만 김대준 한국투자증권 연구원은 “상호관세가 다른 관세로 대체되더라도 반도체, 자동차 등 품목관세는 유지되므로 미국의 추가 대응 여부를 점검할 필요가 있다”고 말했다. 시가총액 상위 기업들의 실적 전망은 탄탄하다. 이날 대신증권은 삼성전자의 연간이익 전망치를 201조원으로 제시하며 목표주가를 국내 최초로 27만원으로 올려 잡았다. 다올투자증권은 현대차 목표주가를 64만원에서 74만원으로 대폭 상향했다. AI 산업 확장에 힘입어 전력기기 부품 업종도 급등했다. 이날 대한전선은 4.1% 오른 3만4250원으로 마감했으며 장중 3만5650원으로 52주 신고가를 경신했다. 삼성전기(13.13%)와 HD현대일렉트릭(5.54%)도 가파른 상승 곡선을 그렸다. 글로벌 빅테크의 AI 투자 확대로 핵심 부품인 적층세라믹커패시터(MLCC) 가격 상승 흐름이 확산된 영향이다. 업계 1위 무라타가 가격 인상을 검토 중인 가운데 엔비디아의 차세대 서버에 탑재될 MLCC 수량이 기존 대비 30% 이상 증가할 것으로 추정되면서 관련 기업들의 실적 기대감이 고조되고 있다. 한편 관세 무효 판결로 인한 훈풍은 아시아 시장 전반에 영향을 줬다. 이날 일본과 중국 본토 증시가 휴장한 가운데 홍콩 항셍지수는 중국 기업들에 대한 불이익 해소 기대감에 2.64% 상승했다. 대만 자취엔지수도 0.5% 올랐다. 트럼프 대통령이 판결 직후 모든 수입품에 10~15%의 임시관세를 부과하는 행정명령에 서명하며 맞불을 놨지만 시장은 일단 최악의 관세 시나리오에서는 벗어난 것으로 평가하고 있다.",2026-02-23
사모대출에 공격 투자했는데…국내 기관들 리스크관리 '경고등',https://n.news.naver.com/mnews/article/018/0006223067,"[경고등 켜진 글로벌 사모대출]  ② 금감원 '블루아울 사태'에 국내 증권사 긴급 점검 공격적 확대 나서던 국내 LP들도 ‘속도 조절’ 조짐 아직 부도율은 2%대 유지…'그림자 부도'는 경계해야 이 기사는 2026년02월23일 19시10분에 마켓인 프리미엄 콘텐츠 로 선공개 되었습니다. [이데일리 마켓in 지영의 허지은 기자] 글로벌 사모대출 시장의 거물 블루아울캐피탈(Blue Owl Capital)이 분기별 환매 프로그램을 종료하겠다고 선언하면서 국내 기관투자자(LP) 사이에서 긴장감이 감돌고 있다. 고금리 환경 속 사모대출이 ‘중위험 중수익’ 대안으로 급부상하는 과정에서 국내 투자자들도 비중을 크게 늘렸기 때문이다. 금융감독원은 관련 리스크 점검을 위해 국내 증권사들을 대상으로 사모대출 투자 리스크 개별 점검에 착수하는 등 파장을 예의주시하고 있다. 23일 투자은행(IB) 업계에 따르면 금융감독원은 지난 19일 블루아울 환매 중단 사태가 불거진 직후 국내 주요 증권사들을 개별 소환해 사모대출 투자 현황과 리스크 관리 체계를 긴급 점검했다. 블루아울 관련 상품 판매 여부와 익스포저 규모, 재간접 투자 구조, 환매 조건 등을 제출받아 노출 수준을 파악한 것으로 전해졌다. 당국은 당분간 사모대출 시장의 변동성이 확대될 가능성이 있는 만큼 신규 투자와 자금 운용을 통제 가능한 범위 내에서 관리할 것을 주문한 것으로 알려졌다. 금감원은 지난해 자동차 부품업체 퍼스트브랜즈의 파산 등 미국 내 사모대출 차주의 부실 사례가 잇따르면서 관련 리스크를 예의주시해온 것으로 전해졌다. 이번 점검 역시 특정 상품의 부실 여부를 넘어서 국내 금융권 전반의 사모대출 노출도를 선제적으로 점검하는 성격이 짙다. 블루아울 사태를 계기로 증권사뿐 아니라 자산운용사, 보험사, 연기금·공제회 등 기관투자자 전반에서 사모대출 포트폴리오에 대한 재점검 기조가 이어질 가능성이 크다는 관측이 나온다. [그래픽=이데일리 김일환 기자] 사모대출, 5년 만에 몸집 2배…'대안 자산'으로 급부상 사모대출 시장은 지난 수년간 은행 규제 강화의 반사이익을 누리며 빠르게 성장했다. 대체투자시장 분석업체 프레킨(Preqin)에 따르면 글로벌 사모대출 시장 운용자산(AUM)은 2020년 1조2204억달러(약 1758조)에서 지난해 2조2801억달러(3285조, 추정치)로 불어났다. 2030년에는 4조5040억달러(약 6490조)까지 확대될 것으로 전망된다. 고금리 기조 속 변동금리 구조를 갖춘 직접대출은 금리 상승기에 수익 방어력이 높다는 평가를 받았다. 중견·중소기업을 대상으로 한 선순위 담보 대출이 중심이어서 손실 가능성도 제한적이라는 인식이 확산됐다. 국내 LP들 사이에서 사모대출은 '중위험 중수익' 자산으로 자리매김하며 자산배분 전략의 핵심 축으로 급부상했다. 관련 투자 비중 목표치를 크게 상향 조정하고, 전담 조직을 신설 및 확장하는 기조가 이어졌다. 실제 국민연금은 지난해 사모대출 투자팀을 신설하며 전담 조직을 구축했다. 사학연금은 지난 2024년 20% 수준이던 사모대출 비중을 1년 만에 40%까지 확대했다. 행정공제회 역시 부동산 투자 비중을 줄이는 대신 사모대출팀을 2개로 확대 개편하고 국내·해외로 투자처를 이원화했다. 오는 2029년까지 사모대출 비중을 33.5%까지 끌어올리겠다는 로드맵도 마련해 둔 상태였다. 블루아울, 환매 '전면 중단' 아니지만…유동성 리스크 확인 문제는 사모대출이 본질적으로 비유동성 자산이라는 점이다. 블루아울은 지난 19일 사모신용 펀드인 ‘OBDC II’에 대해 분기마다 순자산가치(NAV)의 약 5% 한도 내에서 환매를 허용하던 프로그램을 종료한다고 발표했다. 환매를 전면 금지한 것은 아니지만, 투자자들이 분기마다 일정 한도 내에서 예측 가능하게 자금을 회수할 수 있었던 구조가 사라진 셈이다. OBDC II의 주요 자산은 중견·중소기업 대상 직접대출로, 대부분 비상장 기업에 묶인 장기 대출채권이다. 평시에는 분기별 환매 조건이 문제가 되지 않지만, 환매 신청이 반복적으로 한도를 초과하는 순간 자산 만기 구조와 투자자의 현금 회수 기대 사이의 괴리가 드러날 수밖에 없는 구조다. 블루아울 주가는 환매제한을 발표한 직후 52주 신저가를 기록했다. 회사 측은 즉각적인 현금 확보를 위해 일부 크레딧 펀드 자산을 원금의 99% 수준에서 매각하며 유동성 확보에 나섰다. 시장에서는 이번 사태가 개별 펀드의 구조적 조정에 불과하다는 분석과 함께, 사모대출 시장 전반의 유동성 리스크를 드러낸 사건이라는 평가가 엇갈린다. 부도율은 2%대…'그림자 디폴트' 우려는 변수 현재까지 부도율이 급격히 치솟은 상황은 아니다. 미국 로펌 프로스카우어 로즈가 집계한 사모대출 부도율은 지난해 4분기 2.46%로, 3분기(1.84%) 대비 소폭 상승하는 데 그쳤다. 다만 일각에서는 '그림자 파산' 가능성을 우려한다. 사모대출에서는 차주의 현금 흐름이 악화될 경우 이자 지급을 유예하는 대신 원금에 가산하거나 추가 채권을 발행하는 '현물지급(PIK·Payment in Kind)' 옵션을 활용하는 경우가 적지 않기 때문이다. 겉으로 드러난 공식 부도율은 낮지만, 만기 연장이나 계약 조건 조정 등을 통해 부실이 이연되고 있을 가능성도 배제할 수 없다는 지적이다. 한 LP 고위 관계자는 ""일반적인 대출 투자건은 재무약정을 통해 차주의 부채비율이나 추가 차입을 제한하는데, 최근 급증한 사모대출 구조들을 보면 대체로 재무약정이 느슨하거나 사실상 없는 경우가 많아지고 있다""며 ""이런 경우 파산 시 안전판 확보가 아예 없어서 투자 확대에 신중해질 수밖에 없는 환경""이라고 말했다. 숨고르기 국면…전면 축소보단 리스크 재점검 미국 시장에서 불거진 환매중단 사태로 당장 사모대출 투자가 급격히 줄어들 가능성은 크지 않다는 분석도 나온다. 국내 연기금과 공제회 등이 투자한 사모대출은 대부분 일정 기간 자금을 묶어두는 폐쇄형 구조로, 중간에 투자금을 회수하기 어려운 장기 자금이기 때문이다. 분기마다 환매가 가능한 일부 해외 상품과 달리 단기간에 자금이 빠져나갈 가능성은 제한적이라는 설명이다. 다만 국내 기관투자자들 역시 공격적 확대 기조를 이어가기보다는 당분간 리스크 관리 체계를 재점검하는 숨고르기 국면에 들어갈 것이라는 전망이 우세하다. IB업계 관계자는 ""이번 사태를 계기로 투자 심리가 다소 위축될 수는 있지만, 곧바로 출자 계획을 전면 중단하는 흐름으로 이어지진 않을 것""이라며 ""다만 신규 출자 심사는 보다 보수적으로 이뤄질 가능성이 높다""고 말했다.",2026-02-23
“엔비디아 무지성 매수는 옛말”…미국판 삼전닉스 담는 서학개미들,https://n.news.naver.com/mnews/article/009/0005640827,"AI 선도주 ‘매그니피센트 7’ 서학개미 무조건 편애 옛말 올해 美주식 매수세 확대에도 메타·애플·테슬라 대거 처분 마이크론·샌디스크 쓸어담아 매그니피센트7(M7) [챗GPT] 미국 증시를 대표하는 빅테크 ‘매그니피센트7(M7)’에 대한 서학개미의 편애가 식어가고 있다. M7을 전방위적으로 매수하던 과거와는 달리, 인공지능(AI) 산업 동향을 살피며 발 빠른 포트폴리오 조정에 나서는 모습이다. 서학개미는 연초 엔비디아만 1조원 가까이 팔아치우고, 메모리 반도체 주식을 대규모로 사들였다. 23일 한국예탁결제원에 따르면 개인들이 주축인 국내 일반투자자의 올해 M7 매수세는 지난해보다 약해졌다. 올 들어 지난 20일까지 M7 종목 7개(알파벳은 A주 기준)를 14억2198만달러(약 2조원)어치 순매수해, 지난해 16억3571만달러(약 2조3000억원)보다 10% 넘게 줄어든 모습을 보였다. 개별 종목은 시황에 따라 일시적으로 서학개미의 매수세가 늘거나 줄 수 있지만, 서학개미가 미국 주식 투자를 전반적으로 늘리고 있는데도 M7 매수세가 줄어드는 것은 흔치 않은 패턴이다. 이 기간 서학개미의 미국 주식 순매수액은 64억달러(약 9조3000억원)에서 89억달러(약 12조9000억원)로 증가했다. 서학개미는 올해 M7 중 세 종목을 순매도했다. 엔비디아(6억2729만달러)를 가장 많이 처분했고, 메타(3억238만달러)와 애플(1090만달러)도 순매도했다. 나머지 4곳은 순매수했지만 테슬라 순매수액은 지난해의 절반 수준(6억7381만달러)으로 급감했다. 테슬라는 실적 대비 주가 수준이 과도하게 높다는 지적을 받으면서도 서학개미의 ‘최애’ 주식으로 군림해왔으나 올해는 실적이 견고한 알파벳(10억8518만달러)보다 순매수액이 밀린다. 이는 서학개미의 투자 스타일 변화를 시사한다. 1년 전까지만 하더라도 서학개미들은 M7에 깊은 신뢰를 보였다. 오죽하면 한국은행이 ‘개인투자자의 해외 주식 투자는 M7 등 인지도가 높은 종목에 쏠려 있다’고 지적할 정도였다. 이정욱 타임폴리오자산운용 ETF운용본부 부장은 “고수익을 추구하는 서학개미는 AI 산업의 성장에 따라 M7보다 더 큰 성장이 기대되는 종목들로 넘어가는 흐름”이라며 “M7은 이제 위험자산 가운데 상대적 안전자산”이라고 평가했다. M7은 2023년 이후 폭발적인 주가 상승과 높은 인지도로 인해 글로벌 투자자들의 큰 관심을 받았다. 마이클 하트넷 뱅크오브아메리카 전략가는 이들 7개 기업이 AI 경쟁에서 독점적 우위를 가지고 있다고 강조하며 과거 유행했던 ‘FAANG’(페이스북·애플·아마존·넷플릭스·구글) 대신 M7이라는 용어를 새로 만들었다. M7은 지난해 10월까지만 해도 뉴욕증시 상승세에서 가장 크게 튀어오르며 그 명성을 입증했지만, 이후로는 주가가 횡보하고 있다. 연초 서학개미는 엔비디아를 1조원 가까이 순매도하며 AI 산업 주도주의 교체 가능성을 열어뒀다. 그 대신 매수세가 향한 곳은 메모리 반도체 기업들이다. 서학개미는 이 기간 마이크론(4억6692만달러)과 샌디스크(5억5587만달러)에 대규모 순매수 자금을 퍼부었다. 최근 AI 투자의 병목 현상이 그래픽처리장치(GPU)보다 메모리 반도체에서 심해질 것으로 예측되며 국내에서 삼성전자와 SK하이닉스가 초강세를 보이자, 서학개미도 발 빠른 순환매에 나섰다. 또한 서학개미는 AI 투자에 의문부호가 남는 메타도 대규모로 순매도했다. 최근 AI에 사활을 걸고 있는 메타는 아마존과 마이크로소프트처럼 대규모 자금을 AI 데이터센터에 투자하고 있지만, 수익화 전망과 관련해 불확실성이 큰 편이다. 마이크로소프트와 아마존도 AI 과잉 투자 우려가 지적되지만 최근 주가가 크게 조정받거나 횡보세가 길어 연초 저가 매수 수요가 컸다.",2026-02-23
"""글로벌 선사 울 때 HMM만 웃었다""…올해도 수익성 우위 전망",https://n.news.naver.com/mnews/article/215/0001242738,"[와우퀵] 투자정보 플랫폼 이재혁 LS증권 연구원은 23일 한국경제TV에 출연해 ""HMM의 영업이익 역량은 글로벌 경쟁사와 비교해도 압도적인 수준""이라며 ""주요 컨테이너 선사들이 적자로 돌아선 구간에서도 두 자릿수 영업이익률을 유지했다""고 말했다. 이 연구원은 ""일본 오션네트워크익스프레스(ONE), 덴마크 머스크 등 글로벌 선사들이 4분기 일제히 적자 전환했다""며 ""컨테이너 시황이 좋지 않은 상황에서도 HMM만 견조한 이익을 낸 것은 비용 구조와 운임 대응력에서 차별화된 결과""라고 설명했다. 그러면서 ""올해 전후로 글로벌 선사들이 앞다퉈 도입한 초대형 선박이 본격 투입되면 감가상각비 부담이 크게 늘어날 것""이라며 ""시황 부진과 감가상각비 확대가 겹치면 해외 선사들의 실적이 빠르게 약화될 수 있다""고 지적했다. 이 연구원은 ""HMM은 9,000TEU급 컨테이너선 일부를 제외하면 대형 선박 인도가 대부분 2028년 이후로 밀려 있어 단기 감가상각 부담이 상대적으로 적다""며 ""올해 컨테이너 시황이 다소 부진하더라도 영업이익 방어력이 높고 선비(선박 관련 비용) 상승분도 다른 선사보다 잘 상쇄할 수 있어 수익성 우위를 이어갈 가능성이 크다""고 전망했다. ● 핵심 포인트 - HMM은 컨테이너 시황이 부진한 구간에도 두 자릿수 영업이익률을 올리며 이익 방어력이 두드러졌다고 평가함. - 글로벌 주요 컨테이너 선사들이 4분기 적자 전환한 가운데, HMM만 견조한 이익을 낸 배경으로 비용 구조와 운임 대응력이 거론됨. - 올해 전후 초대형 선박 투입이 본격화되면 감가상각비 부담이 커져, 해외 선사 실적이 빠르게 약화될 수 있다는 관측임. - HMM은 대형 선박 인도가 대부분 2028년 이후로 예정돼 단기 감가상각 부담이 낮아, 올해도 수익성 우위를 이어갈 가능성 제기됨. ● 방송 원문 <앵커> 해운 업종 이야기를 해볼 텐데 팬오션이랑 HMM 모두 지난해 4분기 실적이 굉장히 좋았습니다. 특히 HMM의 이익 역량을 압도적이라고 표현을 하셨던데 이건 어떤 이유 때문일까요? <이재혁 LS증권 연구원> 보통 땅에서의 국경은 이곳저곳 다 있죠. 하지만 물길은 결국 종래에는 심지어 강까지 다 하늘로 이어져 있다고 이야기를 많이 합니다. 해운 선사 같은 경우에도 일반적으로 국적이 없다고 이야기를 하고 다시 말해서 어떤 나라에 소속되어 있느냐에 따라서 영업이익에 대한 창출 역량이 크게 차이 나지 않는데 이번 4분기 실적을 보시면 일본의 오션네트워크익스프레스라든지 덴마크의 머스크와 같은 글로벌 주요 컨테이너 선사가 모두 적자 전환을 했어요. 그런데 HMM 같은 경우에는 여전히 두 자릿수 영업이익률을 견조하게 유지하고 있는 상태여서 대단히 압도적인 영업이익 역량을 가지고 있다고 봤는데 이 내용이 26년도로 넘어가면서 글로벌 선사가 너도 나도 다들 초대형 선박을 하나둘 앞다퉈어 다 인도받게 되거든요. 그런데 이들 자산을 계속해서 편입을 하다 보면 필연적으로 감가상각비 부담이 확대되게 됩니다. 다만 HMM은 올해까지는 큰 규모의 선대가 900TEU급의 컨테이선은 일부 인도받는 거 제외하면 대부분이 다 28년도 이후에 들어오거든요. 다시 말해서 올해 연중 컨테이너 시황은 다소 안 좋을 것으로 보고 있어요. 그 속에서 글로벌 경쟁 선사들은 여기에 이중고로 감가상각비가 더해지면서 빠르게 실적이 주저앉을 텐데 HMM은 자체적인 영업이익 보전 영향도 좋고 거기에 더불어서 선비가 올라가는 비용 영향 역시도 타 선사에 대비해서 견조하게 상쇄할 수 있다, 이렇게 기대하고 있는 내용이 있습니다.",2026-02-23
코스피 불장 놓친 개미들 … 코스닥 '빚투',https://n.news.naver.com/mnews/article/009/0005640822,"개인투자자 코스피 매수세 뚝 덜 오른 코스닥 신용융자 늘려 빚투 규모 열흘새 3천억 쑥 로봇수요 기대 2차전지 주목 에코프로비엠 838억 '베팅' '육천피'에 다가선 코스피에서 상승 흐름을 놓친 개인투자자들이 정책 기대감이 부각된 코스닥으로 몰리고 있다. 정부가 코스닥 활성화 정책을 전면에 내세우자 포모(FOMO·기회 상실 우려) 심리에 휩싸인 개인 자금이 코스닥에서 새로운 기회를 찾는 모습이다. 23일 금융투자협회에 따르면 결제일 기준으로 코스피 신용융자잔액은 지난 10일 21조1854억원으로 역대 최대치를 달성한 뒤 지난 20일에는 20조9771억원으로 2083억원 감소했다. 하지만 코스닥 종목의 신용잔액은 지난 10일부터 연일 순증하면서 20일에는 10조6613억원까지 늘어났다. 신용거래융자는 투자자가 증거금을 내고 증권사에서 자금을 빌려 주식을 매수하는 방식으로 대표적인 레버리지 투자 수단으로 꼽힌다. 개미들의 '빚투(빚내서 투자)'도 이제는 코스닥시장을 중심으로 늘어나는 모양새다. 코스닥에서 개인투자자의 빚투가 집중된 종목은 2차전지 대장주였다. 코스콤에 따르면 이달 결제일 기준 20일까지 에코프로비엠의 신용융자잔액은 838억원, 에코프로는 371억원 순증했다. 증권가에서는 로봇용 배터리 수요 기대와 리튬 가격 하향 안정화 호재 등이 상당 부분 반영됐다는 평가가 나오지만 개인투자자들은 추가 상승 여력이 남았다고 보고 베팅을 이어가고 있다. 이용욱 한화투자증권 연구원은 ""2차전지주의 주가 하방 경직성은 확보됐지만 단기적으로 강하게 반등하기도 부담스러운 박스권 구간""이라고 말했다. 연일 증시가 오르자 개인투자자들이 거래를 줄이는 현상도 코스피에서 두드러졌다. 한국거래소에 따르면 지난달 코스피에서 개인 거래대금 비중은 48.11%였지만 23일에는 45.93%로 2.18%포인트 하락했다. 외국인과 기관이 코스피 거래를 늘리면서 이달 코스피 일평균 거래대금은 29조7628억원으로 30조원대에 근접했지만 개인만 관망세로 돌아선 것이다. 개인투자자의 2월 코스닥시장 거래대금 비중은 이날 기준 68.97%로 집계됐다. 코스닥시장에서 거래대금 비중은 지난달(70.99%)보다 2.02%포인트 줄어들었으나 코스피(-2.18%포인트)에 비해 하락세가 완만했다. 2월 코스닥 상승률이 0.22%에 그치는 동안 코스피가 11.9% 치솟았음에도 개인투자자는 코스피보다 코스닥 거래에 초점을 맞추는 모양새다. 개인투자자들은 올해 변동성이 컸던 코스닥 종목을 중심으로 거래에 나섰다. 개인의 거래대금 1위 종목은 올해 들어서만 90% 넘는 상승률을 보인 에코프로로 총 2조4178억원어치를 거래했다. 2위는 원전 테마로 묶이면서 올해 주가가 4배 이상 오른 우리기술이었다. '오천피'를 놓친 개인투자자들이 '삼천닥'에 기대를 걸고 코스닥 투자 비중을 계속해서 키울 것이라는 전망도 나온다. 정부는 출범 이후 증시 활성화의 1차 목표였던 코스피 5000을 달성하자 코스닥 3000을 새로운 목표로 제시하며 정책 드라이브를 이어가고 있다. 더불어민주당 코스피5000특별위원회는 지난달 이재명 대통령과 진행한 청와대 오찬에서 ""다음 목표로 코스닥 3000을 달성해야 한다""는 의견을 전달한 것으로 전해진다. 금융당국도 지난해 12월 '코스닥 신뢰·혁신 제고 방안'을 내놓은 데 이어 이달에는 '부실기업 퇴출을 위한 상장폐지 방안'을 발표하며 코스닥시장 건전성 제고에 속도를 내고 있다. [김정석 기자]",2026-02-23
"""가격 낮춰도 매수자들 망설여요"" 과천 등 펄펄 끓던 준강남도 꺾였다",https://n.news.naver.com/mnews/article/057/0001936606,"【 앵커멘트 】 다주택자에 대한 전방위 압박으로 강남 아파트만 가격이 떨어지는 게 아닙니다. 풍선 효과로 들썩이던 과천이나 분당 등도 상승세가 줄줄이 꺾이고 있는데, 가격을 낮춰도 더 떨어질거란 기대감에 거래가 주춤하다고 합니다. 배준우 기자가 취재했습니다. 【 기자 】 경기 과천시의 3천 세대 규모 아파트입니다. 전용면적 84㎡가 지난해 10월 23억 원까지 거래됐지만, 최근엔 21억 원으로 2억 원 정도 낮춰 매물이 올라와 있습니다. ▶ 인터뷰(☎) : 인근 공인중개사 - ""5월 9일 전에 계약을 해야지 이 가격이고. 4월 10일경까지는 토지 거래 약정금이 들어가서 하려면 지금 좀 많이 급한 거예요."" 양도세 중과 재시행 전에 가격을 낮춰서라도 팔려는 다주택자 매물이 쌓이며 아파트값 상승세가 꺾인 겁니다. ▶ 스탠딩 : 배준우 / 기자 - ""과천 아파트값은 지난해 20%가 올라 경기도에서 가장 많이 올랐는데요. 강남 3구보다도 높은 수치였습니다. 하지만 지난주엔 21개월 만에 하락세로 돌아섰습니다."" 이곳만 그런 게 아닙니다. 분당과 수지 등 준강남으로 불리며 강남보다 더 올랐던 경기도 상급지 아파트값도 다소 주춤하는 모습입니다. 몸값을 낮춘 매물이 늘고 있지만, 대출 규제 속 더 떨어질 거란 기대감에 매수인들은 선뜻 매수에 나서지 않고 있습니다. ▶ 인터뷰 : 박합수 / 건국대학교 부동산대학원 겸임교수 - ""기한 안에 매도를 해야 되는 촉박함에 매물이 나오는 상황이고 3월 내내 가격을 놓고 줄다리기가 예상된다고 할 수 있습니다."" 양도세 중과를 피할 수 있는 사실상의 마지노선인 4월 중순까지 매도자와 매수인 간의 치열한 눈치싸움은 당분간 이어질 전망입니다. MBN뉴스 배준우입니다. 영상취재 : 김회종 기자 영상편집 : 박찬규 그래픽 : 최지훈",2026-02-23
"[단독] 크레센도, HPSP 지분 9% 추가 블록딜",https://n.news.naver.com/mnews/article/009/0005640816,지난달 약 10% 1차 블록딜 추가로 3000억원 회수할 듯 [본 기사는 02월 23일(19:01) 매일경제 자본시장 전문 유료매체인 ‘ 레이더M ’에 보도 된 기사입니다] 반도체 전공정 장비 기업 HPSP 최대주주가 보유지분 약 9%를 시간외대량매매(블록딜)로 추가 처분한다. 지난 1월 블록딜에 이은 2차 블록딜로 규모는 약 3253억원 수준이다. 23일 투자은행(IB) 업계에 따르면 히트2025홀딩스 유한회사는 이날 장마감 후 HPSP 보유 지분 29.10%(2444만주) 가운데 9.05%를 블록딜로 처분하기 위해 수요예측에 들어갔다. 주당 매각 가격은 4만1600~4만2800원으로 이날 종가(4만5000원) 대비 4.9~7.6% 할인율을 적용했다. 블록딜 주관은 외국계 IB인 UBS가 맡았다. 히트2025홀딩스는 사모펀드(PEF) 운용사인 크레센도에쿼티파트너스가 HPSP 투자를 위해 설립한 특수목적법인(SPC)이다. HPSP는 2017년 크레센도의 투자를 받아 설립됐다. 반도체 선공정에 필수적인 고압수소어닐링(HPA) 장비를 전 세계에서 유일하게 공급하고 있다. 삼성전자·SK하이닉스 등을 고객사로 두고 있다. 설립 당시 크레센도는 포레스토6호 펀드를 활용해 약 100억원을 들여 HPSP 지분 51%를 사들였다. 이후 2022년 코스닥시장에 HPSP를 상장시켰다. 크레센도 측은 지난 2024년 말부터 UBS를 주관사로 선정하고 보유 경영권 지분 전량 매각을 추진해왔지만 대미 관세를 비롯한 대내외 불확실성이 겹치면서 매각을 순연했다. 이후 지난 1월 당시 보유하고 있던 HPSP 지분 39.28%(3280만주) 가운데 10.01%(836만주)를 블록딜로 덜어냈다. 당시 3만9000원대 수준이던 HPSP 주가는 반도체 훈풍에 힘입어 현재 4만원대 중반까지 반등한 상황이다.,2026-02-23
투심 꺾는 중복상장… 비율 18%에 이르러 증시 정상화 걸림돌,https://n.news.naver.com/mnews/article/005/0001833455,"[K증시 프리미엄을 향해서] 기업들의 손쉬운 자금조달 수단 주주 손해·지배구조 불신 높여 한국 증시가 연초부터 가파르게 상승하는 데는 코리아 디스카운트(한국 증시 저평가) 해소가 맞물려 있다. 주주 이익이 제고되는 시장 환경의 변화가 투자자를 끌어모으는 요인으로 꼽힌다. 하지만 이런 상황에서도 멈추지 않는 게 ‘중복상장’이다. 한국 증시의 중복상장 비율은 18%에 이른다. 이례적인 수치다. 중복상장은 소액주주 손해로 이어지고, 한국 기업 지배구조에 대해 투자자의 불신을 높여 왔다. 중복상장 관행이 사라지지 않는다면 코스피 상승 랠리 지속 가능성은 지속해서 의심받을 수밖에 없다는 지적이 나온다. 중복상장은 언제든 한국 증시의 신뢰를 훼손할 수 있는 불안요인으로 꼽힌다. 중복상장으로 모회사와 자회사가 모두 상장되면 기업 가치가 중복으로 평가(더블 카운팅)돼 모회사 주주들의 피해로 이어진다. 주요 지주사 주가순자산비율(PBR)을 보면 중복상장 리스크가 확인된다. 23일 기준 SK(0.75배), GS(0.48배), POSCO홀딩스(0.53배) 등의 지주사는 PBR이 1배에도 미치지 못한다. 이사가 직무를 수행할 때 회사는 물론 주주의 이익도 함께 고려해야 하는 내용이 상법에 포함됐지만 중복상장은 명맥을 유지하고 있다. 금융투자업계에 따르면 중복상장을 추진 중인 곳으로 SK㈜의 SK에코플랜트와 SK이노베이션의 SK플라즈마, HD현대의 HD현대로보틱스 등이 거론된다. 상장 주관사를 선정했거나 선정을 앞둔 상황이다. 최근 중복상장에 대한 비판이 커지면서 일단은 절차를 중단하거나 연기를 검토하면서 상황을 살피고 있다. 그러나 상장 계획 자체를 철회한 것은 아니다. 중복상장은 매번 소액 주주의 반발에 직면한다. 그러나 반발이 관철되는 경우는 많지 않다. LS그룹은 시장 비판에도 자회사 LS에식스솔루션즈 상장을 추진하려다 이재명 대통령이 직접 거론했다는 사실이 알려지면서야 상장 절차를 중단했다. 이 대통령은 지난달 ‘L 들어간 주식은 안 사’라는 제목의 언론 보도를 인용하면서 “이 같은 중복상장을 허용하지 말아야 한다”는 취지의 발언을 했다(국민일보 1월 23일자 6면). 시장 비판에도 국내 기업들이 중복상장을 추진하는 이유는 최대주주의 지주사 지분을 희석하거나 높은 금리로 차입하지 않아도 손쉽게 자금을 조달할 방법이어서다. 이준서 동국대 경영학과 교수는  “미래 성장을 위해 투자 재원을 마련하기 위함이라면 모회사 증자 등을 통해 마련해야 한다”고 말했다.",2026-02-23
"'아마존 물류센터 손절' 미래에셋 공모펀드, 순자산가치 추가 하락",https://n.news.naver.com/mnews/article/018/0006223040,"맵스16호, 미국 물류센터들 투자한 공모펀드 작년 美 콘코드 손절 매각…순자산가치 하락 잔여 물류센터 재평가 하니…가치 '32% 하락' 리파이낸싱 거쳐 펀드 만기 연장 안내할 예정 이 기사는 2026년02월23일 16시49분에 마켓인 프리미엄 콘텐츠 로 선공개 되었습니다. [이데일리 마켓in 김성수 기자] 미국 아마존 물류센터에 투자한 미래에셋자산운용 공모펀드의 순자산가치(NAV)가 큰 폭으로 추가 하락했다. 작년에 보유 자산 중 하나를 매입가보다 낮은 가격에 처분한 결과 투자자 지분 가치가 감소했는데, 이후 남은 2개 자산에 대한 재평가를 실시하니 가치가 더 떨어진 것. 다만 미래에셋자산운용은 매각대금 대부분을 대출원금 상환에 사용해 포트폴리오 안정성을 높였다. 보유한 2개 자산도 리파이낸싱을 거쳐 올해 초 펀드 만기 연장 등을 안내할 예정이다. 작년 美 콘코드 손절 매각…순자산가치 하락 23일 금융투자업계에 따르면 ‘미래에셋맵스미국부동산투자신탁16호’(이하 맵스16호)의 주식 순자산가치(NAV)는 최근 자산 재평가를 실시한 결과 직전평가 대비 약 31.74% 하락했다. 맵스16호는 미국 아마존 물류센터에 투자하고 운용해서 그 수익을 수익자에게 분배하는 부동산 공모펀드다. 이번에 자산 재평가를 실시한 대상은 합자회사인 '맵스 US 로지스틱스 파트너스 LP'의 펀드 보유 지분(외화주식, 99.99%)이다. 맵스 US 로지스틱스 파트너스 LP는 당초에 미국 아마존 물류센터 3개를 소유하고 있었다. 이들 물류센터는 미국 △인디애나(아마존 그린우드) △오하이오(아마존 베드포드 하이츠) △노스캐롤라이나(아마존 콘코드)에 위치해있다. ‘아마존 콘코드’ (자료=미래에셋맵스미국부동산투자신탁16호 투자설명서) 맵스16호는 셋 중 아마존 콘코드를 작년 10월 7일 매각했다. ‘아마존 콘코드’는 미국 샬롯 도심부에서 북동측으로 약 28km 거리에 위치한 신축 ‘라스트 마일’ 물류센터다. 샬롯 다운타운(도심)까지 I-85 고속도로를 통해 22분 이내 진입 가능하다. 맵스16호의 매각대금은 5195만달러(약 728억9104만원)로, 매각 관련 부대비용을 차감하기 전 금액이다. 이는 해당 자산의 매입가액이었던 6820만달러와 비교하면 약 24% 낮다. 사실상 손실을 감수한 ‘손절 매각’인 셈이다. 미래에셋자산운용은 아마존 콘코드 매각 후 이를 반영해서 작년 말 투자자산에 대한 재평가를 실시했다. 현지 매각결과를 펀드 기준가에 반영하기 위해서다. 이에 따라 맵스16호의 주식 순자산가치(NAV)가 직전 대비 약 13.2% 하락했다. 잔여 물류센터 재평가 하니…가치 '32% 하락' 이후 맵스16호는 자본시장법에 따라 투자자산에 대한 자산 재평가를 실시했다. 아마존 콘코드를 제외한 나머지 2개 자산에 대한 평가를 진행한 데다, 작년 12월 거래종결 후 리파이낸싱도 반영해서 평가한 결과다. 맵스16호는 법에 따라 1년에 1회 이상 공정가치 평가를 해야 한다. 연 1회 평가는 원래 3월 말 진행하는데, 오는 3월 수익자 총회 일정을 고려해서 평가 시기를 앞당겼다. 그런데 보유주식 순자산가치(NAV)가 직전평가 대비 약 31.74% 하락한 것으로 나타났다. (자료=미래에셋맵스미국부동산투자신탁16호) 재평가 전 맵스 US 로지스틱스 파트너스 LP 주식의 평가액은 5176만1754.91달러였으나, 재평가 이후에는 3533만3932.25달러로 낮아졌다. 이에 따른 평가손익 조정액은 1642만7822.66달러다. 재평가 금액이 변동한 원인은 현지 보유 부동산의 가치가 하락해서다. 미국 시장 금리수준 및 시장 리스크 등이 가격에 반영되면서 2개 자산의 감정평가액이 전년도인 2024년 12월 기준 금액(9950만달러) 대비 약 19% 하락한 액수(8055만달러)로 평가됐다. 시장에서는 이번 사례가 미국 물류센터 시장의 조정 국면을 단적으로 보여주는 사례라는 평가가 나온다. 미국 금리가 오른 후 물류센터 자산 가치가 조정을 받으면서, 아마존이라는 우량 임차인을 둔 자산조차 매입가를 방어하기 어려운 환경이 이어졌다는 분석이다. 미래에셋자산운용 관계자는 “매각대금 대부분을 대출원금 상환에 사용해 포트폴리오 안정성을 높였다”며 “나머지 2개 자산도 리파이낸싱을 거쳐 올해 초 펀드만기 연장 등을 안내할 예정”이라고 말했다.",2026-02-23
"주당 2만원 '배당'…MBK·영풍 ""고려아연에 제안한 주주가치 제고안 반영""",https://n.news.naver.com/mnews/article/421/0008788460,"MBK·영풍 ""책임있는 역할이 제도 결실로…남은 과제 지속"" 이사의 총 주주 충실 의무 정관 도입 및 배당 재원 확대 종로구 고려아연 본사의 모습. 2025.12.24 ⓒ 뉴스1 김진환 기자 (서울=뉴스1) 박승희 기자 = MBK파트너스와 영풍(000670)은 자신들이 제안한 주주가치 제고 방안을 고려아연(010130) 이사회가 정기주주총회 안건에 반영하기로 한 것과 관련해 ""그동안 지적됐던 지배구조 왜곡을 정상화하는 과정에서 의미 있는 전환점이 마련됐다""고 평가했다. MBK·영풍은 이날 보도자료를 통해 ""고려아연은 2026년 정기주총 안건을 확정하며 이사의 총주주에 대한 충실의무 명문화, 중간배당 재원 확보 등의 주주가치 제고와 지배구조 개선을 위한 조치들을 반영했다""며 이렇게 밝혔다. 고려아연은 이날 이사회를 열고 △이사의 총주주에 대한 충실의무 명문화 △이사회 운영 방식 개선을 주총 안건으로 확정했다. 이사회는 또 주당 2만원 현금배당 승인의 건을 주총 안건으로 확정했다. 이는 영풍·MBK 파트너스가 제안한 임의적립금 3925억원을 배당 재원(미처분이익잉여금)으로 전환하자는 제안을 넘어서는 규모다. 당초 제안은 2024년 대규모 자사주 공개매수 이후 사실상 중단된 분기배당 등 주주환원 정책을 정상화하기 위한 최소한의 조치였다. 이번 이사회 결정은 그 취지를 인정하고 보다 적극적인 배당 재원 확보로 이어진 것이다. 또한, 그동안 처리 계획발표를 미루어온 자사주도 50%를 소각하기로 하고, 나머지는 10년 동안 나누어 임직원 성과보상 목적으로 사용하기로 하는 안건도 확정했다. MBK·영풍은 이사의 총주주에 대한 충실 의무 명문화에 대해 ""그동안 경영진 중심으로 운영되어 왔다는 비판을 받아온 의사결정 구조가 주주 중심 구조로 전환되는 출발점이 마련됐다""고 평했다. 배당 재원 확대에 대해선 ""제안 규모를 넘어서는 규모로 이사회가 그 취지를 인정하고 보다 적극적인 배당 재원 확보로 이어진 것""이라고 했다. 이들은 ""이러한 변화들은 우연한 결과가 아니다""라며 ""영풍·MBK는 고려아연의 최대 주주로서 이사회 진입 이후 총주주의 이익에 충실한 이사회 활동 노력, 대규모 투자 및 자본거래 안건에 대한 사전 심의 강화, 중간배당의 실효성 확보를 위한 노력, 자사주 소각 및 배당 확대 등 일련의 거버넌스 개선 과제를 지속해서 제기해 왔다""고 설명했다. 이어 ""그 결과 이사회 운영 방식과 지배구조 개선을 통한 주주가치 제고 노력에 관한 실질적인 변화가 나타나기 시작했다""며 ""이번 정관 개정 및 배당 재원 확대는 그러한 지속적 문제 제기가 제도적 결실로 이어졌음을 보여준 것으로, 고려아연 거버넌스 개선의 이니시에이티브는 최대 주주인 영풍·MBK의 책임 있는 역할에서 비롯됐다""고 부연했다. 그러면서 ""이번 이사회 결정은 고려아연 지배구조 정상화의 종착점이 아니다""라며 ""앞으로도 이사회가 총주주 이익을 기준으로 작동하도록 하고, 주주환원이 구조적으로 실행되도록 점검하며, 이사회를 개편하는 등 남은 거버넌스 개선 과제를 지속해서 추진할 것""이라고 말했다. 다만 영풍·MBK가 제안했던 10대 1 액면분할과 집행임원제 도입 안건이 포함되지 않은 것과 관련해선 ""추가적 노력이 필요하다""고 덧붙였다.",2026-02-23
동학개미 사상 최대 ‘사자’로 트럼프 외풍 막았다… 코스피 5900 터치,https://n.news.naver.com/mnews/article/029/0003012193,"[사진=디지털타임스] 코스피 지수가 미국 상호관세 변수에도 개인 투자자의 매수세에 힘입어 종가 기준 사상 최고치를 기록했다. 장중 5900선을 넘어선 후 강세는 잦아들었지만 또 한 번 신기록을 썼다. 23일 한국거래소에 따르면 코스피는 전 거래일 대비 37.56포인트(0.65%) 상승한 5846.09원에 거래를 마쳤다. 개인이 1조3254억원을 순매수하며 지수를 떠받쳤다. 기관도 594억원을 순매수했다. 반면 외국인은 1조9847억원을 순매도했다. 시가총액 상위 종목 중에서 삼성전자와 SK하이닉스 등 반도체 대형주가 강세를 나타냈다. 삼성전자는 전 거래일 대비 1.53% 오른 19만3700원에 장을 마쳤다. SK하이닉스는 0.21% 오른 95만1000원에 거래를 마감했다. 이날 삼성전자와 SK하이닉스는 장중 19만7600원, 98만원까지 오르며 최고가를 갈아치웠다. 관세 부담 완화에 자동차주도 강세를 나타냈다. 현대차는 전 거래일 대비 2.75% 오른 52만3000원에 거래를 마쳤다. 기아는 0.52% 오른 17만2700원에 장을 마감했다. 코스닥지수는 전장 대비 2.01포인트(-0.17%) 내린 1151.99에 마감했다. 개인과 외국인은 각각 2468억원, 1710억원을 순매수한 반면 기관은 3652억원을 순매도했다. 시가총액 상위 종목도 대부분 약세를 보였다. 에코프로(-1.17%), 에코프로비엠(-2.10%), 삼천당제약(-4.20%0, 레인보우로보틱스(-2.39%), 케어젠(-3.13%) 등이 하락했다. 반면 코오롱티슈진은 6.84% 급등했고, 알테오젠(1.00%)과 에이비엘바이오(0.80%)는 강세로 장을 마감했다. 강진혁 신한투자증권 연구원은 “도널드 트럼프 미국 대통령은 상호관세 위법 판결 이후 무역법을 통해 대응했지만 시장에서는 관세 부과의 어려움을 확인하며 불확실성 해소에 무게를 두는 모습”이라고 전했다.",2026-02-23
20만전자·100만닉스 눈앞…반도체 슈퍼사이클도 힘보탠다,https://n.news.naver.com/mnews/article/014/0005481441,"삼성전자·SK하이닉스 장중 최고가 19만3000원·95만1000원 기록 메모리값 오르며 최대실적 전망 목표가 27만원·150만원으로 상향 23일 코스피지수는 장중 5931.86까지 치솟아 사상 첫 5900선을 넘어선 후 기관과 외국인의 쌍끌이 매도에 전 거래일보다 37.56p(0.65%) 상승한 5846.09로 장을 마쳤다. 이날 서울 중구 하나은행 본점에 지수와 시총 상위 종목 주가가 표시되고 있다. 연합뉴스 삼성전자와 SK하이닉스가 장중 최고가 경신으로 '20만전자·100만닉스' 가시권에 들어섰다. 증권가에선 메모리 반도체 슈퍼 사이클로 양사가 사상 최대 실적을 거둘 것으로 보고 주가 전망치를 높이고 있다. 23일 한국거래소에 따르면 이날 삼성전자는 전 거래일보다 1.53% 상승한 19만3000원에 거래를 마쳤다. SK하이닉스도 0.21% 오른 95만1000원을 기록했다. 장중 삼성전자와 SK하이닉스는 각각 19만7600원, 98만원까지 오르며 최고가를 새로 썼다. 삼성전자와 SK하이닉스는 지난해에 이어 올해에도 가파른 상승세를 이어가고 있다. 올해 들어 이날까지 삼성전자는 60.97%, SK하이닉스는 46.08% 상승했다. 지난해 한 해 동안 삼성전자는 125.38%, SK하이닉스는 274.35% 급등한 바 있다. 인공지능(AI) 확산으로 메모리반도체 수요가 급증하면서 삼성전자와 SK하이닉스에 대한 실적 기대감이 높아지는 분위기다. 시장조사업체 트렌드포스는 1분기 범용 D램 가격이 전 분기 대비 90~95%, 낸드플래시는 55~60% 상승할 것으로 전망했다. 증권가에선 메모리반도체 가격 상승으로 삼성전자와 SK하이닉스가 올해 최대 실적을 기록할 것으로 전망한다. 삼성전자와 SK하이닉스의 올해 영업이익 전망치는 각각 200조원대, 170조원대로 제시되고 있다. 실적 기대감에 목표주가도 줄상향되고 있다. 삼성전자의 목표주가 상단은 대신증권이 제시한 27만원이다. 지난해 11월만 해도 목표주가 상단은 17만원이었는데, 3개월새 59%가량 상향된 것이다. 류형근 대신증권 연구원은 ""삼성전자는 1·4분기 메모리반도체 영업이익 1위를 탈환하고, 연간으로는 200조원대 영업이익 시대를 여는 기념비적 한 해가 될 것""이라며 ""늘어나는 현금 재원은 주주환원 강화, 비메모리 반도체 경쟁력 강화, AI 맞춤형 제품 포트폴리오 구축의 동력으로 작용할 것""이라고 말했다. SK하이닉스의 목표주가 최고 상단은 SK증권의 150만원으로, 3개월 전 100만원에서 50% 높아졌다. 한동희 SK증권 연구원은 ""메모리 산업은 장기공급계약 기반의 '선수주, 후증설' 구조로 변모하며, 시크리컬(경기민감) 산업에서 벗어나기 시작했다""며 ""AI 사이클이 메모리 전체 수요를 구조적으로 견인하기 시작했지만, 공급 능력은 구조적으로 제한되는 국면""이라고 짚었다. 오는 26일로 예정된 엔비디아 실적 발표는 변수로 꼽힌다. 이경민 대신증권 연구원은 ""엔비디아 실적 결과와 실적 가이던스는 물론, 젠슨 황 엔비디아 최고경영자(CEO)의 발언까지 시장 기대를 크게 상회하는지 여부가 향후 AI 주가 흐름과 투자 방향성을 결정지을 것""이라고 전망했다. 다만 엔비디아 실적보다는 반도체 업종의 견고한 펀더멘털(기초체력)에 집중해야 한다는 의견도 있다. 김록호 하나증권 연구원은 ""수출 데이터에서도 확인되고 있는 것처럼 1·4분기 메모리 가격이 당초 예상치를 웃돌 가능성이 높다""며 ""엔비디아의 실적 발표와 무관하게 메모리 본연의 업황 및 가격, 펀더멘털에 집중한 투자 전략이 유효하다""고 조언했다.",2026-02-23
불장에 몸 키운 종목들 줄줄이 '대형주'에 이름 올리나,https://n.news.naver.com/mnews/article/014/0005481440,"내달 시총별 주가지수 정기변경 코스피는 삼성에피스홀딩스 유력 코스닥은 20곳 신규편입 가능성 다음달 유가증권시장과 코스닥시장의 대·중·소 주가지수 정기변경이 임박하면서 연초 급등장에서 몸집을 키운 종목들의 체급 상승 여부에 시장의 이목이 쏠리고 있다. 직전 3개월간 폭발적인 상승 흐름을 보인 종목들이 대형주로 편입될 가능성이 높아진 가운데 정기변경 이후에도 상승 모멘텀이 이어질 지가 관건이다. 23일 금융투자업계에 따르면 한국거래소는 매년 3월과 9월, 유가증권시장과 코스닥시장의 보통주를 대상으로 시가총액 순위에 따라 대형·중형·소형주로 재분류한다. 이번 3월 정기변경은 지난해 12월부터 올해 2월까지 일평균 시가총액을 기준으로 결정된다. 이번 심사기간은 국내 증시의 폭발적 랠리 구간과 정확히 겹친다. 해당 기간 상대적으로 주가 상승폭이 컸던 종목은 상위 규모로, 상승이 더디거나 부진했던 종목은 하위 그룹으로 재배치된다. 유가증권시장에서는 삼성바이오로직스 분할로 상장한 삼성에피스홀딩스의 대형주 신규 편입 가능성이 높다는 게 업계의 시각이다. 기존 중형주였던 LG이노텍과 한미약품 등도 대형주로 이동할 후보군으로 거론된다. 반대로 기존 대형주 가운데 일부는 중형주로 재분류될 가능성이 있다. 넷마블, 오리온, 현대제철, LG생활건강, 강원랜드 등은 중형주 상위권으로 이동할 가능성이 제기된다. 신규 상장 종목 가운데 대한조선과 명인제약 등은 중형주 편입이 예상되며, 일동제약과 코리아써키트 등은 소형주에서 중형주로 상향 조정될 가능성이 거론된다. 다만 최종 확정은 2월 말 시총 변동에 따라 달라질 수 있다. 코스닥시장의 변화 폭은 더 크다. 연초 이후 급등세가 이어지면서 대형주 신규 편입 종목이 20개를 넘을 것으로 예상된다. 원익홀딩스, 현대무벡스, 오름테라퓨틱, 에스피지 등은 중형주에서 대형주로 상향 조정될 가능성이 높다. 큐리옥스바이오시스, 삼현, 씨어스테크놀러지 등도 대형주 내 상위권에 포함될 가능성이 제기된다. 특히 주목할 부분은 오는 6월 코스닥150 정기변경과의 연계다. 이번에 코스닥 대형주로 올라서는 종목 중 아직 코스닥150에 편입되지 않은 종목들은 6월 정기변경에서 신규 편입될 확률이 높다는 게 전문가들의 분석이다. 삼성증권 전균 연구원은 ""코스닥150은 주요 연기금의 벤치마크로 활용되는 지수""라며 ""편입 기대 자체가 추가 모멘텀으로 작용할 수 있다는 점에서 이번 정기변경은 1차 체급 상승, 6월은 2차 수급 이벤트로 연결될 가능성이 있다""고 말했다. 다만 정기변경 자체가 대규모 패시브 자금 유입을 유발할 가능성은 크지 않을 전망이다. 전 연구원은 ""국내에서 규모별 주가지수를 직접 추종하는 패시브 펀드 규모는 제한적이다. 정기변경에 맞춰 즉각적인 구성종목 교체가 이뤄지는 구조도 아니다""라고 전했다.",2026-02-23
"안건번호 7개, 세부의안은 20개…고려아연, 역대급 ‘메가 주총’ 예고[마켓인]",https://n.news.naver.com/mnews/article/018/0006223006,"오는 3월 24일 코리아나호텔서 정기 주총 주주제안 쏟아지며 의안 구성 ‘복잡다단’ 이사 후보·다득표 의안 가결 룰 등 긴장고조 [이데일리 마켓in 허지은 기자] 고려아연이 오는 3월 정기주주총회에서 역대급 ‘메가 주총’을 예고했다. 안건으로 상정된 표면적인 의안 번호는 7호까지이나, 배당 재원 마련을 위한 임의적립금 전환과 이사 선임 방식 등 세부 안건을 합치면 실제 주주들이 판단해야 할 사안은 20여개에 달한다. 특히 최윤범 고려아연 회장 측과 MBK·영풍 연합 등 양측의 안건이 충돌하는 지점에는 ‘일괄표결 후 다득표 승인’이라는 승부수까지 등장했다. [사진=연합뉴스] ‘이사의 충실의무’ 정관 도입 명문화 23일 금융감독원 전자공시시스템에 따르면 고려아연은 이날 오전 임시 이사회를 열고 제 52기 정기 주주총회 부의안건을 최종 확정했다. MBK·영풍 연합이 지난 12일 주주제안을 통해 강력히 요구한 이사의 총주주에 대한 충실의무 정관 명문화 등이 안건으로 수용된 가운데 △중간배당 재원 마련을 위한 임의적립금 전환 △이사회 운영 방식 개선 △액면분할을 통한 주주가치 제고 등이 최종 안건으로 상정됐다. 가장 눈에 띄는 대목은 ‘이사의 총주주에 대한 충실의무’를 정관에 명문화하기로 한 점이다. 이는 이재명 정부 들어 드라이브를 걸고 있는 상법 개정안의 핵심 내용을 기업이 선제적으로 도입하는 사례가 될 전망이다. MBK·영풍 측이 주주제안을 통해 공론화한 사안을 고려아연 이사회가 전격 수용한 모양새다. MBK·영풍 측은 “우리가 지속적으로 제기해 온 지배구조 개선 요구가 결실을 맺은 것”이라며 “이재명 대통령 표 상법 개정안의 취지를 민간에서 처음으로 실현한 의미 있는 변화”라고 자평했다. 반면 고려아연 측은 “소수주주 보호와 기업가치 향상을 위한 이사회의 주동적인 결정”이라며 주도권이 경영진에 있음을 분명히 했다. ‘3% 룰’vs‘집중투표’…이사회 장악 위한 수싸움 이사 선임 안건에서는 양측의 전략적 차이가 극명하게 갈린다. 고려아연 측 우군인 유미개발은 △분리선출 감사위원 2인 확대 △집중투표제를 통한 이사 5인 선임을 제안했다. 이는 대주주의 의결권을 3%로 제한하는 상법상 규정을 활용, 지분이 분산된 최 회장 측의 유리한 구도를 극대화해 MBK·영풍 측의 이사회 진입을 견제하려는 포석으로 풀이된다. 이에 맞서 MBK·영풍 측은 △이사 수 6인 증원 △이사 5인 선임 안건을 올렸다. 또 △집행임원제 도입 △주식 10분의 1 액면분할 등을 통해 경영진의 독주를 막고, 주주 접근성을 높여야 한다는 입장이다. 역대급 배당안…‘배당 정상화’ 압박에 화답? 주주 환원 정책에서도 배당 전쟁이 예고됐다. 고려아연 이사회는 MBK·영풍 측이 제안한 임의적립금 전환 수준을 넘어서는 주당 2만원의 현금배당을 확정했다. MBK·영풍 측은 그간 고려아연이 2023년 약속했던 중간배당을 지난해 생략한 점을 꼬집으며 ‘주주환원 정상화’를 압박해 왔다. 고려아연은 지난 2023년 발표한 ‘3개년 배당 확대 가이드라인’을 통해 중간배당 정례화를 공언했으나, 지난해 상반기에는 창사 이래 최대 실적에도 불구하고 돌연 중간배당을 생략한 바 있다. 당시 고려아연은 경영권 분쟁 대응 과정에서 매입한 자사주 소각에 집중하느라 배당 논의를 하지 못했다고 해명했다. 하지만 일각에선 배당 정책의 일관성이 훼손됐다는 비판이 제기됐다. IB 업계 관계자는 “세부 안건이 20여개에 달하고 각 사안마다 양측의 이해관계가 첨예하게 얽혀 있어 투표 결과 예측이 매우 어렵다”며 “결국 국민연금을 포함한 기관 투자자와 소액주주들이 어느 쪽의 손을 들어주느냐에 따라 승패가 갈릴 것”이라고 밝혔다.",2026-02-23
코스피 '5900선' 첫 터치...삼전·하이닉스 또 최고치로 마감,https://n.news.naver.com/mnews/article/243/0000093506,"삼성전자 장중 19만7600원까지 올라 23일 서울 중구 하나은행 본점에서 직원들이 증시와 환율을 모니터 하고 있다. [사진 연합뉴스] [이코노미스트 이용우 기자] 코스피가 장중 5900선을 돌파했다. 삼성전자와 SK하이닉스 강세가 두드러진 영향이다. 삼성전자는 20만 원, SK하이닉스는 100만 원 진입을 바라보고 있다. 23일 코스피지수는 전 거래일보다 37.56포인트(0.65%) 오른 5846.09에 장을 마감했다. 종가 기준 사상 최고치다. 장 초반 한때 지수는 5931.86까지 오르면서 사상 처음으로 5900선을 넘기도 했다. 코스피 시장에서 개인 투자자 홀로 1조817억원 순매수했으며 외국인과 기관 투자자가 각각 1조961억원, 1439억원 순매도했다. 코스피 시가총액 상위 기업을 보면 삼성전자(1.53%), SK하이닉스(0.21%), 삼성전자우(0.74%), 현대차(2.75%), 기아(0.52%) 등은 상승했다. 반면 LG에너지솔루션(-1.37%), 삼성바이오로직스(-1.09%), 두산에너빌리티(-1.45%), 한화에어로스페이스(-0.48%) 등은 하락했다. 삼성전자는 19만3000원에 마감했고 장중에는 19만7600원까지 오르면서 사상 최고가를 경신했다. SK하이닉스는 95만1000원에 거래를 마쳤다. 장중에는 98만원을 터치해 최고가를 찍었다. 미국 인공지능(AI) 반도체 대장주 엔비디아 실적 발표를 앞두고 국내 대형 반도체주들에 대한 매수심리가 강화됐다는 평가다. 한편 코스닥 지수는 전 거래일 대비 12.94포인트(1.12%) 오른 1166.94에서 출발해 2.01포인트(0.17%) 내린 1151.99에 거래를 마쳤다. 코스닥 시장에선 개인 투자자와 외국인 투자자가 각각 2188억원, 1805억원 순매수했으며 기관 투자자가 3624억원 순매도했다. 시장에서는 앞서 미국 연방 대법원이 도널드 트럼프 미국 대통령의 상호관세 정책이 위법하다는 판결을 내렸지만 관세 불확실성이 해소되면서 투자 심리가 더 살아났다고 보고 있다. 특히 관세가 기업으로 환급될지 여부와 관련해서도 악재가 아닌 것으로 판단하는 중이다. 김두언 하나증권 연구원은 ""환급이 된다면 기업 실적은 즉시 숨을 돌린다. 환급이 없더라도 지금의 현실이 갑자기 악화되는 것은 아니다""라며 ""시장은 이를 확정 변수가 아니라 상방에 열려 있는 불확실성으로 취급한다. 한마디로, 되면 좋고 안 돼도 크게 달라질 게 없는 구조""라고 설명했다.",2026-02-23
"전문경영인에게 맡긴다더니…“신동국, 대표 권한 부당침해”",https://n.news.naver.com/mnews/article/011/0004592590,"■ CEO 패싱에 한미약품 또 내홍 저가원료 사용 등 경영 간섭 논란 임직원들 ‘사퇴 촉구’ 피켓시위도 박재현 대표 “압박 느껴” 호소문 신 회장측은 “왜곡된 주장” 해명 신동국 한양정밀 회장. 서울경제DB 가족 간 경영권 분쟁을 끝낸 뒤 안정을 찾은 듯해 보였던 한미약품그룹이 이번에는 최대주주와 전문경영인 간 내홍이 불거졌다. 박재현 한미약품 대표는 대주주인 신동국 한양정밀 회장이 대표이사의 권한 행사를 부당하게 막았다며 전 직원을 대상으로 호소했다. 신 회장은 한미사이언스 대주주이지만 이사회에서 기타비상무이사 역할만 맡고 있어 대주주의 전횡을 막자는 취지가 담긴 상법 개정안과 정면으로 배치된다는 비판이 나온다. 한미사이언스 지분율 및 한미약품 이사회 구성 23일 투자은행(IB) 업계에 따르면 박 대표는 20일 임직원을 대상으로 한 입장문을 통해 “제약 산업의 본질을 바탕으로 책임 있는 조언과 논의가 이뤄지기를 특정 대주주께 직간접적으로 요청드려왔다”며 “그러나 그러한 노력들이 저에 대한 비난으로 돌아오고 또 온전하게 부여된 저의 대표로서의 권한 행사에 압박을 느끼는 그런 상황”이라고 했다. 특정 대주주는 신 회장을 의미하는 것으로 전해졌다. 그러면서 박 대표는 “한 기업에서 대주주가 갖는 의미와 영향력이 크다는 점을 잘 알고 있다”면서 “그러나 그보다 앞서 지켜야 할 가치가 분명히 존재한다고 믿는다”고 했다. 이어 그는 “제가 할 수 있는 권한 안에서 한미가 한미다운 정체성을 지키고 올바른 방향으로 나아갈 수 있도록 책임을 다해나갈 것”이라고 덧붙였다. 신 회장은 박 대표의 권한 행사를 번번이 가로막은 것으로 알려졌다. 대표적으로 신 회장은 지난해 박 대표에게 원료 의약품을 저가 제품으로 교체하라는 지시를 내린 것으로 전해졌다. 박 대표는 검증되지 않은 저가 원료 의약품을 사용할 수 없다는 취지로 신 회장의 지시에 반대했다. 박 대표가 거부하자 신 회장은 측근을 통해 원료 의약품 교체를 강제로 추진한 것으로 알려졌다. 박재현 한미약품 대표. 뉴스1 경영 개입 정황은 성 비위 문제에서 드러나기도 했다. 박 대표가 위원회를 통해 객관적으로 내린 의사 결정에 대해 신 회장이 비토한 것으로 전해졌다. 최근 불거진 임원 A 씨의 성 문제도 박 대표가 징계위원회를 통해 처분했지만 A 씨는 “신 회장이 복귀하라고 했다”는 취지로 주변에 언급한 것으로 알려졌다. 한미약품의 한 관계자는 “신 회장 측근들이 박 대표의 지시 사항을 따르지 않는 것에 대해 ‘신 회장이 괜찮다고 했다’고 줄곧 언급했다”고 말했다. 신 회장은 지주사인 한미사이언스의 지분 23.38%를 보유하고 있으며 한미사이언스와 한미약품의 기타비상무이사다. 2024년 모녀와 아들 간 경영권 분쟁이 발생하면서 지분 약 10%를 보유했던 신 회장이 분쟁 종식의 키맨으로 떠올랐고, 주주 간 계약을 통해 모녀 측의 지분을 인수한 결과다. 당시 신 회장과 송영숙 회장, 임주현 부회장 등은 주주 간 계약을 맺고 전문경영인에게 경영을 일임하는 선진 지배구조를 구축하기로 한 바 있다. 한미약품 임직원들은 이날 본사 로비에서 신 회장이 오너처럼 독단적으로 경영에 관여하고 있다며 사퇴를 촉구하는 피켓 시위를 열었다. 또 피해자와 구성원에 대한 공식 사과와 경영 간섭 중단을 요구하는 성명서를 내고 이사회 차원의 견제 장치 마련을 촉구했다. 한미약품 기타비상무이사인 신 회장의 이 같은 경영 개입은 개정된 상법 취지에 어긋난다는 지적이 나온다. 지난해 개정된 상법은 감사위원 선임 시 최대주주와 특수관계인의 의결권을 3%로 제한하고 집중투표제 활성화를 통해 대주주의 일방적 경영을 견제하기 위한 장치들을 도입했다. 특정 대주주의 전횡을 막고 소유와 경영을 분리하자는 취지다. IB 업계의 한 관계자는 “주주로서 직접 경영에 참여하면서 전문경영인의 권한을 침해하는 것은 불법적 요소가 있다”며 “스스로 사내이사로 직함을 갖고 책임을 지면서 경영에 참여해야 할 것”이라고 강조했다. 신 회장 측은 이와 관련해 “경영 간섭은 박 대표의 왜곡된 주장”이라고 밝혔다.",2026-02-23
지수 덜 올랐지만 돈 더 몰렸다…코스닥 ETF 급성장,https://n.news.naver.com/mnews/article/011/0004592588,"코스닥150·레버리지 올해 순자산 8.5조↑ 코스피 ETF보다 순자산 증가액 앞질러 정책 수혜 기대감에 개인 순매수 집중 PER 120배 웃돌아 고평가 부담 우려도 서울 여의도 증권가 전경. 오승현 기자 올해 코스닥이 코스피 대비 낮은 상승률을 기록했음에도 불구하고 지수를 추종하는 상장지수펀드(ETF)로 유입되는 자금은 더욱 빠르게 늘어난 것으로 나타났다. 대표적인 코스닥지수 추종 ETF의 순자산 증가 폭이 코스피 대표 상품을 앞지르면서 투자 자금의 흐름에도 변화가 감지되는 모습이다. 23일 한국예탁결제원에 따르면 이달 20일 기준 ‘KODEX 코스닥150’과 ‘KODEX 코스닥150레버리지’의 순자산 총액은 각각 7조 1830억 원, 4조 9121억 원으로 집계됐다. 지난해 말 기준 두 상품의 순자산은 각각 1조 5987억 원, 1조 8500억 원이었고 올해 들어 약 2개월 만에 349%, 166% 확대됐다. 올해 두 상품의 순자산 증가액은 각각 5조 5426억 원, 2조 9667억 원에 달했다. 이는 같은 기간 국내 최대 규모 코스피지수 추종 ETF인 ‘KODEX 200’의 순자산 증가액(5조 3064억 원)과 ‘KODEX 레버리지(2조 579억 원)’의 증가 폭을 넘어선 수준이다. 특히 지난해 두 상품의 연간 순자산 증가액이 각각 4279억 원, 1261억 원에 그쳤던 점을 고려하면 성장세가 급격히 가팔라진 셈이다. 이 같은 흐름은 지수 상승률과 비교하면 더욱 두드러진다. 코스닥지수는 올해 들어 약 24% 오르며 코스피 상승률(약 38%)보다 14%포인트가량 밑돌고 있다. 같은 기간 KODEX 200과 KODEX 레버리지는 각각 37.73%, 85.57% 상승했고 KODEX 코스닥150과 KODEX 코스닥150레버리지의 수익률은 27.84%, 57.42%로 집계됐다. 코스닥 ETF의 상승 폭이 코스피 관련 상품 대비 제한적이었던 만큼 추가 상승 기대감이 반영된 것으로 풀이된다. 수급 측면에서도 코스닥 ETF에 대한 관심도는 뚜렷했다. 올 들어 개인투자자들은 ‘KODEX 코스닥150’과 ‘KODEX 코스닥150레버리지’를 각각 3조 50억 원, 1조 6992억 원 순매수했으며 두 상품은 전체 ETF 순매수액 1위와 2위에 나란히 올랐다. 이 외에도 개인은 △TIGER 코스닥150(7854억 원) △ACE 코스닥150(1084억 원) △RISE 코스닥150(344억 원) 등을 사들이며 코스닥지수 베팅을 확대했다. 증권가에서는 정책 기대감이 코스닥 시장으로의 자금 유입을 자극하면서 추가 유동성 유입도 유효하다는 분석을 내놓고 있다. 이재만 하나증권 연구원은 “정부의 코스닥 시장 활성화 정책 영향으로 코스피지수와의 갭이 빠르게 축소되고 있다”며 “현재 코스닥·코스피 간 12개월 누적 수익률 격차는 -42%로 2003년 이후 최저 수준까지 좁혀진 상태”라고 설명했다. 다만 밸류에이션 부담에 대한 우려도 함께 제기된다. 최근 코스닥지수의 주가수익비율(PER)이 120배를 웃도는 수준까지 상승한 가운데 기업 실적 개선 속도는 상대적으로 제한적이어서다. 금융투자 업계 관계자는 “단기적인 자금 유입은 이어지고 있지만 향후 펀더멘털 개선 여부가 시장 흐름의 주요 변수가 될 것”이라며 “코스닥 시장이 종목별 옥석 가리기가 어려운 환경인 만큼 코스닥150지수 추종 ETF를 통한 대응이 보다 효과적일 수 있다”고 말했다.",2026-02-23
'육천피' 코 앞인데…개미 홀로 ‘코스피 곱버스’ 베팅,https://n.news.naver.com/mnews/article/018/0006223001,"23일 장중 5931까지 치솟아 코스피 6000선 가시권 진입 개인, 'KODEX 200선물인버스2X' 8거래일 연속 순매수 총 4942억원 사들여…기관·외국인은 5072억원 팔았다 ""상반기 반도체 주도 랠리 지속…하반기 횡보 예상"" 전망도 [이데일리 김윤정 기자] 코스피가 장중 5900선을 돌파하며 연초 이후 가파른 상승세를 이어가고 있지만, 개인투자자들은 지수 하락 시 수익이 2배로 확대되는 이른바 ‘곱버스’ 상품을 대거 사들이며 기관·외국인과 정반대 흐름을 보이고 있다. 곱버스는 코스피 지수가 하락할 때 수익을 내는 인버스 상품에 2배 레버리지를 적용한 구조로, 지수가 떨어질수록 수익률이 두 배로 커지는 고위험 상품이다. 코스피가 전 거래일(5808.53)보다 94.58포인트(1.63%) 상승한 5903.11에 개장한 23일 오전 서울 중구 하나은행 딜링룸 전광판에 지수가 표시 되고 있다. 코스닥 지수는 전 거래일(1154.00)보다 12.94포인트(1.12%) 오른 1166.94에 거래를 시작했다. 원달러 환율은 전 거래일 주간거래 종가(1446.6원)보다 3.6원 내린 1443.0원에 출발했다. (사진=뉴시스) 23일 한국거래소(KRX)에 따르면 대표적인 곱버스 상품인 삼성자산운용의 ‘KODEX 200선물인버스2X’ 상장지수펀드(ETF)를 이날 기관이 520억원, 외국인은 216억원어치를 순매도한 반면 개인은 홀로 734억원어치를 순매수했다. 코스피가 사상 최고치를 경신하는 상황에서 개인만 지수 하락에 베팅한 셈이다. 이날 코스피는 장중 한때 5931.86까지 오르며 역대 최고치를 기록했다. ‘6천피’까지 100포인트도 채 남지 않은 수준이다. 하지만 개인들은 상승 흐름과 달리 지수 하락에 투자하는 곱버스 상품을 사들였다. 이같은 흐름은 기간을 넓혀봐도 동일하다. 지난 9일부터 이날까지(설 연휴 제외 8거래일) KODEX 200선물인버스2X에 유입된 개인 자금은 약 4942억원으로 집계됐다. 개인은 이 상품을 8거래일 연속 순매수했다. 같은 기간 기관과 외국인은 각각 4778억원, 294억원어치를 순매도하며 개인과 상반되는 흐름을 보였다. 또 다른 곱버스 ETF인 미래에셋자산운용의 ‘TIGER 200선물인버스2X’ 역시 같은 기간 개인이 129억원어치를 순매수한 반면 외국인은 134억원어치를 순매도했다. 기관은 3억원 순매수에 그쳤다. 코스피는 사상 최고치를 연이어 경신하고 있다. 지난 19일 5700선을 돌파한 데 이어 20일에는 5800선도 넘어서는 등 강세 흐름이 이어지고 있다. 국내 주요 증권사들도 코스피 상단을 잇따라 상향 조정 중이다. 하나증권은 지난 20일 코스피 연간 상단을 7900으로 제시했고, 한국투자증권은 기존 5650에서 7250으로 높였다. NH투자증권도 7300을 제시하는 등 증권업계 전반에서 7000선을 새로운 상단으로 제시하는 흐름이 이어지고 있다. 김대준 한국투자증권 연구원은 “코스피는 상반기 상승, 하반기 횡보를 예상한다”며 “지수의 가파른 상승은 반도체 이익 급증에 기반하고 있어 상반기 중 반도체 주도 랠리는 이어질 것”이라고 말했다.",2026-02-23
