매물ID,차량명,연식,주행거리_km,연료,지역,가격_만원,상세링크,raw_text
40903390,YF 쏘나타LPI 프리미어(장애인용) 연식,10/01식,180575,LPG(일반인 구입),서울,330,https://fem.encar.com/cars/detail/40903390?advClickPosition=mweb_mopre_g1_t400&listAdvType=mpremium&type=detail&view_type=checked,"엔카 기본정보 옵션정보 차량상태 보증현황 판매자 정보 딜러 셀프등록 로그인/회원가입 채팅 전체메뉴 엔카진단 등록번호 40903390조회수 107찜 1 신고하기 프린트 공유하기 찜하기 엔카 실촬영 이전이미지 다음이미지 1 / 20 사진 모두보기 YF 쏘나타LPI 프리미어(장애인용) 연식 10/01식 연형정보 주행거리 180,575km 연료 LPG(일반인 구입) 차량번호 12러9727 자세히 엔카가 아래 사항을 모두 진단 하였습니다 툴팁 엔카진단 프레임무사고 확인 옵션 정보더보기 주요옵션 옵션 설명 보기 선루프 있음 헤드램프 (HID) 없음 주차감지센서 있음 후방카메라 있음 자동에어컨 있음 스마트키 있음 내비게이션 없음 열선시트 있음 통풍시트 없음 가죽시트 있음 23개 옵션 모두보기 이 차를 추천하는 이유더보기 안드로이드 모니터가 장착되어있는 차량입니다! 데이터만 연결하면 유튜브와 다양한 컨텐츠도 사용 가능하여 편의성이 높아요! 차량 상태 엔카진단 엔카가 무사고 진단을 했어요 프레임 진단 정상 외부패널 진단 정상 엔카진단 자세히 보기 성능점검을 등록한 차량이에요 제시번호 : 20253210 교환 없음 판금 없음 부식 없음 성능기록부 자세히보기 차량이력 내차 피해 총 4,469,428원 (4회) 타차 가해 총 0원 (1회) 특이 사항 없음 차량이력 자세히 보기 보증 현황 제조사 보증제조사보증도움말 일반/차체 엔진/미션 엔카금융 1분만에 한도/금리 비교 다양한 금융사의 금리를 비교해보세요 방문없이 조회가 가능해요 신용점수에 영향이 없어요 금리 비교하기 판매자 정보 판매자정보사진 (주)올댓자차김정태매매 판매자 정보 판매중40판매완료107 경기 김포시 아라육로152번길 45 종사원증번호 GG25-01898상사/조합정보 안녕하세요. 중고차 전문딜러 (주)올댓자차 김정태 실장입니다. 차량에 관심을 가져주셔서 대단히 감사합니다. 현재 고객님께서 보시고있는 차량은 100% 실매물입니다 ---------------차량 설명 --------------- - 차 명 : YF쏘나타 LPI 프리미엄 (일반인 구입가능) - 사고 유무 : 무사고 (성능지참고) -키로수 :180,575km 실내 외관 모두 깔끔합니다. car Condition good good !! 저희 (주) 올댓자차는 직접매입한 차량들만 판매하고 있으며, 차량상태는 최상의 컨디션으로 매장에 전시중입니다. 실매물 촬영후 사고유무,옵션사항및 차량등급을 확인후 광고 등록을 하고있습니다. 위 차량은 성능기록부을 발급하며, 30일 또는 2,000KM 소모품을 제외한 엔진/밋션 중요 부품들의 대해서는 보증 수리가 가능합니다. ---- 오시는길------ 경기도 김포시 고촌읍 아라육로 152번길 45 A동 327호(국민차매매단지 김포공항점) 김포 현대아울렛 바로옆에 위치하고있습니다 ▶문의방법 -연락주시면 친절하고 상세하게 설명을 드리도록 하겠습니다. -차량은 김포 국민차차차에서 보실 수 있어요. -현재 타고 계신 차량과 교환도 가능하며 대출을 통한 차량구매도 가능합니다. 펼쳐보기 모델 리뷰 YF 쏘나타 이런게 걱정되세요? 안전하지 않다는 말을 들었습니다. 연비는 얼마나 나올까요? 쎄타와 누우의 장단점이 궁금해요. LPI 모델은 어때요? 택시 타보니 상당히 시끄럽던데. 모델 리뷰 보기 구매 가이드 허위매물 대처 압류 및 저당 처리 성능 상태 점검기록부 차량 금액 외 별도 수수료 차량 이전등록 차량 체크사항 알림등록 비슷한 조건의 동일한 모델이 신규매물로 등록되면 알려드릴까요? 알림등록 330만원 총비용계산기 보험료 계산 대출상품 조회 리스상품 조회 보험이력 5건 성능점검내역 일반/엔카직영 신차가격표 판매자 문의하기 중고차시세 팔린매물 동급매물 엔카 중고차론 금융사 비교하고 제휴 추가할인 금리 4.9% 부터~ 닫기 허위매물 단속 및 매매관련 분쟁 처리 등을 위해 050안심번호로문의하면 전화번호와 통화내용이 엔카에 자동 저장됩니다.050도움말 엔카는 등록 시스템만을 제공하며, 판매자가 직접 등록한 차량의 모든 책임은 판매자에게 있습니다. 신고하기 회사소개인재채용클린엔카지점안내엔카직영성능점검장안내매매지원이용약관고객센터디스플레이광고개인정보처리방침금융소비자보호원격지원서비스 네이버 블로그 인스타그램 유튜브 페이스북 패밀리사이트 O2O를 잇는 신뢰와 기술로 차량을 사고 파는 모습의 진화를 만듭니다 고객센터 : 1599-5455FAX : 02-754-8768대표메일 : trust@encar.com주소 : 서울특별시 중구 통일로2길 16, 18~19층(순화동) 사업자 등록번호 : 104-86-54476통신판매업신고 : 제2014-서울중구-0393호대표자 : 김상범Copyright © 엔카닷컴(주) 내 차를 최고가에 팔고, 믿고 사는 가장 좋은 방법. 엔카닷컴(주) 엔카닷컴(주)는 통신판매중개자로서 통신판매의 당사자가 아니며, 상품·거래정보, 거래에 대하여 책임을 지지 않습니다."
41509017,YF 쏘나타Y20 프라임블랙 연식,10/10식,113663,가솔린,서울,115,https://fem.encar.com/cars/detail/41509017?advClickPosition=mweb_mopre_g2_t400&listAdvType=mpremium&type=detail&view_type=checked,"엔카 기본정보 옵션정보 차량상태 보증현황 판매자 정보 딜러 셀프등록 로그인/회원가입 채팅 전체메뉴 열기 엔카진단 등록번호 41509017조회수 884찜 17 신고하기 프린트 공유하기 찜하기 #급매#COOL#최저가 *[급매][방송출연우수딜러][가성비극강][차량상태최상급]* 이전이미지 다음이미지 1 / 20 사진 모두보기 YF 쏘나타Y20 프라임블랙 연식 10/10식 (11년형) 연형정보 주행거리 113,663km 연료 가솔린 차량번호 40부2698 자세히 엔카가 아래 사항을 모두 진단 하였습니다 툴팁 엔카진단 프레임무사고 확인 옵션 정보더보기 주요옵션 옵션 설명 보기 선루프 있음 헤드램프 (HID) 없음 주차감지센서 있음 후방카메라 없음 자동에어컨 있음 스마트키 없음 내비게이션 없음 열선시트 있음 통풍시트 없음 가죽시트 있음 28개 옵션 모두보기 이 차만의 옵션더보기 3피스 타입 파노라마 썬루프(전동식 롤 블라인드) 115만원 이 차를 추천하는 이유더보기 보유 중인 주행거리 대비 실내 양호하며 1열 열선 탑재로 겨울철 운전도 걱정 없는 차량입니다 :) 선호도 높은 화이트 외관도 매력적이니 만나보세요! 차량 상태 엔카진단 엔카가 무사고 진단을 했어요 프레임 진단 정상 외부패널 진단 교환 엔카진단 자세히 보기 성능점검을 등록한 차량이에요 제시번호 : 20250212 교환 2 판금 1 부식 없음 성능기록부 자세히보기 차량이력 내차 피해 총 926,670원 (2회) 타차 가해 총 450,510원 (1회) 특이 사항 없음 차량이력 자세히 보기 보증 현황 제조사 보증제조사보증도움말 일반/차체 엔진/미션 엔카금융 1분만에 한도/금리 비교 다양한 금융사의 금리를 비교해보세요 방문없이 조회가 가능해요 신용점수에 영향이 없어요 금리 비교하기 판매자 정보 판매자정보사진 트리에이치오토 대표황민호매매 판매자 정보 판매중9판매완료97 서울 강서구 종사원증번호 SN24-00142상사/조합정보 구매 가이드 허위매물 대처 압류 및 저당 처리 성능 상태 점검기록부 차량 금액 외 별도 수수료 차량 이전등록 차량 체크사항 알림등록 비슷한 조건의 동일한 모델이 신규매물로 등록되면 알려드릴까요? 알림등록 399만원 총비용계산기 보험료 계산 대출상품 조회 리스상품 조회 보험이력 3건 성능점검내역 일반/엔카직영 신차대비 -% 신차가격표 판매자 문의하기 중고차시세 팔린매물 동급매물 엔카 중고차론 금융사 비교하고 제휴 추가할인 금리 4.9% 부터~ 닫기 허위매물 단속 및 매매관련 분쟁 처리 등을 위해 050안심번호로문의하면 전화번호와 통화내용이 엔카에 자동 저장됩니다.050도움말 엔카는 등록 시스템만을 제공하며, 판매자가 직접 등록한 차량의 모든 책임은 판매자에게 있습니다. 신고하기 회사소개인재채용클린엔카지점안내엔카직영성능점검장안내매매지원이용약관고객센터디스플레이광고개인정보처리방침금융소비자보호원격지원서비스 네이버 블로그 인스타그램 유튜브 페이스북 패밀리사이트 O2O를 잇는 신뢰와 기술로 차량을 사고 파는 모습의 진화를 만듭니다 고객센터 : 1599-5455FAX : 02-754-8768대표메일 : trust@encar.com주소 : 서울특별시 중구 통일로2길 16, 18~19층(순화동) 사업자 등록번호 : 104-86-54476통신판매업신고 : 제2014-서울중구-0393호대표자 : 김상범Copyright © 엔카닷컴(주) 내 차를 최고가에 팔고, 믿고 사는 가장 좋은 방법. 엔카닷컴(주) 엔카닷컴(주)는 통신판매중개자로서 통신판매의 당사자가 아니며, 상품·거래정보, 거래에 대하여 책임을 지지 않습니다."
40477859,YF 쏘나타LPI 프리미어(장애인용) 연식,09/10식,98824,LPG(일반인 구입),서울,429,https://fem.encar.com/cars/detail/40477859?advClickPosition=mweb_mopre_g3_t400&listAdvType=mpremium&type=detail&view_type=checked,"엔카 기본정보 옵션정보 차량상태 보증현황 판매자 정보 딜러 셀프등록 로그인/회원가입 채팅 전체메뉴 엔카진단 등록번호 40477859조회수 100찜 1 신고하기 프린트 공유하기 찜하기 무사고 / 타이어 앞,뒤 교체완 / 하체잡소리 없음 / 옵션굿 이전이미지 다음이미지 1 / 20 사진 모두보기 YF 쏘나타LPI 프리미어(장애인용) 연식 09/10식 (10년형) 연형정보 주행거리 98,824km 연료 LPG(일반인 구입) 차량번호 23오4283 자세히 엔카가 아래 사항을 모두 진단 하였습니다 툴팁 엔카진단 프레임무사고 확인 옵션 정보더보기 주요옵션 옵션 설명 보기 선루프 없음 헤드램프 (HID) 없음 주차감지센서 있음 후방카메라 있음 자동에어컨 있음 스마트키 있음 내비게이션 있음 열선시트 있음 통풍시트 없음 가죽시트 있음 26개 옵션 모두보기 이 차를 추천하는 이유더보기 타색대비 관리하기 수월한 은색바디에 연식대비 짧은주행거리가 돋보이며 운전자의 편의성을 높혀줄 스마트키 및 정품내비까지 지금 만나보세요! 차량 상태 엔카진단 엔카가 무사고 진단을 했어요 프레임 진단 정상 외부패널 진단 정상 엔카진단 자세히 보기 성능점검을 등록한 차량이에요 제시번호 : 2025167583 교환 없음 판금 없음 부식 없음 성능기록부 자세히보기 차량이력 내차 피해 총 3,213,020원 (4회) 타차 가해 총 2,238,910원 (2회) 특이 사항 없음 차량이력 자세히 보기 보증 현황 제조사 보증제조사보증도움말 일반/차체 엔진/미션 엔카금융 1분만에 한도/금리 비교 다양한 금융사의 금리를 비교해보세요 방문없이 조회가 가능해요 신용점수에 영향이 없어요 금리 비교하기 판매자 정보 판매자정보사진 디엘모터스조태원매매 판매자 정보 판매중31판매완료97 경기 부천시 신상로 25 종사원증번호 gg2102198상사/조합정보 구매 가이드 허위매물 대처 압류 및 저당 처리 성능 상태 점검기록부 차량 금액 외 별도 수수료 차량 이전등록 차량 체크사항 알림등록 비슷한 조건의 동일한 모델이 신규매물로 등록되면 알려드릴까요? 알림등록 429만원 총비용계산기 보험료 계산 대출상품 조회 리스상품 조회 보험이력 6건 성능점검내역 일반/엔카직영 신차가격표 판매자 문의하기 중고차시세 팔린매물 동급매물 엔카 중고차론 금융사 비교하고 제휴 추가할인 금리 4.9% 부터~ 닫기 허위매물 단속 및 매매관련 분쟁 처리 등을 위해 050안심번호로문의하면 전화번호와 통화내용이 엔카에 자동 저장됩니다.050도움말 엔카는 등록 시스템만을 제공하며, 판매자가 직접 등록한 차량의 모든 책임은 판매자에게 있습니다. 신고하기 회사소개인재채용클린엔카지점안내엔카직영성능점검장안내매매지원이용약관고객센터디스플레이광고개인정보처리방침금융소비자보호원격지원서비스 네이버 블로그 인스타그램 유튜브 페이스북 패밀리사이트 O2O를 잇는 신뢰와 기술로 차량을 사고 파는 모습의 진화를 만듭니다 고객센터 : 1599-5455FAX : 02-754-8768대표메일 : trust@encar.com주소 : 서울특별시 중구 통일로2길 16, 18~19층(순화동) 사업자 등록번호 : 104-86-54476통신판매업신고 : 제2014-서울중구-0393호대표자 : 김상범Copyright © 엔카닷컴(주) 내 차를 최고가에 팔고, 믿고 사는 가장 좋은 방법. 엔카닷컴(주) 엔카닷컴(주)는 통신판매중개자로서 통신판매의 당사자가 아니며, 상품·거래정보, 거래에 대하여 책임을 지지 않습니다."
39486507,YF 쏘나타LPI 탑 연식,10/11식,158915,LPG(일반인 구입),서울,250,https://fem.encar.com/cars/detail/39486507?advClickPosition=mweb_mopre_g4_t400&listAdvType=mpremium&type=detail&view_type=normal,"엔카 기본정보 옵션정보 차량상태 보증현황 판매자 정보 딜러 셀프등록 로그인/회원가입 채팅 전체메뉴 열기 등록번호 39486507조회수 2,390찜 57 신고하기 프린트 공유하기 찜하기 #양호#HOT#COOL 엔카에서 직접 촬영한 100% 실매물입니다 이전이미지 다음이미지 1 / 20 사진 모두보기 YF 쏘나타LPI 탑 연식 10/11식 (11년형) 연형정보 주행거리 158,915km 연료 LPG(일반인 구입) 차량번호 41고8315 자세히 옵션 정보더보기 주요옵션 옵션 설명 보기 선루프 있음 헤드램프 (HID) 없음 주차감지센서 있음 후방카메라 있음 자동에어컨 있음 스마트키 있음 내비게이션 있음 열선시트 있음 통풍시트 없음 가죽시트 있음 26개 옵션 모두보기 차량 상태 성능점검을 등록한 차량이에요 제시번호 : 6780652624 본 차량의 성능 점검 기록부는 판매자가 사진으로 등록했습니다. 성능기록부 자세히보기 보증 현황 제조사 보증제조사보증도움말 일반/차체 엔진/미션 엔카금융 1분만에 한도/금리 비교 다양한 금융사의 금리를 비교해보세요 방문없이 조회가 가능해요 신용점수에 영향이 없어요 금리 비교하기 판매자 정보 판매자정보사진 유레카천경민매매 판매자 정보 판매중22판매완료52 경기 부천시 오정구 종사원증번호 GG24-01615상사/조합정보 구매 가이드 허위매물 대처 압류 및 저당 처리 성능 상태 점검기록부 차량 금액 외 별도 수수료 차량 이전등록 차량 체크사항 알림등록 비슷한 조건의 동일한 모델이 신규매물로 등록되면 알려드릴까요? 알림등록 250만원 총비용계산기 보험료 계산 대출상품 조회 리스상품 조회 보험이력 비공개 성능점검내역 일반/엔카직영 신차가격표 판매자 문의하기 중고차시세 팔린매물 동급매물 엔카 중고차론 금융사 비교하고 제휴 추가할인 금리 4.9% 부터~ 닫기 허위매물 단속 및 매매관련 분쟁 처리 등을 위해 050안심번호로문의하면 전화번호와 통화내용이 엔카에 자동 저장됩니다.050도움말 엔카는 등록 시스템만을 제공하며, 판매자가 직접 등록한 차량의 모든 책임은 판매자에게 있습니다. 신고하기 회사소개인재채용클린엔카지점안내엔카직영성능점검장안내매매지원이용약관고객센터디스플레이광고개인정보처리방침금융소비자보호원격지원서비스 네이버 블로그 인스타그램 유튜브 페이스북 패밀리사이트 O2O를 잇는 신뢰와 기술로 차량을 사고 파는 모습의 진화를 만듭니다 고객센터 : 1599-5455FAX : 02-754-8768대표메일 : trust@encar.com주소 : 서울특별시 중구 통일로2길 16, 18~19층(순화동) 사업자 등록번호 : 104-86-54476통신판매업신고 : 제2014-서울중구-0393호대표자 : 김상범Copyright © 엔카닷컴(주) 내 차를 최고가에 팔고, 믿고 사는 가장 좋은 방법. 엔카닷컴(주) 엔카닷컴(주)는 통신판매중개자로서 통신판매의 당사자가 아니며, 상품·거래정보, 거래에 대하여 책임을 지지 않습니다."
41054615,YF 쏘나타CVVL 럭셔리 연식,12/04식,105294,가솔린,서울,430,https://fem.encar.com/cars/detail/41054615?advClickPosition=mweb_mopre_g5_t400&listAdvType=mpremium&type=detail&view_type=checked,"엔카 기본정보 옵션정보 차량상태 보증현황 판매자 정보 딜러 셀프등록 로그인/회원가입 채팅 전체메뉴 엔카진단 등록번호 41054615조회수 1,012찜 26 신고하기 프린트 공유하기 찜하기 무사고/짧은주행거리/7일시승후구입여부결정가능 이전이미지 다음이미지 1 / 20 사진 모두보기 YF 쏘나타CVVL 럭셔리 연식 12/04식 연형정보 주행거리 105,294km 연료 가솔린 차량번호 274도8760 자세히 엔카가 아래 사항을 모두 진단 하였습니다 툴팁 엔카진단 프레임무사고 확인 옵션 정보더보기 주요옵션 옵션 설명 보기 선루프 없음 헤드램프 (HID) 없음 주차감지센서 있음 후방카메라 없음 자동에어컨 있음 스마트키 있음 내비게이션 없음 열선시트 있음 통풍시트 없음 가죽시트 있음 28개 옵션 모두보기 이 차를 추천하는 이유더보기 가족 간의 차량공유와 예고 없이 찾아보는 키 분실 시에도 즉각 대처가 가능한 여유분의 스마트키로 걱정 없는 운행 가능하며 전좌석 열선시트로 따뜻한 주행이 가능하네요 차량 상태 엔카진단 엔카가 무사고 진단을 했어요 프레임 진단 정상 외부패널 진단 정상 엔카진단 자세히 보기 성능점검을 등록한 차량이에요 제시번호 : 2025149947 교환 없음 판금 없음 부식 없음 성능기록부 자세히보기 차량이력 내차 피해 총 397,542원 (1회) 타차 가해 총 1,975,798원 (3회) 특이 사항 없음 차량이력 자세히 보기 보증 현황 제조사 보증제조사보증도움말 일반/차체 엔진/미션 엔카금융 1분만에 한도/금리 비교 다양한 금융사의 금리를 비교해보세요 방문없이 조회가 가능해요 신용점수에 영향이 없어요 금리 비교하기 판매자 정보 판매자정보사진 트루카채기은매매 판매자 정보 판매중28판매완료117 인천 서구 종사원증번호 IM23-00556상사/조합정보 구매 가이드 허위매물 대처 압류 및 저당 처리 성능 상태 점검기록부 차량 금액 외 별도 수수료 차량 이전등록 차량 체크사항 알림등록 비슷한 조건의 동일한 모델이 신규매물로 등록되면 알려드릴까요? 알림등록 430만원 총비용계산기 보험료 계산 대출상품 조회 리스상품 조회 보험이력 4건 성능점검내역 일반/엔카직영 신차대비 -% 신차가격표 판매자 문의하기 중고차시세 팔린매물 동급매물 엔카 중고차론 금융사 비교하고 제휴 추가할인 금리 4.9% 부터~ 닫기 허위매물 단속 및 매매관련 분쟁 처리 등을 위해 050안심번호로문의하면 전화번호와 통화내용이 엔카에 자동 저장됩니다.050도움말 엔카는 등록 시스템만을 제공하며, 판매자가 직접 등록한 차량의 모든 책임은 판매자에게 있습니다. 신고하기 회사소개인재채용클린엔카지점안내엔카직영성능점검장안내매매지원이용약관고객센터디스플레이광고개인정보처리방침금융소비자보호원격지원서비스 네이버 블로그 인스타그램 유튜브 페이스북 패밀리사이트 O2O를 잇는 신뢰와 기술로 차량을 사고 파는 모습의 진화를 만듭니다 고객센터 : 1599-5455FAX : 02-754-8768대표메일 : trust@encar.com주소 : 서울특별시 중구 통일로2길 16, 18~19층(순화동) 사업자 등록번호 : 104-86-54476통신판매업신고 : 제2014-서울중구-0393호대표자 : 김상범Copyright © 엔카닷컴(주) 내 차를 최고가에 팔고, 믿고 사는 가장 좋은 방법. 엔카닷컴(주) 엔카닷컴(주)는 통신판매중개자로서 통신판매의 당사자가 아니며, 상품·거래정보, 거래에 대하여 책임을 지지 않습니다."
41225357,YF 쏘나타Y20 프라임 연식,10/09식,117226,가솔린,서울,330,https://fem.encar.com/cars/detail/41225357?advClickPosition=mweb_mopre_g6_t400&listAdvType=mpremium&type=detail&view_type=normal,"엔카 기본정보 옵션정보 차량상태 보증현황 판매자 정보 딜러 셀프등록 로그인/회원가입 채팅 전체메뉴 열기 등록번호 41225357조회수 412찜 6 신고하기 프린트 공유하기 찜하기 #양호#HOT#COOL 엔카 실촬영 이전이미지 다음이미지 1 / 20 사진 모두보기 YF 쏘나타Y20 프라임 연식 10/09식 (11년형) 연형정보 주행거리 117,226km 연료 가솔린 차량번호 22누5072 자세히 옵션 정보더보기 주요옵션 옵션 설명 보기 선루프 없음 헤드램프 (HID) 없음 주차감지센서 있음 후방카메라 있음 자동에어컨 있음 스마트키 없음 내비게이션 있음 열선시트 있음 통풍시트 없음 가죽시트 없음 25개 옵션 모두보기 차량 상태 성능점검을 등록한 차량이에요 제시번호 : 20251617179 교환 4 판금 1 부식 없음 성능기록부 자세히보기 차량이력 내차 피해 총 3,053,803원 (3회) 타차 가해 총 1,109,677원 (1회) 특이 사항 없음 차량이력 자세히 보기 보증 현황 제조사 보증제조사보증도움말 일반/차체 엔진/미션 엔카금융 1분만에 한도/금리 비교 다양한 금융사의 금리를 비교해보세요 방문없이 조회가 가능해요 신용점수에 영향이 없어요 금리 비교하기 판매자 정보 판매자정보사진 경기모터스이애화매매 판매자 정보 판매중55판매완료200 경기 안산시 단원구 원포공원2로 24 종사원증번호 GC21-00518상사/조합정보 구매 가이드 허위매물 대처 압류 및 저당 처리 성능 상태 점검기록부 차량 금액 외 별도 수수료 차량 이전등록 차량 체크사항 알림등록 비슷한 조건의 동일한 모델이 신규매물로 등록되면 알려드릴까요? 알림등록 330만원 총비용계산기 보험료 계산 대출상품 조회 리스상품 조회 보험이력 4건 성능점검내역 일반/엔카직영 신차대비 14% 신차가격표 판매자 문의하기 중고차시세 팔린매물 동급매물 엔카 중고차론 금융사 비교하고 제휴 추가할인 금리 4.9% 부터~ 닫기 허위매물 단속 및 매매관련 분쟁 처리 등을 위해 050안심번호로문의하면 전화번호와 통화내용이 엔카에 자동 저장됩니다.050도움말 엔카는 등록 시스템만을 제공하며, 판매자가 직접 등록한 차량의 모든 책임은 판매자에게 있습니다. 신고하기 회사소개인재채용클린엔카지점안내엔카직영성능점검장안내매매지원이용약관고객센터디스플레이광고개인정보처리방침금융소비자보호원격지원서비스 네이버 블로그 인스타그램 유튜브 페이스북 패밀리사이트 O2O를 잇는 신뢰와 기술로 차량을 사고 파는 모습의 진화를 만듭니다 고객센터 : 1599-5455FAX : 02-754-8768대표메일 : trust@encar.com주소 : 서울특별시 중구 통일로2길 16, 18~19층(순화동) 사업자 등록번호 : 104-86-54476통신판매업신고 : 제2014-서울중구-0393호대표자 : 김상범Copyright © 엔카닷컴(주) 내 차를 최고가에 팔고, 믿고 사는 가장 좋은 방법. 엔카닷컴(주) 엔카닷컴(주)는 통신판매중개자로서 통신판매의 당사자가 아니며, 상품·거래정보, 거래에 대하여 책임을 지지 않습니다."
40955073,YF 쏘나타Y20 프라임고급형 연식,10/05식,136187,가솔린,서울,135,https://fem.encar.com/cars/detail/40955073?advClickPosition=mweb_mopre_g7_t400&listAdvType=mpremium&type=detail&view_type=normal,"엔카 기본정보 옵션정보 차량상태 보증현황 판매자 정보 딜러 셀프등록 로그인/회원가입 채팅 전체메뉴 열기 등록번호 40955073조회수 1,433찜 20 신고하기 프린트 공유하기 찜하기 #양호#HOT#COOL 가성비 끝판왕 !! 이전이미지 다음이미지 1 / 20 사진 모두보기 YF 쏘나타Y20 프라임고급형 연식 10/05식 연형정보 주행거리 136,187km 연료 가솔린 차량번호 64러9792 자세히 옵션 정보더보기 주요옵션 옵션 설명 보기 선루프 없음 헤드램프 (HID) 없음 주차감지센서 있음 후방카메라 있음 자동에어컨 있음 스마트키 없음 내비게이션 있음 열선시트 있음 통풍시트 없음 가죽시트 있음 25개 옵션 모두보기 이 차만의 옵션더보기 Intelligent DMB 네비게이션(외장형 앰프,서브 우퍼, 음성 인식 포함) 135만원 차량 상태 성능점검을 등록한 차량이에요 제시번호 : 20251118 교환 1 판금 2 부식 없음 성능기록부 자세히보기 차량이력 내차 피해 총 1,610,378원 (3회) 타차 가해 총 1,423,862원 (2회) 특이 사항 렌트 이력 차량이력 자세히 보기 보증 현황 제조사 보증제조사보증도움말 일반/차체 엔진/미션 엔카금융 1분만에 한도/금리 비교 다양한 금융사의 금리를 비교해보세요 방문없이 조회가 가능해요 신용점수에 영향이 없어요 금리 비교하기 판매자 정보 판매자정보사진 UCS.AUTO현재욱매매 판매자 정보 판매중20판매완료103 서울 강서구 종사원증번호 se21-00915상사/조합정보 중고차 거래가 불안하고 어려우신가요? · 프라이빗한 공간(안심거래존)에서 판매자를 만나 차량을 확인하고 상담할 수 있습니다. · 엔카가 편안하고 안전하게 상담할 수 있도록 도와드립니다. 안심거래존에서 차량 확인하기 구매 가이드 허위매물 대처 압류 및 저당 처리 성능 상태 점검기록부 차량 금액 외 별도 수수료 차량 이전등록 차량 체크사항 알림등록 비슷한 조건의 동일한 모델이 신규매물로 등록되면 알려드릴까요? 알림등록 430만원 총비용계산기 보험료 계산 대출상품 조회 리스상품 조회 보험이력 5건 성능점검내역 일반/엔카직영 신차대비 17% 신차가격표 판매자 문의하기 중고차시세 팔린매물 동급매물 엔카 중고차론 금융사 비교하고 제휴 추가할인 금리 4.9% 부터~ 닫기 허위매물 단속 및 매매관련 분쟁 처리 등을 위해 050안심번호로문의하면 전화번호와 통화내용이 엔카에 자동 저장됩니다.050도움말 엔카는 등록 시스템만을 제공하며, 판매자가 직접 등록한 차량의 모든 책임은 판매자에게 있습니다. 신고하기 회사소개인재채용클린엔카지점안내엔카직영성능점검장안내매매지원이용약관고객센터디스플레이광고개인정보처리방침금융소비자보호원격지원서비스 네이버 블로그 인스타그램 유튜브 페이스북 패밀리사이트 O2O를 잇는 신뢰와 기술로 차량을 사고 파는 모습의 진화를 만듭니다 고객센터 : 1599-5455FAX : 02-754-8768대표메일 : trust@encar.com주소 : 서울특별시 중구 통일로2길 16, 18~19층(순화동) 사업자 등록번호 : 104-86-54476통신판매업신고 : 제2014-서울중구-0393호대표자 : 김상범Copyright © 엔카닷컴(주) 내 차를 최고가에 팔고, 믿고 사는 가장 좋은 방법. 엔카닷컴(주) 엔카닷컴(주)는 통신판매중개자로서 통신판매의 당사자가 아니며, 상품·거래정보, 거래에 대하여 책임을 지지 않습니다."
41265617,YF 쏘나타Y20 럭셔리 연식,12/01식,98009,가솔린,서울,420,https://fem.encar.com/cars/detail/41265617?advClickPosition=mweb_mowoo_g1_t400&listAdvType=mowoo&type=detail&view_type=normal,"엔카 기본정보 옵션정보 차량상태 보증현황 판매자 정보 딜러 셀프등록 로그인/회원가입 채팅 전체메뉴 열기 등록번호 41265617조회수 90찜 4 신고하기 프린트 공유하기 찜하기 #양호#HOT#COOL 엔카 실촬영 최저가 패밀리카 이전이미지 다음이미지 1 / 20 사진 모두보기 YF 쏘나타Y20 럭셔리 연식 12/01식 연형정보 주행거리 98,009km 연료 가솔린 차량번호 14모3387 자세히 옵션 정보더보기 주요옵션 옵션 설명 보기 선루프 없음 헤드램프 (HID) 없음 주차감지센서 있음 후방카메라 없음 자동에어컨 있음 스마트키 있음 내비게이션 있음 열선시트 있음 통풍시트 없음 가죽시트 있음 30개 옵션 모두보기 차량 상태 엔카가 직접 성능점검을 했어요 제시번호 : 67-04-555205 엔카 직영성능장에서는 69개 항목을 꼼꼼히 점검합니다. 정확한 성능점검 기록으로 타사 대비 최대 55% 성능보험료가 저렴합니다. 교환 1 판금 2 부식 없음 성능기록부 자세히보기 차량이력 내차 피해 총 4,643,980원 (3회) 타차 가해 없음 특이 사항 없음 차량이력 자세히 보기 보증 현황 제조사 보증제조사보증도움말 일반/차체 엔진/미션 엔카금융 1분만에 한도/금리 비교 다양한 금융사의 금리를 비교해보세요 방문없이 조회가 가능해요 신용점수에 영향이 없어요 금리 비교하기 판매자 정보 판매자정보사진 (주)픽플러스김현남매매 판매자 정보 판매중36판매완료156 경기 고양시 일산동구 종사원증번호 GG20-02141상사/조합정보 중고차 거래가 불안하고 어려우신가요? · 프라이빗한 공간(안심거래존)에서 판매자를 만나 차량을 확인하고 상담할 수 있습니다. · 엔카가 편안하고 안전하게 상담할 수 있도록 도와드립니다. 안심거래존에서 차량 확인하기 구매 가이드 허위매물 대처 압류 및 저당 처리 성능 상태 점검기록부 차량 금액 외 별도 수수료 차량 이전등록 차량 체크사항 알림등록 비슷한 조건의 동일한 모델이 신규매물로 등록되면 알려드릴까요? 알림등록 420만원 총비용계산기 보험료 계산 대출상품 조회 리스상품 조회 보험이력 3건 성능점검내역 일반/엔카직영 신차대비 17% 신차가격표 판매자 문의하기 중고차시세 팔린매물 동급매물 엔카 중고차론 금융사 비교하고 제휴 추가할인 금리 4.9% 부터~ 닫기 허위매물 단속 및 매매관련 분쟁 처리 등을 위해 050안심번호로문의하면 전화번호와 통화내용이 엔카에 자동 저장됩니다.050도움말 엔카는 등록 시스템만을 제공하며, 판매자가 직접 등록한 차량의 모든 책임은 판매자에게 있습니다. 신고하기 회사소개인재채용클린엔카지점안내엔카직영성능점검장안내매매지원이용약관고객센터디스플레이광고개인정보처리방침금융소비자보호원격지원서비스 네이버 블로그 인스타그램 유튜브 페이스북 패밀리사이트 O2O를 잇는 신뢰와 기술로 차량을 사고 파는 모습의 진화를 만듭니다 고객센터 : 1599-5455FAX : 02-754-8768대표메일 : trust@encar.com주소 : 서울특별시 중구 통일로2길 16, 18~19층(순화동) 사업자 등록번호 : 104-86-54476통신판매업신고 : 제2014-서울중구-0393호대표자 : 김상범Copyright © 엔카닷컴(주) 내 차를 최고가에 팔고, 믿고 사는 가장 좋은 방법. 엔카닷컴(주) 엔카닷컴(주)는 통신판매중개자로서 통신판매의 당사자가 아니며, 상품·거래정보, 거래에 대하여 책임을 지지 않습니다."
41310694,YF 쏘나타LPI 럭셔리 연식,12/06식,143280,LPG(일반인 구입),서울,390,https://fem.encar.com/cars/detail/41310694?advClickPosition=mweb_mowoo_g2_t400&listAdvType=mowoo&type=detail&view_type=normal,"엔카 기본정보 옵션정보 차량상태 보증현황 판매자 정보 딜러 셀프등록 로그인/회원가입 채팅 전체메뉴 열기 등록번호 41310694조회수 72찜 0 신고하기 프린트 공유하기 찜하기 이전이미지 다음이미지 1 / 20 사진 모두보기 YF 쏘나타LPI 럭셔리 연식 12/06식 연형정보 주행거리 143,280km 연료 LPG(일반인 구입) 차량번호 59더1439 자세히 옵션 정보더보기 주요옵션 옵션 설명 보기 선루프 없음 헤드램프 (HID) 없음 주차감지센서 있음 후방카메라 있음 자동에어컨 없음 스마트키 없음 내비게이션 없음 열선시트 없음 통풍시트 없음 가죽시트 있음 18개 옵션 모두보기 차량 상태 성능점검을 등록한 차량이에요 제시번호 : 2510016651 교환 없음 판금 없음 부식 없음 성능기록부 자세히보기 보증 현황 제조사 보증제조사보증도움말 일반/차체 엔진/미션 엔카금융 1분만에 한도/금리 비교 다양한 금융사의 금리를 비교해보세요 방문없이 조회가 가능해요 신용점수에 영향이 없어요 금리 비교하기 판매자 정보 판매자정보사진 (주)정모터스임익환매매 판매자 정보 판매중158판매완료1227 대전 유성구 복용동로 35 종사원증번호 214201285상사/조합정보 구매 가이드 허위매물 대처 압류 및 저당 처리 성능 상태 점검기록부 차량 금액 외 별도 수수료 차량 이전등록 차량 체크사항 알림등록 비슷한 조건의 동일한 모델이 신규매물로 등록되면 알려드릴까요? 알림등록 390만원 총비용계산기 보험료 계산 대출상품 조회 리스상품 조회 보험이력 공개 성능점검내역 일반/엔카직영 신차가격표 판매자 문의하기 중고차시세 팔린매물 동급매물 엔카 중고차론 금융사 비교하고 제휴 추가할인 금리 4.9% 부터~ 닫기 허위매물 단속 및 매매관련 분쟁 처리 등을 위해 050안심번호로문의하면 전화번호와 통화내용이 엔카에 자동 저장됩니다.050도움말 엔카는 등록 시스템만을 제공하며, 판매자가 직접 등록한 차량의 모든 책임은 판매자에게 있습니다. 신고하기 회사소개인재채용클린엔카지점안내엔카직영성능점검장안내매매지원이용약관고객센터디스플레이광고개인정보처리방침금융소비자보호원격지원서비스 네이버 블로그 인스타그램 유튜브 페이스북 패밀리사이트 O2O를 잇는 신뢰와 기술로 차량을 사고 파는 모습의 진화를 만듭니다 고객센터 : 1599-5455FAX : 02-754-8768대표메일 : trust@encar.com주소 : 서울특별시 중구 통일로2길 16, 18~19층(순화동) 사업자 등록번호 : 104-86-54476통신판매업신고 : 제2014-서울중구-0393호대표자 : 김상범Copyright © 엔카닷컴(주) 내 차를 최고가에 팔고, 믿고 사는 가장 좋은 방법. 엔카닷컴(주) 엔카닷컴(주)는 통신판매중개자로서 통신판매의 당사자가 아니며, 상품·거래정보, 거래에 대하여 책임을 지지 않습니다."
41643943,YF 쏘나타CVVL 프리미어 연식,12/03식,72521,가솔린,서울,8,https://fem.encar.com/cars/detail/41643943?advClickPosition=mweb_mhightlight_g1_t400&listAdvType=mhighlight&type=detail&view_type=hs_ad,"엔카 기본정보 옵션정보 차량상태 보증현황 엔카서비스 딜러 셀프등록 로그인/회원가입 채팅 전체메뉴 엔카진단+ 엔카믿고 등록번호 41639147조회수 29찜 0 신고하기 프린트 공유하기 찜하기 이전이미지 다음이미지 1 / 20 사진 모두보기 YF 쏘나타CVVL 프리미어 연식 12/03식 연형정보 주행거리 72,521km 연료 가솔린 차량번호 31저2593 자세히 엔카가 아래 사항을 모두 진단 하였습니다 툴팁 엔카진단+ 프레임무사고 확인 내외부차량 관리 상태 확인 엔카를 통한 구매는 환불을 보장합니다 엔카믿고 차량확인 시원하는 곳으로 배송 구매 시7일간 타보고 환불가능 옵션 정보더보기 주요옵션 옵션 설명 보기 선루프 없음 헤드램프 (HID) 없음 주차감지센서 있음 후방카메라 없음 자동에어컨 있음 스마트키 있음 내비게이션 없음 열선시트 있음 통풍시트 없음 가죽시트 있음 29개 옵션 모두보기 이 차만의 옵션더보기 화이트 크리스탈(WHC) 외장컬러선택옵션설명 자세히보기 8만원 Intelligent DMB 내비게이션(외장형 앰프, 서브우퍼, 음성 인식, 후방카메라, 후방주차가이드 시스템 포함) 160만원 이 차를 추천하는 이유더보기 선호도 높은 화이트 컬러의 바디를 자랑하며 후방 카메라가 탑재되어 있어 안전한 주차가 가능한 차량입니다 기본기 갖춘 가성비 차량으로 추천드립니다 차량 상태 엔카진단+ 엔카가 무사고 진단을 했어요 프레임 진단 정상 외부패널 진단 교환 엔카진단 자세히 보기 엔카가 차량상태를 확인했어요 더보기 외관 스크래치, 등화장치, 타이어 상태, 실내 냄새까지 엔카 진단센터에서 직접 확인했어요. 차량 키 개수 2개 틴팅(앞 유리) 없음 타이어트레드 잔량 (앞) 툴팁 4mm 타이어트레드 잔량 (뒤) 툴팁 6mm 더보기 차량관리상태 모두보기 성능점검을 등록한 차량이에요 제시번호 : 2026010930 교환 1 판금 1 부식 없음 성능기록부 자세히보기 차량이력 내차 피해 총 1,395,836원 (2회) 타차 가해 총 823,313원 (1회) 특이 사항 없음 차량이력 자세히 보기 보증 현황 제조사 보증제조사보증도움말 일반/차체 엔진/미션 엔카보증 성능보험보험사제공성능보험도움말 30일/2,000km 약 60개 부품 보증 (법적 의무 가입대상) 엔카종합보증엔카제공엔카종합보증도움말 ~180일/10,000km 약 160개 부품 보증, 가입 시 보상한도 내 무제한 보증 수리 엔카를 통해 구매하기 엔카믿고 제공혜택 차량확인 시원하는 곳으로 배송 구매 시7일간 타보고 환불가능 집앞으로 배송받기 엔카 전담 상담원 엔카 매니저 고객님과 꼼꼼히 상담 후 배송해드린 차량을 7일간 타보세요. 대출 상담부터 스크래치 확인까지 1:1로 엔카매니저가 모두 도와드리는 서비스 입니다. 판매자 정보 엔카금융 1분만에 한도/금리 비교 다양한 금융사의 금리를 비교해보세요 방문없이 조회가 가능해요 신용점수에 영향이 없어요 금리 비교하기 구매 가이드 허위매물 대처 압류 및 저당 처리 성능 상태 점검기록부 차량 금액 외 별도 수수료 차량 이전등록 차량 체크사항 알림등록 비슷한 조건의 동일한 모델이 신규매물로 등록되면 알려드릴까요? 알림등록 630만원 총비용계산기 보험료 계산 대출상품 조회 리스상품 조회 보험이력 3건 성능점검내역 일반/엔카직영 신차대비 -% 신차가격표 문의하기 엔카를 통해 구매하기 중고차시세 팔린매물 동급매물 엔카 중고차론 금융사 비교하고 제휴 추가할인 금리 4.9% 부터~ 닫기 허위매물 단속 및 매매관련 분쟁 처리 등을 위해 050안심번호로문의하면 전화번호와 통화내용이 엔카에 자동 저장됩니다.050도움말 회사소개인재채용클린엔카지점안내엔카직영성능점검장안내매매지원이용약관고객센터디스플레이광고개인정보처리방침금융소비자보호원격지원서비스 네이버 블로그 인스타그램 유튜브 페이스북 패밀리사이트 O2O를 잇는 신뢰와 기술로 차량을 사고 파는 모습의 진화를 만듭니다 고객센터 : 1599-5455FAX : 02-754-8768대표메일 : trust@encar.com주소 : 서울특별시 중구 통일로2길 16, 18~19층(순화동) 사업자 등록번호 : 104-86-54476통신판매업신고 : 제2014-서울중구-0393호대표자 : 김상범Copyright © 엔카닷컴(주) 내 차를 최고가에 팔고, 믿고 사는 가장 좋은 방법. 엔카닷컴(주) 엔카닷컴(주)는 통신판매중개자로서 통신판매의 당사자가 아니며, 상품·거래정보, 거래에 대하여 책임을 지지 않습니다."
39444771,YF 쏘나타Y20 탑최고급형 연식,10/04식,73832,가솔린,서울,115,https://fem.encar.com/cars/detail/39444771?advClickPosition=mweb_mhightlight_g2_t400&listAdvType=mhighlight&type=detail&view_type=checked,"엔카 기본정보 옵션정보 차량상태 보증현황 판매자 정보 딜러 셀프등록 로그인/회원가입 채팅 전체메뉴 열기 엔카진단 등록번호 39444771조회수 275찜 2 신고하기 프린트 공유하기 찜하기 이전이미지 다음이미지 1 / 20 사진 모두보기 YF 쏘나타Y20 탑최고급형 연식 10/04식 연형정보 주행거리 73,832km 연료 가솔린 차량번호 53라8236 자세히 엔카가 아래 사항을 모두 진단 하였습니다 툴팁 엔카진단 프레임무사고 확인 옵션 정보더보기 주요옵션 옵션 설명 보기 선루프 있음 헤드램프 (HID) 있음 주차감지센서 있음 후방카메라 없음 자동에어컨 있음 스마트키 있음 내비게이션 없음 열선시트 있음 통풍시트 없음 가죽시트 있음 33개 옵션 모두보기 이 차만의 옵션더보기 3피스 타입 파노라마 썬루프(전동식 롤 블라인드) 115만원 이 차를 추천하는 이유더보기 연식 및 주행거리 대비 양호한 실내를 유지하고 있으며 빠른 환기 및 따뜻한 채광을 느낄 수 있는 파노라마 선루프 선택옵션이 추가되어 강력추천 드리는 차량입니다! 차량 상태 엔카진단 엔카가 무사고 진단을 했어요 프레임 진단 정상 외부패널 진단 정상 엔카진단 자세히 보기 성능점검을 등록한 차량이에요 제시번호 : 20251170533 교환 없음 판금 2 부식 없음 성능기록부 자세히보기 차량이력 내차 피해 총 1,079,420원 (1회) 타차 가해 없음 특이 사항 없음 차량이력 자세히 보기 보증 현황 제조사 보증제조사보증도움말 일반/차체 엔진/미션 엔카금융 1분만에 한도/금리 비교 다양한 금융사의 금리를 비교해보세요 방문없이 조회가 가능해요 신용점수에 영향이 없어요 금리 비교하기 판매자 정보 판매자정보사진 (주)건우모터스이정훈매매 판매자 정보 판매중51판매완료207 경기 안산시 단원구 종사원증번호 GC21-00308상사/조합정보 구매 가이드 허위매물 대처 압류 및 저당 처리 성능 상태 점검기록부 차량 금액 외 별도 수수료 차량 이전등록 차량 체크사항 알림등록 비슷한 조건의 동일한 모델이 신규매물로 등록되면 알려드릴까요? 알림등록 470만원 총비용계산기 보험료 계산 대출상품 조회 리스상품 조회 보험이력 1건 성능점검내역 일반/엔카직영 신차대비 -% 신차가격표 판매자 문의하기 중고차시세 팔린매물 동급매물 엔카 중고차론 금융사 비교하고 제휴 추가할인 금리 4.9% 부터~ 닫기 허위매물 단속 및 매매관련 분쟁 처리 등을 위해 050안심번호로문의하면 전화번호와 통화내용이 엔카에 자동 저장됩니다.050도움말 엔카는 등록 시스템만을 제공하며, 판매자가 직접 등록한 차량의 모든 책임은 판매자에게 있습니다. 신고하기 회사소개인재채용클린엔카지점안내엔카직영성능점검장안내매매지원이용약관고객센터디스플레이광고개인정보처리방침금융소비자보호원격지원서비스 네이버 블로그 인스타그램 유튜브 페이스북 패밀리사이트 O2O를 잇는 신뢰와 기술로 차량을 사고 파는 모습의 진화를 만듭니다 고객센터 : 1599-5455FAX : 02-754-8768대표메일 : trust@encar.com주소 : 서울특별시 중구 통일로2길 16, 18~19층(순화동) 사업자 등록번호 : 104-86-54476통신판매업신고 : 제2014-서울중구-0393호대표자 : 김상범Copyright © 엔카닷컴(주) 내 차를 최고가에 팔고, 믿고 사는 가장 좋은 방법. 엔카닷컴(주) 엔카닷컴(주)는 통신판매중개자로서 통신판매의 당사자가 아니며, 상품·거래정보, 거래에 대하여 책임을 지지 않습니다."
41639147,YF 쏘나타CVVL 프리미어 연식,12/03식,72521,가솔린,서울,8,https://fem.encar.com/cars/detail/41639147?advClickPosition=mweb_mhightlight_g3_t400&listAdvType=mhighlight&type=detail&view_type=checked,"엔카 기본정보 옵션정보 차량상태 보증현황 판매자 정보 딜러 셀프등록 로그인/회원가입 채팅 전체메뉴 열기 엔카진단+ 등록번호 41639147조회수 30찜 0 신고하기 프린트 공유하기 찜하기 이전이미지 다음이미지 1 / 20 사진 모두보기 YF 쏘나타CVVL 프리미어 연식 12/03식 연형정보 주행거리 72,521km 연료 가솔린 차량번호 31저2593 자세히 엔카가 아래 사항을 모두 진단 하였습니다 툴팁 엔카진단+ 프레임무사고 확인 내외부차량 관리 상태 확인 옵션 정보더보기 주요옵션 옵션 설명 보기 선루프 없음 헤드램프 (HID) 없음 주차감지센서 있음 후방카메라 없음 자동에어컨 있음 스마트키 있음 내비게이션 없음 열선시트 있음 통풍시트 없음 가죽시트 있음 29개 옵션 모두보기 이 차만의 옵션더보기 화이트 크리스탈(WHC) 외장컬러선택옵션설명 자세히보기 8만원 Intelligent DMB 내비게이션(외장형 앰프, 서브우퍼, 음성 인식, 후방카메라, 후방주차가이드 시스템 포함) 160만원 이 차를 추천하는 이유더보기 선호도 높은 화이트 컬러의 바디를 자랑하며 후방 카메라가 탑재되어 있어 안전한 주차가 가능한 차량입니다 기본기 갖춘 가성비 차량으로 추천드립니다 차량 상태 엔카진단+ 엔카가 무사고 진단을 했어요 프레임 진단 정상 외부패널 진단 교환 엔카진단 자세히 보기 엔카가 차량상태를 확인했어요 더보기 외관 스크래치, 등화장치, 타이어 상태, 실내 냄새까지 엔카 진단센터에서 직접 확인했어요. 차량 키 개수 2개 틴팅(앞 유리) 없음 타이어트레드 잔량 (앞) 툴팁 4mm 타이어트레드 잔량 (뒤) 툴팁 6mm 더보기 차량관리상태 모두보기 성능점검을 등록한 차량이에요 제시번호 : 2026010930 교환 1 판금 1 부식 없음 성능기록부 자세히보기 차량이력 내차 피해 총 1,395,836원 (2회) 타차 가해 총 823,313원 (1회) 특이 사항 없음 차량이력 자세히 보기 보증 현황 제조사 보증제조사보증도움말 일반/차체 엔진/미션 엔카금융 1분만에 한도/금리 비교 다양한 금융사의 금리를 비교해보세요 방문없이 조회가 가능해요 신용점수에 영향이 없어요 금리 비교하기 판매자 정보 판매자정보사진 뉴정우모터스김영주매매 판매자 정보 판매중229판매완료969 인천 미추홀구 염전로 381 종사원증번호 ic20-00915상사/조합정보 이 차량을 '엔카믿고'로 신청하시면 엔카가 거래 과정을 함께 합니다. 엔카에 거래 도움받기 구매 가이드 허위매물 대처 압류 및 저당 처리 성능 상태 점검기록부 차량 금액 외 별도 수수료 차량 이전등록 차량 체크사항 알림등록 비슷한 조건의 동일한 모델이 신규매물로 등록되면 알려드릴까요? 알림등록 630만원 총비용계산기 보험료 계산 대출상품 조회 리스상품 조회 보험이력 3건 성능점검내역 일반/엔카직영 신차대비 -% 신차가격표 판매자 문의하기 중고차시세 팔린매물 동급매물 엔카 중고차론 금융사 비교하고 제휴 추가할인 금리 4.9% 부터~ 닫기 허위매물 단속 및 매매관련 분쟁 처리 등을 위해 050안심번호로문의하면 전화번호와 통화내용이 엔카에 자동 저장됩니다.050도움말 엔카는 등록 시스템만을 제공하며, 판매자가 직접 등록한 차량의 모든 책임은 판매자에게 있습니다. 신고하기 회사소개인재채용클린엔카지점안내엔카직영성능점검장안내매매지원이용약관고객센터디스플레이광고개인정보처리방침금융소비자보호원격지원서비스 네이버 블로그 인스타그램 유튜브 페이스북 패밀리사이트 O2O를 잇는 신뢰와 기술로 차량을 사고 파는 모습의 진화를 만듭니다 고객센터 : 1599-5455FAX : 02-754-8768대표메일 : trust@encar.com주소 : 서울특별시 중구 통일로2길 16, 18~19층(순화동) 사업자 등록번호 : 104-86-54476통신판매업신고 : 제2014-서울중구-0393호대표자 : 김상범Copyright © 엔카닷컴(주) 내 차를 최고가에 팔고, 믿고 사는 가장 좋은 방법. 엔카닷컴(주) 엔카닷컴(주)는 통신판매중개자로서 통신판매의 당사자가 아니며, 상품·거래정보, 거래에 대하여 책임을 지지 않습니다."
41019165,YF 쏘나타Y20 프라임블랙 연식,11/01식,94015,가솔린,서울,489,https://fem.encar.com/cars/detail/41019165?advClickPosition=mweb_mhightlight_g4_t400&listAdvType=mhighlight&type=detail&view_type=hs_ad,"엔카 기본정보 옵션정보 차량상태 보증현황 엔카서비스 딜러 셀프등록 로그인/회원가입 채팅 전체메뉴 열기 엔카진단+ 엔카믿고 등록번호 41018137조회수 316찜 12 신고하기 프린트 공유하기 찜하기 ★차량상태최상★엔진보링★아주썡쌩 이전이미지 다음이미지 1 / 20 사진 모두보기 YF 쏘나타Y20 프라임블랙 연식 11/01식 연형정보 주행거리 94,015km 연료 가솔린 차량번호 24거3546 자세히 엔카가 아래 사항을 모두 진단 하였습니다 툴팁 엔카진단+ 프레임무사고 확인 내외부차량 관리 상태 확인 엔카를 통한 구매는 환불을 보장합니다 엔카믿고 차량확인 시원하는 곳으로 배송 구매 시7일간 타보고 환불가능 옵션 정보더보기 주요옵션 옵션 설명 보기 선루프 없음 헤드램프 (HID) 없음 주차감지센서 있음 후방카메라 없음 자동에어컨 있음 스마트키 없음 내비게이션 없음 열선시트 있음 통풍시트 없음 가죽시트 있음 27개 옵션 모두보기 이 차를 추천하는 이유더보기 11년 출고 후 9만km대의 연식대비 짧은 주행거리를 유지중인 차량이며 1열 2열 모두 열선시트가 장착되어 추운날씨에도 따뜻한 이용이 가능해요 차량 상태 엔카진단+ 엔카가 무사고 진단을 했어요 프레임 진단 정상 외부패널 진단 정상 엔카진단 자세히 보기 엔카가 차량상태를 확인했어요 더보기 외관 스크래치, 등화장치, 타이어 상태, 실내 냄새까지 엔카 진단센터에서 직접 확인했어요. 차량 키 개수 1개 틴팅(앞 유리) 있음 타이어트레드 잔량 (앞) 툴팁 4mm 타이어트레드 잔량 (뒤) 툴팁 5mm 더보기 차량관리상태 모두보기 성능점검을 등록한 차량이에요 제시번호 : 20251549153 교환 1 판금 없음 부식 없음 성능기록부 자세히보기 차량이력 내차 피해 총 2,521,225원 (5회) 타차 가해 총 1,154,733원 (1회) 특이 사항 없음 차량이력 자세히 보기 보증 현황 제조사 보증제조사보증도움말 일반/차체 엔진/미션 엔카를 통해 구매하기 엔카믿고 제공혜택 차량확인 시원하는 곳으로 배송 구매 시7일간 타보고 환불가능 집앞으로 배송받기 엔카 전담 상담원 엔카 매니저 고객님과 꼼꼼히 상담 후 배송해드린 차량을 7일간 타보세요. 대출 상담부터 스크래치 확인까지 1:1로 엔카매니저가 모두 도와드리는 서비스 입니다. 판매자 정보 엔카금융 1분만에 한도/금리 비교 다양한 금융사의 금리를 비교해보세요 방문없이 조회가 가능해요 신용점수에 영향이 없어요 금리 비교하기 구매 가이드 허위매물 대처 압류 및 저당 처리 성능 상태 점검기록부 차량 금액 외 별도 수수료 차량 이전등록 차량 체크사항 알림등록 비슷한 조건의 동일한 모델이 신규매물로 등록되면 알려드릴까요? 알림등록 489만원 총비용계산기 보험료 계산 대출상품 조회 리스상품 조회 보험이력 6건 성능점검내역 일반/엔카직영 신차대비 -% 신차가격표 문의하기 엔카를 통해 구매하기 중고차시세 팔린매물 동급매물 엔카 중고차론 금융사 비교하고 제휴 추가할인 금리 4.9% 부터~ 닫기 허위매물 단속 및 매매관련 분쟁 처리 등을 위해 050안심번호로문의하면 전화번호와 통화내용이 엔카에 자동 저장됩니다.050도움말 회사소개인재채용클린엔카지점안내엔카직영성능점검장안내매매지원이용약관고객센터디스플레이광고개인정보처리방침금융소비자보호원격지원서비스 네이버 블로그 인스타그램 유튜브 페이스북 패밀리사이트 O2O를 잇는 신뢰와 기술로 차량을 사고 파는 모습의 진화를 만듭니다 고객센터 : 1599-5455FAX : 02-754-8768대표메일 : trust@encar.com주소 : 서울특별시 중구 통일로2길 16, 18~19층(순화동) 사업자 등록번호 : 104-86-54476통신판매업신고 : 제2014-서울중구-0393호대표자 : 김상범Copyright © 엔카닷컴(주) 내 차를 최고가에 팔고, 믿고 사는 가장 좋은 방법. 엔카닷컴(주) 엔카닷컴(주)는 통신판매중개자로서 통신판매의 당사자가 아니며, 상품·거래정보, 거래에 대하여 책임을 지지 않습니다."
41038293,YF 쏘나타LPI 디럭스 연식,10/02식,140843,LPG(일반인 구입),서울,370,https://fem.encar.com/cars/detail/41038293?advClickPosition=mweb_mhightlight_g6_t400&listAdvType=mhighlight&type=detail&view_type=normal,"엔카 기본정보 옵션정보 차량상태 보증현황 판매자 정보 딜러 셀프등록 로그인/회원가입 채팅 전체메뉴 열기 등록번호 41038293조회수 233찜 2 신고하기 프린트 공유하기 찜하기 #HOT#COOL#양호 엔카에서 촬영한 100% 실매물 차량입니다. 이전이미지 다음이미지 1 / 20 사진 모두보기 YF 쏘나타LPI 디럭스 연식 10/02식 연형정보 주행거리 140,843km 연료 LPG(일반인 구입) 차량번호 68거6445 자세히 옵션 정보더보기 주요옵션 옵션 설명 보기 선루프 없음 헤드램프 (HID) 없음 주차감지센서 없음 후방카메라 있음 자동에어컨 없음 스마트키 없음 내비게이션 있음 열선시트 없음 통풍시트 없음 가죽시트 있음 18개 옵션 모두보기 차량 상태 성능점검을 등록한 차량이에요 제시번호 : 2025107657 교환 4 판금 없음 부식 없음 성능기록부 자세히보기 차량이력 내차 피해 총 6,058,500원 (6회) 타차 가해 총 4,233,712원 (4회) 특이 사항 없음 차량이력 자세히 보기 보증 현황 제조사 보증제조사보증도움말 일반/차체 엔진/미션 엔카금융 1분만에 한도/금리 비교 다양한 금융사의 금리를 비교해보세요 방문없이 조회가 가능해요 신용점수에 영향이 없어요 금리 비교하기 판매자 정보 판매자정보사진 이슬모터스윤동하매매 판매자 정보 판매중14판매완료42 광주 서구 종사원증번호 19-062-00317상사/조합정보 구매 가이드 허위매물 대처 압류 및 저당 처리 성능 상태 점검기록부 차량 금액 외 별도 수수료 차량 이전등록 차량 체크사항 알림등록 비슷한 조건의 동일한 모델이 신규매물로 등록되면 알려드릴까요? 알림등록 370만원 총비용계산기 보험료 계산 대출상품 조회 리스상품 조회 보험이력 10건 성능점검내역 일반/엔카직영 신차가격표 판매자 문의하기 중고차시세 팔린매물 동급매물 엔카 중고차론 금융사 비교하고 제휴 추가할인 금리 4.9% 부터~ 닫기 허위매물 단속 및 매매관련 분쟁 처리 등을 위해 050안심번호로문의하면 전화번호와 통화내용이 엔카에 자동 저장됩니다.050도움말 엔카는 등록 시스템만을 제공하며, 판매자가 직접 등록한 차량의 모든 책임은 판매자에게 있습니다. 신고하기 회사소개인재채용클린엔카지점안내엔카직영성능점검장안내매매지원이용약관고객센터디스플레이광고개인정보처리방침금융소비자보호원격지원서비스 네이버 블로그 인스타그램 유튜브 페이스북 패밀리사이트 O2O를 잇는 신뢰와 기술로 차량을 사고 파는 모습의 진화를 만듭니다 고객센터 : 1599-5455FAX : 02-754-8768대표메일 : trust@encar.com주소 : 서울특별시 중구 통일로2길 16, 18~19층(순화동) 사업자 등록번호 : 104-86-54476통신판매업신고 : 제2014-서울중구-0393호대표자 : 김상범Copyright © 엔카닷컴(주) 내 차를 최고가에 팔고, 믿고 사는 가장 좋은 방법. 엔카닷컴(주) 엔카닷컴(주)는 통신판매중개자로서 통신판매의 당사자가 아니며, 상품·거래정보, 거래에 대하여 책임을 지지 않습니다."
41018137,YF 쏘나타Y20 프라임블랙 연식,11/01식,94015,가솔린,서울,489,https://fem.encar.com/cars/detail/41018137?advClickPosition=mweb_mhightlight_g7_t400&listAdvType=mhighlight&type=detail&view_type=checked,"엔카 기본정보 옵션정보 차량상태 보증현황 판매자 정보 딜러 셀프등록 로그인/회원가입 채팅 전체메뉴 엔카진단+ 등록번호 41018137조회수 316찜 1 신고하기 프린트 공유하기 찜하기 ★차량상태최상★엔진보링★아주썡쌩 이전이미지 다음이미지 1 / 20 사진 모두보기 YF 쏘나타Y20 프라임블랙 연식 11/01식 연형정보 주행거리 94,015km 연료 가솔린 차량번호 24거3546 자세히 엔카가 아래 사항을 모두 진단 하였습니다 툴팁 엔카진단+ 프레임무사고 확인 내외부차량 관리 상태 확인 옵션 정보더보기 주요옵션 옵션 설명 보기 선루프 없음 헤드램프 (HID) 없음 주차감지센서 있음 후방카메라 없음 자동에어컨 있음 스마트키 없음 내비게이션 없음 열선시트 있음 통풍시트 없음 가죽시트 있음 27개 옵션 모두보기 이 차를 추천하는 이유더보기 11년 출고 후 9만km대의 연식대비 짧은 주행거리를 유지중인 차량이며 1열 2열 모두 열선시트가 장착되어 추운날씨에도 따뜻한 이용이 가능해요 차량 상태 엔카진단+ 엔카가 무사고 진단을 했어요 프레임 진단 정상 외부패널 진단 정상 엔카진단 자세히 보기 엔카가 차량상태를 확인했어요 더보기 외관 스크래치, 등화장치, 타이어 상태, 실내 냄새까지 엔카 진단센터에서 직접 확인했어요. 차량 키 개수 1개 틴팅(앞 유리) 있음 타이어트레드 잔량 (앞) 툴팁 4mm 타이어트레드 잔량 (뒤) 툴팁 5mm 더보기 차량관리상태 모두보기 성능점검을 등록한 차량이에요 제시번호 : 20251549153 교환 1 판금 없음 부식 없음 성능기록부 자세히보기 차량이력 내차 피해 총 2,521,225원 (5회) 타차 가해 총 1,154,733원 (1회) 특이 사항 없음 차량이력 자세히 보기 보증 현황 제조사 보증제조사보증도움말 일반/차체 엔진/미션 엔카금융 1분만에 한도/금리 비교 다양한 금융사의 금리를 비교해보세요 방문없이 조회가 가능해요 신용점수에 영향이 없어요 금리 비교하기 판매자 정보 판매자정보사진 설레임 오토모티브김아람매매 판매자 정보 판매중24판매완료156 경기 수원시 권선구 종사원증번호 gc23-03978상사/조합정보 이 차량을 '엔카믿고'로 신청하시면 엔카가 거래 과정을 함께 합니다. 엔카에 거래 도움받기 구매 가이드 허위매물 대처 압류 및 저당 처리 성능 상태 점검기록부 차량 금액 외 별도 수수료 차량 이전등록 차량 체크사항 알림등록 비슷한 조건의 동일한 모델이 신규매물로 등록되면 알려드릴까요? 알림등록 489만원 총비용계산기 보험료 계산 대출상품 조회 리스상품 조회 보험이력 6건 성능점검내역 일반/엔카직영 신차대비 -% 신차가격표 판매자 문의하기 중고차시세 팔린매물 동급매물 엔카 중고차론 금융사 비교하고 제휴 추가할인 금리 4.9% 부터~ 닫기 허위매물 단속 및 매매관련 분쟁 처리 등을 위해 050안심번호로문의하면 전화번호와 통화내용이 엔카에 자동 저장됩니다.050도움말 엔카는 등록 시스템만을 제공하며, 판매자가 직접 등록한 차량의 모든 책임은 판매자에게 있습니다. 신고하기 회사소개인재채용클린엔카지점안내엔카직영성능점검장안내매매지원이용약관고객센터디스플레이광고개인정보처리방침금융소비자보호원격지원서비스 네이버 블로그 인스타그램 유튜브 페이스북 패밀리사이트 O2O를 잇는 신뢰와 기술로 차량을 사고 파는 모습의 진화를 만듭니다 고객센터 : 1599-5455FAX : 02-754-8768대표메일 : trust@encar.com주소 : 서울특별시 중구 통일로2길 16, 18~19층(순화동) 사업자 등록번호 : 104-86-54476통신판매업신고 : 제2014-서울중구-0393호대표자 : 김상범Copyright © 엔카닷컴(주) 내 차를 최고가에 팔고, 믿고 사는 가장 좋은 방법. 엔카닷컴(주) 엔카닷컴(주)는 통신판매중개자로서 통신판매의 당사자가 아니며, 상품·거래정보, 거래에 대하여 책임을 지지 않습니다."
41225133,YF 쏘나타CVVL 럭셔리 연식,12/09식,67386,가솔린,서울,570,https://fem.encar.com/cars/detail/41225133?advClickPosition=mweb_mhightlight_g8_t400&listAdvType=mhighlight&type=detail&view_type=checked,"엔카 기본정보 옵션정보 차량상태 보증현황 판매자 정보 딜러 셀프등록 로그인/회원가입 채팅 전체메뉴 열기 엔카진단 등록번호 41225133조회수 377찜 8 신고하기 프린트 공유하기 찜하기 이전이미지 다음이미지 1 / 20 사진 모두보기 YF 쏘나타CVVL 럭셔리 연식 12/09식 연형정보 주행거리 67,386km 연료 가솔린 차량번호 35서3006 자세히 엔카가 아래 사항을 모두 진단 하였습니다 툴팁 엔카진단 프레임무사고 확인 옵션 정보더보기 주요옵션 옵션 설명 보기 선루프 없음 헤드램프 (HID) 없음 주차감지센서 있음 후방카메라 있음 자동에어컨 있음 스마트키 있음 내비게이션 있음 열선시트 있음 통풍시트 없음 가죽시트 있음 31개 옵션 모두보기 이 차를 추천하는 이유더보기 순정처럼 마감이 되어 있는 매립형 내비게이션과 후방카메라가 장착되어 길안내 및 주차 시 편의성까지 챙긴 가성비 좋은 중형 세단 쏘나타를 바로 만나보세요! 차량 상태 엔카진단 엔카가 무사고 진단을 했어요 프레임 진단 정상 외부패널 진단 정상 엔카진단 자세히 보기 성능점검을 등록한 차량이에요 제시번호 : 20251605481 교환 없음 판금 1 부식 없음 성능기록부 자세히보기 차량이력 내차 피해 총 844,810원 (2회) 타차 가해 없음 특이 사항 없음 차량이력 자세히 보기 보증 현황 제조사 보증제조사보증도움말 일반/차체 엔진/미션 엔카금융 1분만에 한도/금리 비교 다양한 금융사의 금리를 비교해보세요 방문없이 조회가 가능해요 신용점수에 영향이 없어요 금리 비교하기 판매자 정보 판매자정보사진 카플러스윤종민매매 판매자 정보 판매중11판매완료15 경기 용인시 기흥구 중부대로 242 종사원증번호 GC24-04629상사/조합정보 구매 가이드 허위매물 대처 압류 및 저당 처리 성능 상태 점검기록부 차량 금액 외 별도 수수료 차량 이전등록 차량 체크사항 알림등록 비슷한 조건의 동일한 모델이 신규매물로 등록되면 알려드릴까요? 알림등록 570만원 총비용계산기 보험료 계산 대출상품 조회 리스상품 조회 보험이력 2건 성능점검내역 일반/엔카직영 신차대비 -% 신차가격표 판매자 문의하기 중고차시세 팔린매물 동급매물 엔카 중고차론 금융사 비교하고 제휴 추가할인 금리 4.9% 부터~ 닫기 허위매물 단속 및 매매관련 분쟁 처리 등을 위해 050안심번호로문의하면 전화번호와 통화내용이 엔카에 자동 저장됩니다.050도움말 엔카는 등록 시스템만을 제공하며, 판매자가 직접 등록한 차량의 모든 책임은 판매자에게 있습니다. 신고하기 회사소개인재채용클린엔카지점안내엔카직영성능점검장안내매매지원이용약관고객센터디스플레이광고개인정보처리방침금융소비자보호원격지원서비스 네이버 블로그 인스타그램 유튜브 페이스북 패밀리사이트 O2O를 잇는 신뢰와 기술로 차량을 사고 파는 모습의 진화를 만듭니다 고객센터 : 1599-5455FAX : 02-754-8768대표메일 : trust@encar.com주소 : 서울특별시 중구 통일로2길 16, 18~19층(순화동) 사업자 등록번호 : 104-86-54476통신판매업신고 : 제2014-서울중구-0393호대표자 : 김상범Copyright © 엔카닷컴(주) 내 차를 최고가에 팔고, 믿고 사는 가장 좋은 방법. 엔카닷컴(주) 엔카닷컴(주)는 통신판매중개자로서 통신판매의 당사자가 아니며, 상품·거래정보, 거래에 대하여 책임을 지지 않습니다."
41265648,YF 쏘나타Y20 럭셔리 연식,12/01식,98009,가솔린,서울,420,https://fem.encar.com/cars/detail/41265648?advClickPosition=mweb_mhightlight_g9_t400&listAdvType=mhighlight&type=detail&view_type=normal,"엔카 기본정보 옵션정보 차량상태 보증현황 엔카서비스 딜러 셀프등록 로그인/회원가입 채팅 전체메뉴 열기 엔카믿고 등록번호 41265617조회수 91찜 13 신고하기 프린트 공유하기 찜하기 #양호#HOT#COOL 엔카 실촬영 최저가 패밀리카 이전이미지 다음이미지 1 / 21 사진 모두보기 YF 쏘나타Y20 럭셔리 연식 12/01식 연형정보 주행거리 98,009km 연료 가솔린 차량번호 14모3387 자세히 엔카를 통한 구매는 환불을 보장합니다 엔카믿고 차량확인 시안심거래존 방문 구매 시7일간 타보고 환불가능 옵션 정보더보기 주요옵션 옵션 설명 보기 선루프 없음 헤드램프 (HID) 없음 주차감지센서 있음 후방카메라 없음 자동에어컨 있음 스마트키 있음 내비게이션 있음 열선시트 있음 통풍시트 없음 가죽시트 있음 30개 옵션 모두보기 차량 상태 엔카가 차량상태를 확인했어요 더보기 외관 스크래치, 등화장치, 타이어 상태, 실내 냄새까지 엔카 진단센터에서 직접 확인했어요. 차량 키 개수 2개 틴팅(앞 유리) 없음 타이어트레드 잔량 (앞) 툴팁 4mm 타이어트레드 잔량 (뒤) 툴팁 6mm 더보기 차량관리상태 모두보기 엔카가 직접 성능점검을 했어요 제시번호 : 67-04-555205 엔카 직영성능장에서는 69개 항목을 꼼꼼히 점검합니다. 정확한 성능점검 기록으로 타사 대비 최대 55% 성능보험료가 저렴합니다. 교환 1 판금 2 부식 없음 성능기록부 자세히보기 차량이력 내차 피해 총 4,643,980원 (3회) 타차 가해 없음 특이 사항 없음 차량이력 자세히 보기 보증 현황 제조사 보증제조사보증도움말 일반/차체 엔진/미션 엔카를 통해 구매하기 엔카믿고 제공혜택 차량확인 시안심거래존 방문 구매 시7일간 타보고 환불가능 안심거래존 방문하기 안심거래존을 미리 구경해보세요! 영상보기 엔카 전담 상담원 엔카 매니저 위치 판매자 정보 엔카금융 1분만에 한도/금리 비교 다양한 금융사의 금리를 비교해보세요 방문없이 조회가 가능해요 신용점수에 영향이 없어요 금리 비교하기 구매 가이드 허위매물 대처 압류 및 저당 처리 성능 상태 점검기록부 차량 금액 외 별도 수수료 차량 이전등록 차량 체크사항 알림등록 비슷한 조건의 동일한 모델이 신규매물로 등록되면 알려드릴까요? 알림등록 420만원 총비용계산기 보험료 계산 대출상품 조회 리스상품 조회 보험이력 3건 성능점검내역 일반/엔카직영 신차대비 17% 신차가격표 문의하기 엔카를 통해 구매하기 중고차시세 팔린매물 동급매물 엔카 중고차론 금융사 비교하고 제휴 추가할인 금리 4.9% 부터~ 닫기 허위매물 단속 및 매매관련 분쟁 처리 등을 위해 050안심번호로문의하면 전화번호와 통화내용이 엔카에 자동 저장됩니다.050도움말 회사소개인재채용클린엔카지점안내엔카직영성능점검장안내매매지원이용약관고객센터디스플레이광고개인정보처리방침금융소비자보호원격지원서비스 네이버 블로그 인스타그램 유튜브 페이스북 패밀리사이트 O2O를 잇는 신뢰와 기술로 차량을 사고 파는 모습의 진화를 만듭니다 고객센터 : 1599-5455FAX : 02-754-8768대표메일 : trust@encar.com주소 : 서울특별시 중구 통일로2길 16, 18~19층(순화동) 사업자 등록번호 : 104-86-54476통신판매업신고 : 제2014-서울중구-0393호대표자 : 김상범Copyright © 엔카닷컴(주) 내 차를 최고가에 팔고, 믿고 사는 가장 좋은 방법. 엔카닷컴(주) 엔카닷컴(주)는 통신판매중개자로서 통신판매의 당사자가 아니며, 상품·거래정보, 거래에 대하여 책임을 지지 않습니다."
41300549,YF 쏘나타LPI LTX 연식,10/04식,157267,LPG(일반인 구입),서울,330,https://fem.encar.com/cars/detail/41300549?advClickPosition=mweb_mhightlight_g10_t400&listAdvType=mhighlight&type=detail&view_type=normal,"엔카 기본정보 옵션정보 차량상태 보증현황 판매자 정보 딜러 셀프등록 로그인/회원가입 채팅 전체메뉴 열기 등록번호 41300549조회수 39찜 1 신고하기 프린트 공유하기 찜하기 #HOT#COOL#양호 엔카 실촬영 이전이미지 다음이미지 1 / 20 사진 모두보기 YF 쏘나타LPI LTX 연식 10/04식 연형정보 주행거리 157,267km 연료 LPG(일반인 구입) 차량번호 36머7600 자세히 옵션 정보더보기 주요옵션 옵션 설명 보기 선루프 없음 헤드램프 (HID) 없음 주차감지센서 있음 후방카메라 있음 자동에어컨 있음 스마트키 없음 내비게이션 있음 열선시트 없음 통풍시트 없음 가죽시트 있음 19개 옵션 모두보기 차량 상태 성능점검을 등록한 차량이에요 제시번호 : 20260107 교환 없음 판금 1 부식 없음 성능기록부 자세히보기 차량이력 내차 피해 총 2,018,330원 (3회) 타차 가해 총 1,674,686원 (1회) 특이 사항 영업용 이력 차량이력 자세히 보기 보증 현황 제조사 보증제조사보증도움말 일반/차체 엔진/미션 엔카금융 1분만에 한도/금리 비교 다양한 금융사의 금리를 비교해보세요 방문없이 조회가 가능해요 신용점수에 영향이 없어요 금리 비교하기 판매자 정보 판매자정보사진 안심카박선규매매 판매자 정보 판매중26판매완료127 대구 동구 종사원증번호 2005300061상사/조합정보 구매 가이드 허위매물 대처 압류 및 저당 처리 성능 상태 점검기록부 차량 금액 외 별도 수수료 차량 이전등록 차량 체크사항 알림등록 비슷한 조건의 동일한 모델이 신규매물로 등록되면 알려드릴까요? 알림등록 330만원 총비용계산기 보험료 계산 대출상품 조회 리스상품 조회 보험이력 4건 성능점검내역 일반/엔카직영 신차가격표 판매자 문의하기 중고차시세 팔린매물 동급매물 엔카 중고차론 금융사 비교하고 제휴 추가할인 금리 4.9% 부터~ 닫기 허위매물 단속 및 매매관련 분쟁 처리 등을 위해 050안심번호로문의하면 전화번호와 통화내용이 엔카에 자동 저장됩니다.050도움말 엔카는 등록 시스템만을 제공하며, 판매자가 직접 등록한 차량의 모든 책임은 판매자에게 있습니다. 신고하기 회사소개인재채용클린엔카지점안내엔카직영성능점검장안내매매지원이용약관고객센터디스플레이광고개인정보처리방침금융소비자보호원격지원서비스 네이버 블로그 인스타그램 유튜브 페이스북 패밀리사이트 O2O를 잇는 신뢰와 기술로 차량을 사고 파는 모습의 진화를 만듭니다 고객센터 : 1599-5455FAX : 02-754-8768대표메일 : trust@encar.com주소 : 서울특별시 중구 통일로2길 16, 18~19층(순화동) 사업자 등록번호 : 104-86-54476통신판매업신고 : 제2014-서울중구-0393호대표자 : 김상범Copyright © 엔카닷컴(주) 내 차를 최고가에 팔고, 믿고 사는 가장 좋은 방법. 엔카닷컴(주) 엔카닷컴(주)는 통신판매중개자로서 통신판매의 당사자가 아니며, 상품·거래정보, 거래에 대하여 책임을 지지 않습니다."
41576521,YF 쏘나타Y20 럭셔리 연식,11/09식,120700,하이브리드,서울,8,https://fem.encar.com/cars/detail/41576521?advClickPosition=mweb_mhightlight_g11_t400&listAdvType=mhighlight&type=detail&view_type=checked,"엔카 기본정보 옵션정보 차량상태 보증현황 판매자 정보 딜러 셀프등록 로그인/회원가입 채팅 전체메뉴 열기 엔카진단 등록번호 41576521조회수 101찜 5 신고하기 프린트 공유하기 찜하기 이전이미지 다음이미지 1 / 20 사진 모두보기 YF 쏘나타Y20 럭셔리 연식 11/09식 (12년형) 연형정보 주행거리 120,700km 연료 가솔린 차량번호 49더4114 자세히 엔카가 아래 사항을 모두 진단 하였습니다 툴팁 엔카진단 프레임무사고 확인 옵션 정보더보기 주요옵션 옵션 설명 보기 선루프 있음 헤드램프 (HID) 없음 주차감지센서 있음 후방카메라 있음 자동에어컨 있음 스마트키 있음 내비게이션 있음 열선시트 있음 통풍시트 없음 가죽시트 있음 35개 옵션 모두보기 이 차만의 옵션더보기 화이트 크리스탈(WHC) 외장컬러선택옵션설명 자세히보기 8만원 3피스 타입 파노라마 썬루프(전동식 롤 블라인드) 115만원 이 차를 추천하는 이유더보기 일명 ""쏘나타 쇼크""의 주인공, YF입니다! 거기에 애프터마켓 그릴과 하이브리드 용 테일램프 장착으로 세련됨을 한껏 부각한 모습입니다~! 차량 상태 엔카진단 엔카가 무사고 진단을 했어요 프레임 진단 정상 외부패널 진단 정상 엔카진단 자세히 보기 성능점검을 등록한 차량이에요 제시번호 : 1111 교환 없음 판금 없음 부식 없음 성능기록부 자세히보기 차량이력 내차 피해 총 1,185,890원 (2회) 타차 가해 없음 특이 사항 없음 차량이력 자세히 보기 보증 현황 제조사 보증제조사보증도움말 일반/차체 엔진/미션 엔카금융 1분만에 한도/금리 비교 다양한 금융사의 금리를 비교해보세요 방문없이 조회가 가능해요 신용점수에 영향이 없어요 금리 비교하기 판매자 정보 판매자정보사진 원탑모터스장석현매매 판매자 정보 판매중14판매완료106 서울 강남구 종사원증번호 23-00476상사/조합정보 구매 가이드 허위매물 대처 압류 및 저당 처리 성능 상태 점검기록부 차량 금액 외 별도 수수료 차량 이전등록 차량 체크사항 알림등록 비슷한 조건의 동일한 모델이 신규매물로 등록되면 알려드릴까요? 알림등록 430만원 총비용계산기 보험료 계산 대출상품 조회 리스상품 조회 보험이력 2건 성능점검내역 일반/엔카직영 신차대비 -% 신차가격표 판매자 문의하기 중고차시세 팔린매물 동급매물 엔카 중고차론 금융사 비교하고 제휴 추가할인 금리 4.9% 부터~ 닫기 허위매물 단속 및 매매관련 분쟁 처리 등을 위해 050안심번호로문의하면 전화번호와 통화내용이 엔카에 자동 저장됩니다.050도움말 엔카는 등록 시스템만을 제공하며, 판매자가 직접 등록한 차량의 모든 책임은 판매자에게 있습니다. 신고하기 회사소개인재채용클린엔카지점안내엔카직영성능점검장안내매매지원이용약관고객센터디스플레이광고개인정보처리방침금융소비자보호원격지원서비스 네이버 블로그 인스타그램 유튜브 페이스북 패밀리사이트 O2O를 잇는 신뢰와 기술로 차량을 사고 파는 모습의 진화를 만듭니다 고객센터 : 1599-5455FAX : 02-754-8768대표메일 : trust@encar.com주소 : 서울특별시 중구 통일로2길 16, 18~19층(순화동) 사업자 등록번호 : 104-86-54476통신판매업신고 : 제2014-서울중구-0393호대표자 : 김상범Copyright © 엔카닷컴(주) 내 차를 최고가에 팔고, 믿고 사는 가장 좋은 방법. 엔카닷컴(주) 엔카닷컴(주)는 통신판매중개자로서 통신판매의 당사자가 아니며, 상품·거래정보, 거래에 대하여 책임을 지지 않습니다."
39501982,YF 쏘나타LPI 탑 연식,10/01식,104288,LPG(일반인 구입),서울,369,https://fem.encar.com/cars/detail/39501982?advClickPosition=mweb_mhightlight_g12_t400&listAdvType=mhighlight&type=detail&view_type=normal,"엔카 기본정보 옵션정보 차량상태 보증현황 판매자 정보 딜러 셀프등록 로그인/회원가입 채팅 전체메뉴 열기 등록번호 39501982조회수 183찜 3 신고하기 프린트 공유하기 찜하기 #HOT#COOL#양호 엔카에서 촬영한 100% 실매물 차량입니다. 이전이미지 다음이미지 1 / 20 사진 모두보기 YF 쏘나타LPI 탑 연식 10/01식 연형정보 주행거리 104,288km 연료 LPG(일반인 구입) 차량번호 37버3862 자세히 옵션 정보더보기 주요옵션 옵션 설명 보기 선루프 없음 헤드램프 (HID) 없음 주차감지센서 있음 후방카메라 있음 자동에어컨 있음 스마트키 있음 내비게이션 있음 열선시트 있음 통풍시트 없음 가죽시트 있음 26개 옵션 모두보기 차량 상태 성능점검을 등록한 차량이에요 제시번호 : 20251187693 교환 1 판금 4 부식 없음 성능기록부 자세히보기 차량이력 내차 피해 총 5,772,055원 (9회) 타차 가해 총 3,631,628원 (3회) 특이 사항 없음 차량이력 자세히 보기 보증 현황 제조사 보증제조사보증도움말 일반/차체 엔진/미션 엔카금융 1분만에 한도/금리 비교 다양한 금융사의 금리를 비교해보세요 방문없이 조회가 가능해요 신용점수에 영향이 없어요 금리 비교하기 판매자 정보 판매자정보사진 라성자동차매매단지채윤기매매 판매자 정보 판매중91판매완료380 경기 시흥시 종사원증번호 GC23-00431상사/조합정보 구매 가이드 허위매물 대처 압류 및 저당 처리 성능 상태 점검기록부 차량 금액 외 별도 수수료 차량 이전등록 차량 체크사항 알림등록 비슷한 조건의 동일한 모델이 신규매물로 등록되면 알려드릴까요? 알림등록 369만원 총비용계산기 보험료 계산 대출상품 조회 리스상품 조회 보험이력 12건 성능점검내역 일반/엔카직영 신차가격표 판매자 문의하기 중고차시세 팔린매물 동급매물 엔카 중고차론 금융사 비교하고 제휴 추가할인 금리 4.9% 부터~ 닫기 허위매물 단속 및 매매관련 분쟁 처리 등을 위해 050안심번호로문의하면 전화번호와 통화내용이 엔카에 자동 저장됩니다.050도움말 엔카는 등록 시스템만을 제공하며, 판매자가 직접 등록한 차량의 모든 책임은 판매자에게 있습니다. 신고하기 회사소개인재채용클린엔카지점안내엔카직영성능점검장안내매매지원이용약관고객센터디스플레이광고개인정보처리방침금융소비자보호원격지원서비스 네이버 블로그 인스타그램 유튜브 페이스북 패밀리사이트 O2O를 잇는 신뢰와 기술로 차량을 사고 파는 모습의 진화를 만듭니다 고객센터 : 1599-5455FAX : 02-754-8768대표메일 : trust@encar.com주소 : 서울특별시 중구 통일로2길 16, 18~19층(순화동) 사업자 등록번호 : 104-86-54476통신판매업신고 : 제2014-서울중구-0393호대표자 : 김상범Copyright © 엔카닷컴(주) 내 차를 최고가에 팔고, 믿고 사는 가장 좋은 방법. 엔카닷컴(주) 엔카닷컴(주)는 통신판매중개자로서 통신판매의 당사자가 아니며, 상품·거래정보, 거래에 대하여 책임을 지지 않습니다."
40512700,YF 쏘나타LPI 탑 연식,12/03식,180272,LPG(일반인 구입),서울,390,https://fem.encar.com/cars/detail/40512700?advClickPosition=mweb_mhightlight_g13_t400&listAdvType=mhighlight&type=detail&view_type=normal,"엔카 기본정보 옵션정보 차량상태 보증현황 판매자 정보 딜러 셀프등록 로그인/회원가입 채팅 전체메뉴 열기 등록번호 40512700조회수 22찜 2 신고하기 프린트 공유하기 찜하기 #HOT#COOL#양호 엔카에서 촬영한 100% 실매물 차량입니다. 이전이미지 다음이미지 1 / 20 사진 모두보기 YF 쏘나타LPI 탑 연식 12/03식 연형정보 주행거리 180,272km 연료 LPG(일반인 구입) 차량번호 27마9685 자세히 옵션 정보더보기 주요옵션 옵션 설명 보기 선루프 있음 헤드램프 (HID) 없음 주차감지센서 있음 후방카메라 있음 자동에어컨 있음 스마트키 있음 내비게이션 있음 열선시트 있음 통풍시트 없음 가죽시트 있음 26개 옵션 모두보기 차량 상태 성능점검을 등록한 차량이에요 제시번호 : 2506805022 교환 7 판금 없음 부식 없음 성능기록부 자세히보기 차량이력 내차 피해 총 6,375,240원 (4회) 타차 가해 없음 특이 사항 없음 차량이력 자세히 보기 보증 현황 제조사 보증제조사보증도움말 일반/차체 엔진/미션 엔카금융 1분만에 한도/금리 비교 다양한 금융사의 금리를 비교해보세요 방문없이 조회가 가능해요 신용점수에 영향이 없어요 금리 비교하기 판매자 정보 판매자정보사진 정모터스이유중매매 판매자 정보 판매중17판매완료61 충북 청주시 청원구 종사원증번호 CB23-00262상사/조합정보 구매 가이드 허위매물 대처 압류 및 저당 처리 성능 상태 점검기록부 차량 금액 외 별도 수수료 차량 이전등록 차량 체크사항 알림등록 비슷한 조건의 동일한 모델이 신규매물로 등록되면 알려드릴까요? 알림등록 390만원 총비용계산기 보험료 계산 대출상품 조회 리스상품 조회 보험이력 4건 성능점검내역 일반/엔카직영 신차가격표 판매자 문의하기 중고차시세 팔린매물 동급매물 엔카 중고차론 금융사 비교하고 제휴 추가할인 금리 4.9% 부터~ 닫기 허위매물 단속 및 매매관련 분쟁 처리 등을 위해 050안심번호로문의하면 전화번호와 통화내용이 엔카에 자동 저장됩니다.050도움말 엔카는 등록 시스템만을 제공하며, 판매자가 직접 등록한 차량의 모든 책임은 판매자에게 있습니다. 신고하기 회사소개인재채용클린엔카지점안내엔카직영성능점검장안내매매지원이용약관고객센터디스플레이광고개인정보처리방침금융소비자보호원격지원서비스 네이버 블로그 인스타그램 유튜브 페이스북 패밀리사이트 O2O를 잇는 신뢰와 기술로 차량을 사고 파는 모습의 진화를 만듭니다 고객센터 : 1599-5455FAX : 02-754-8768대표메일 : trust@encar.com주소 : 서울특별시 중구 통일로2길 16, 18~19층(순화동) 사업자 등록번호 : 104-86-54476통신판매업신고 : 제2014-서울중구-0393호대표자 : 김상범Copyright © 엔카닷컴(주) 내 차를 최고가에 팔고, 믿고 사는 가장 좋은 방법. 엔카닷컴(주) 엔카닷컴(주)는 통신판매중개자로서 통신판매의 당사자가 아니며, 상품·거래정보, 거래에 대하여 책임을 지지 않습니다."
40041895,YF 쏘나타Y20 프리미어 연식,11/06식,63869,가솔린,서울,160,https://fem.encar.com/cars/detail/40041895?advClickPosition=mweb_mhightlight_g14_t400&listAdvType=mhighlight&type=detail&view_type=normal,"엔카 기본정보 옵션정보 차량상태 보증현황 판매자 정보 딜러 셀프등록 로그인/회원가입 채팅 전체메뉴 등록번호 40041895조회수 16찜 1 신고하기 프린트 공유하기 찜하기 #양호#HOT#COOL 엔카 실촬영 이전이미지 다음이미지 1 / 20 사진 모두보기 YF 쏘나타Y20 프리미어 연식 11/06식 연형정보 주행거리 63,869km 연료 가솔린 차량번호 15도9078 자세히 옵션 정보더보기 주요옵션 옵션 설명 보기 선루프 없음 헤드램프 (HID) 없음 주차감지센서 있음 후방카메라 있음 자동에어컨 있음 스마트키 있음 내비게이션 있음 열선시트 있음 통풍시트 없음 가죽시트 있음 32개 옵션 모두보기 이 차만의 옵션더보기 Intelligent DMB 네비게이션(외장형 앰프, 서브 우퍼, 음성 인식, 후방카메라, 후방 주차 가이드 시스템 포함) 160만원 차량 상태 성능점검을 등록한 차량이에요 제시번호 : 20250708 교환 3 판금 2 부식 없음 성능기록부 자세히보기 차량이력 내차 피해 총 6,390,228원 (5회) 타차 가해 총 13,414,053원 (6회) 특이 사항 없음 차량이력 자세히 보기 보증 현황 제조사 보증제조사보증도움말 일반/차체 엔진/미션 엔카금융 1분만에 한도/금리 비교 다양한 금융사의 금리를 비교해보세요 방문없이 조회가 가능해요 신용점수에 영향이 없어요 금리 비교하기 판매자 정보 판매자정보사진 제이모터스이영재매매 판매자 정보 판매중20판매완료84 대구 북구 노원로 115 종사원증번호 21-053-00338상사/조합정보 구매 가이드 허위매물 대처 압류 및 저당 처리 성능 상태 점검기록부 차량 금액 외 별도 수수료 차량 이전등록 차량 체크사항 알림등록 비슷한 조건의 동일한 모델이 신규매물로 등록되면 알려드릴까요? 알림등록 429만원 총비용계산기 보험료 계산 대출상품 조회 리스상품 조회 보험이력 11건 성능점검내역 일반/엔카직영 신차대비 15% 신차가격표 판매자 문의하기 중고차시세 팔린매물 동급매물 엔카 중고차론 금융사 비교하고 제휴 추가할인 금리 4.9% 부터~ 닫기 허위매물 단속 및 매매관련 분쟁 처리 등을 위해 050안심번호로문의하면 전화번호와 통화내용이 엔카에 자동 저장됩니다.050도움말 엔카는 등록 시스템만을 제공하며, 판매자가 직접 등록한 차량의 모든 책임은 판매자에게 있습니다. 신고하기 회사소개인재채용클린엔카지점안내엔카직영성능점검장안내매매지원이용약관고객센터디스플레이광고개인정보처리방침금융소비자보호원격지원서비스 네이버 블로그 인스타그램 유튜브 페이스북 패밀리사이트 O2O를 잇는 신뢰와 기술로 차량을 사고 파는 모습의 진화를 만듭니다 고객센터 : 1599-5455FAX : 02-754-8768대표메일 : trust@encar.com주소 : 서울특별시 중구 통일로2길 16, 18~19층(순화동) 사업자 등록번호 : 104-86-54476통신판매업신고 : 제2014-서울중구-0393호대표자 : 김상범Copyright © 엔카닷컴(주) 내 차를 최고가에 팔고, 믿고 사는 가장 좋은 방법. 엔카닷컴(주) 엔카닷컴(주)는 통신판매중개자로서 통신판매의 당사자가 아니며, 상품·거래정보, 거래에 대하여 책임을 지지 않습니다."
41508073,YF 쏘나타Y20 프라임블랙 연식,10/12식,102858,가솔린,서울,8,https://fem.encar.com/cars/detail/41508073?advClickPosition=mweb_mhightlight_g15_t400&listAdvType=mhighlight&type=detail&view_type=normal,"엔카 기본정보 옵션정보 차량상태 보증현황 판매자 정보 딜러 셀프등록 로그인/회원가입 채팅 전체메뉴 등록번호 41508073조회수 371찜 7 신고하기 프린트 공유하기 찜하기 #HOT#COOL#양호 엔카 실촬영 이전이미지 다음이미지 1 / 20 사진 모두보기 YF 쏘나타Y20 프라임블랙 연식 10/12식 (11년형) 연형정보 주행거리 102,858km 연료 가솔린 차량번호 69러7243 자세히 옵션 정보더보기 주요옵션 옵션 설명 보기 선루프 없음 헤드램프 (HID) 없음 주차감지센서 있음 후방카메라 없음 자동에어컨 있음 스마트키 없음 내비게이션 없음 열선시트 있음 통풍시트 없음 가죽시트 있음 26개 옵션 모두보기 이 차만의 옵션더보기 화이트 크리스탈(WHC) 외장컬러선택옵션설명 자세히보기 8만원 차량 상태 성능점검을 등록한 차량이에요 제시번호 : 3001024469 교환 4 판금 없음 부식 없음 성능기록부 자세히보기 차량이력 내차 피해 총 4,360,141원 (4회) 타차 가해 총 4,783,384원 (4회) 특이 사항 없음 차량이력 자세히 보기 보증 현황 제조사 보증제조사보증도움말 일반/차체 엔진/미션 엔카금융 1분만에 한도/금리 비교 다양한 금융사의 금리를 비교해보세요 방문없이 조회가 가능해요 신용점수에 영향이 없어요 금리 비교하기 판매자 정보 판매자정보사진 최강모터스한창희매매 판매자 정보 판매중30판매완료73 부산 남구 동명로 12 종사원증번호 2505138469상사/조합정보 구매 가이드 허위매물 대처 압류 및 저당 처리 성능 상태 점검기록부 차량 금액 외 별도 수수료 차량 이전등록 차량 체크사항 알림등록 비슷한 조건의 동일한 모델이 신규매물로 등록되면 알려드릴까요? 알림등록 347만원 총비용계산기 보험료 계산 대출상품 조회 리스상품 조회 보험이력 8건 성능점검내역 일반/엔카직영 신차대비 14% 신차가격표 판매자 문의하기 중고차시세 팔린매물 동급매물 엔카 중고차론 금융사 비교하고 제휴 추가할인 금리 4.9% 부터~ 닫기 허위매물 단속 및 매매관련 분쟁 처리 등을 위해 050안심번호로문의하면 전화번호와 통화내용이 엔카에 자동 저장됩니다.050도움말 엔카는 등록 시스템만을 제공하며, 판매자가 직접 등록한 차량의 모든 책임은 판매자에게 있습니다. 신고하기 회사소개인재채용클린엔카지점안내엔카직영성능점검장안내매매지원이용약관고객센터디스플레이광고개인정보처리방침금융소비자보호원격지원서비스 네이버 블로그 인스타그램 유튜브 페이스북 패밀리사이트 O2O를 잇는 신뢰와 기술로 차량을 사고 파는 모습의 진화를 만듭니다 고객센터 : 1599-5455FAX : 02-754-8768대표메일 : trust@encar.com주소 : 서울특별시 중구 통일로2길 16, 18~19층(순화동) 사업자 등록번호 : 104-86-54476통신판매업신고 : 제2014-서울중구-0393호대표자 : 김상범Copyright © 엔카닷컴(주) 내 차를 최고가에 팔고, 믿고 사는 가장 좋은 방법. 엔카닷컴(주) 엔카닷컴(주)는 통신판매중개자로서 통신판매의 당사자가 아니며, 상품·거래정보, 거래에 대하여 책임을 지지 않습니다."
40412711,YF 쏘나타Y20 그랜드 연식,10/11식,118480,가솔린,서울,170,https://fem.encar.com/cars/detail/40412711?advClickPosition=mweb_mhightlight_g16_t400&listAdvType=mhighlight&type=detail&view_type=checked,"엔카 기본정보 옵션정보 차량상태 보증현황 판매자 정보 딜러 셀프등록 로그인/회원가입 채팅 전체메뉴 엔카진단 등록번호 40412711조회수 252찜 5 신고하기 프린트 공유하기 찜하기 이전이미지 다음이미지 1 / 20 사진 모두보기 YF 쏘나타Y20 그랜드 연식 10/11식 (11년형) 연형정보 주행거리 118,480km 연료 가솔린 차량번호 69러9562 자세히 엔카가 아래 사항을 모두 진단 하였습니다 툴팁 엔카진단 프레임무사고 확인 옵션 정보더보기 주요옵션 옵션 설명 보기 선루프 없음 헤드램프 (HID) 없음 주차감지센서 있음 후방카메라 없음 자동에어컨 없음 스마트키 없음 내비게이션 없음 열선시트 있음 통풍시트 없음 가죽시트 없음 19개 옵션 모두보기 이 차만의 옵션더보기 6단 자동변속기 + 풋 파킹 브레이크 + 액티브 에코 시스템 + 후석 에어벤트 170만원 이 차를 추천하는 이유더보기 연식이 오래되었음에도 버튼류 까짐도 적고 대시보드 상태도 큰 오염 없이 준수하게 잘 관리된 차량인 것 같네요:) 차량 상태 엔카진단 엔카가 무사고 진단을 했어요 프레임 진단 정상 외부패널 진단 교환 엔카진단 자세히 보기 성능점검을 등록한 차량이에요 제시번호 : 3001022643 본 차량의 성능 점검 기록부는 판매자가 사진으로 등록했습니다. 성능기록부 자세히보기 보증 현황 제조사 보증제조사보증도움말 일반/차체 엔진/미션 엔카금융 1분만에 한도/금리 비교 다양한 금융사의 금리를 비교해보세요 방문없이 조회가 가능해요 신용점수에 영향이 없어요 금리 비교하기 판매자 정보 판매자정보사진 S1 motors이영식매매 판매자 정보 판매중13판매완료31 부산 남구 동명로 12 종사원증번호 19-055-00394상사/조합정보 구매 가이드 허위매물 대처 압류 및 저당 처리 성능 상태 점검기록부 차량 금액 외 별도 수수료 차량 이전등록 차량 체크사항 알림등록 비슷한 조건의 동일한 모델이 신규매물로 등록되면 알려드릴까요? 알림등록 300만원 총비용계산기 보험료 계산 대출상품 조회 리스상품 조회 보험이력 공개 성능점검내역 일반/엔카직영 신차대비 -% 신차가격표 판매자 문의하기 중고차시세 팔린매물 동급매물 엔카 중고차론 금융사 비교하고 제휴 추가할인 금리 4.9% 부터~ 닫기 허위매물 단속 및 매매관련 분쟁 처리 등을 위해 050안심번호로문의하면 전화번호와 통화내용이 엔카에 자동 저장됩니다.050도움말 엔카는 등록 시스템만을 제공하며, 판매자가 직접 등록한 차량의 모든 책임은 판매자에게 있습니다. 신고하기 회사소개인재채용클린엔카지점안내엔카직영성능점검장안내매매지원이용약관고객센터디스플레이광고개인정보처리방침금융소비자보호원격지원서비스 네이버 블로그 인스타그램 유튜브 페이스북 패밀리사이트 O2O를 잇는 신뢰와 기술로 차량을 사고 파는 모습의 진화를 만듭니다 고객센터 : 1599-5455FAX : 02-754-8768대표메일 : trust@encar.com주소 : 서울특별시 중구 통일로2길 16, 18~19층(순화동) 사업자 등록번호 : 104-86-54476통신판매업신고 : 제2014-서울중구-0393호대표자 : 김상범Copyright © 엔카닷컴(주) 내 차를 최고가에 팔고, 믿고 사는 가장 좋은 방법. 엔카닷컴(주) 엔카닷컴(주)는 통신판매중개자로서 통신판매의 당사자가 아니며, 상품·거래정보, 거래에 대하여 책임을 지지 않습니다."
39979642,YF 쏘나타LPI 럭셔리 연식,10/12식,157886,LPG(일반인 구입),서울,280,https://fem.encar.com/cars/detail/39979642?advClickPosition=mweb_mhightlight_g17_t400&listAdvType=mhighlight&type=detail&view_type=normal,"엔카 기본정보 옵션정보 차량상태 보증현황 판매자 정보 딜러 셀프등록 로그인/회원가입 채팅 전체메뉴 열기 등록번호 39979642조회수 109찜 2 신고하기 프린트 공유하기 찜하기 #양호#HOT#COOL 엔카 실촬영 이전이미지 다음이미지 1 / 20 사진 모두보기 YF 쏘나타LPI 럭셔리 연식 10/12식 (11년형) 연형정보 주행거리 157,886km 연료 LPG(일반인 구입) 차량번호 62구1525 자세히 옵션 정보더보기 주요옵션 옵션 설명 보기 선루프 없음 헤드램프 (HID) 없음 주차감지센서 있음 후방카메라 없음 자동에어컨 없음 스마트키 없음 내비게이션 없음 열선시트 없음 통풍시트 없음 가죽시트 있음 17개 옵션 모두보기 차량 상태 성능점검을 등록한 차량이에요 제시번호 : 2025072664 교환 2 판금 2 부식 없음 성능기록부 자세히보기 차량이력 내차 피해 총 5,022,794원 (7회) 타차 가해 총 1,073,740원 (2회) 특이 사항 없음 차량이력 자세히 보기 보증 현황 제조사 보증제조사보증도움말 일반/차체 엔진/미션 엔카금융 1분만에 한도/금리 비교 다양한 금융사의 금리를 비교해보세요 방문없이 조회가 가능해요 신용점수에 영향이 없어요 금리 비교하기 판매자 정보 판매자정보사진 (주)삼일유나리매매 판매자 정보 판매중9판매완료16 경기 수원시 권선구 평동로79번길 45 종사원증번호 GC26-01031상사/조합정보 구매 가이드 허위매물 대처 압류 및 저당 처리 성능 상태 점검기록부 차량 금액 외 별도 수수료 차량 이전등록 차량 체크사항 알림등록 비슷한 조건의 동일한 모델이 신규매물로 등록되면 알려드릴까요? 알림등록 280만원 총비용계산기 보험료 계산 대출상품 조회 리스상품 조회 보험이력 9건 성능점검내역 일반/엔카직영 신차가격표 판매자 문의하기 중고차시세 팔린매물 동급매물 엔카 중고차론 금융사 비교하고 제휴 추가할인 금리 4.9% 부터~ 닫기 허위매물 단속 및 매매관련 분쟁 처리 등을 위해 050안심번호로문의하면 전화번호와 통화내용이 엔카에 자동 저장됩니다.050도움말 엔카는 등록 시스템만을 제공하며, 판매자가 직접 등록한 차량의 모든 책임은 판매자에게 있습니다. 신고하기 회사소개인재채용클린엔카지점안내엔카직영성능점검장안내매매지원이용약관고객센터디스플레이광고개인정보처리방침금융소비자보호원격지원서비스 네이버 블로그 인스타그램 유튜브 페이스북 패밀리사이트 O2O를 잇는 신뢰와 기술로 차량을 사고 파는 모습의 진화를 만듭니다 고객센터 : 1599-5455FAX : 02-754-8768대표메일 : trust@encar.com주소 : 서울특별시 중구 통일로2길 16, 18~19층(순화동) 사업자 등록번호 : 104-86-54476통신판매업신고 : 제2014-서울중구-0393호대표자 : 김상범Copyright © 엔카닷컴(주) 내 차를 최고가에 팔고, 믿고 사는 가장 좋은 방법. 엔카닷컴(주) 엔카닷컴(주)는 통신판매중개자로서 통신판매의 당사자가 아니며, 상품·거래정보, 거래에 대하여 책임을 지지 않습니다."
41338992,YF 쏘나타LPI 프리미어 연식,11/01식,173003,LPG(일반인 구입),서울,450,https://fem.encar.com/cars/detail/41338992?advClickPosition=mweb_mhightlight_g19_t400&listAdvType=mhighlight&type=detail&view_type=checked,"엔카 기본정보 옵션정보 차량상태 보증현황 판매자 정보 딜러 셀프등록 로그인/회원가입 채팅 전체메뉴 열기 엔카진단 등록번호 41338992조회수 164찜 1 신고하기 프린트 공유하기 찜하기 이전이미지 다음이미지 1 / 20 사진 모두보기 YF 쏘나타LPI 프리미어 연식 11/01식 연형정보 주행거리 173,003km 연료 LPG(일반인 구입) 차량번호 31우5385 자세히 엔카가 아래 사항을 모두 진단 하였습니다 툴팁 엔카진단 프레임무사고 확인 옵션 정보더보기 주요옵션 옵션 설명 보기 선루프 없음 헤드램프 (HID) 없음 주차감지센서 있음 후방카메라 있음 자동에어컨 있음 스마트키 없음 내비게이션 있음 열선시트 있음 통풍시트 없음 가죽시트 있음 23개 옵션 모두보기 이 차를 추천하는 이유더보기 애프터마켓 네비게이션 및 후방카메라 장착으로 편리한 목적지 주행이 가능해진 쏘나타입니다! 사제 앞좌석 열선시트 시공으로 추운 날 보다 따뜻한 운행이 가능하겠어요! 차량 상태 엔카진단 엔카가 무사고 진단을 했어요 프레임 진단 정상 외부패널 진단 교환 엔카진단 자세히 보기 성능점검을 등록한 차량이에요 제시번호 : 202512180858 교환 3 판금 없음 부식 없음 성능기록부 자세히보기 차량이력 내차 피해 총 4,932,615원 (5회) 타차 가해 총 2,443,380원 (2회) 특이 사항 없음 차량이력 자세히 보기 보증 현황 제조사 보증제조사보증도움말 일반/차체 엔진/미션 엔카금융 1분만에 한도/금리 비교 다양한 금융사의 금리를 비교해보세요 방문없이 조회가 가능해요 신용점수에 영향이 없어요 금리 비교하기 판매자 정보 판매자정보사진 (주)더챔김영춘매매 판매자 정보 판매중25판매완료96 충북 청주시 청원구 2순환로 292 종사원증번호 CB22-00002상사/조합정보 구매 가이드 허위매물 대처 압류 및 저당 처리 성능 상태 점검기록부 차량 금액 외 별도 수수료 차량 이전등록 차량 체크사항 알림등록 비슷한 조건의 동일한 모델이 신규매물로 등록되면 알려드릴까요? 알림등록 450만원 총비용계산기 보험료 계산 대출상품 조회 리스상품 조회 보험이력 7건 성능점검내역 일반/엔카직영 신차가격표 판매자 문의하기 중고차시세 팔린매물 동급매물 엔카 중고차론 금융사 비교하고 제휴 추가할인 금리 4.9% 부터~ 닫기 허위매물 단속 및 매매관련 분쟁 처리 등을 위해 050안심번호로문의하면 전화번호와 통화내용이 엔카에 자동 저장됩니다.050도움말 엔카는 등록 시스템만을 제공하며, 판매자가 직접 등록한 차량의 모든 책임은 판매자에게 있습니다. 신고하기 회사소개인재채용클린엔카지점안내엔카직영성능점검장안내매매지원이용약관고객센터디스플레이광고개인정보처리방침금융소비자보호원격지원서비스 네이버 블로그 인스타그램 유튜브 페이스북 패밀리사이트 O2O를 잇는 신뢰와 기술로 차량을 사고 파는 모습의 진화를 만듭니다 고객센터 : 1599-5455FAX : 02-754-8768대표메일 : trust@encar.com주소 : 서울특별시 중구 통일로2길 16, 18~19층(순화동) 사업자 등록번호 : 104-86-54476통신판매업신고 : 제2014-서울중구-0393호대표자 : 김상범Copyright © 엔카닷컴(주) 내 차를 최고가에 팔고, 믿고 사는 가장 좋은 방법. 엔카닷컴(주) 엔카닷컴(주)는 통신판매중개자로서 통신판매의 당사자가 아니며, 상품·거래정보, 거래에 대하여 책임을 지지 않습니다."
40376569,YF 쏘나타LPI 프리미어(장애인용) 연식,10/10식,189047,LPG(일반인 구입),서울,455,https://fem.encar.com/cars/detail/40376569?advClickPosition=mweb_mhightlight_g20_t400&listAdvType=mhighlight&type=detail&view_type=checked,"엔카 기본정보 옵션정보 차량상태 보증현황 판매자 정보 딜러 셀프등록 로그인/회원가입 채팅 전체메뉴 열기 엔카진단 등록번호 40376569조회수 85찜 8 신고하기 프린트 공유하기 찜하기 이전이미지 다음이미지 1 / 20 사진 모두보기 YF 쏘나타LPI 프리미어(장애인용) 연식 10/10식 (11년형) 연형정보 주행거리 189,047km 연료 LPG(일반인 구입) 차량번호 257도9123 자세히 엔카가 아래 사항을 모두 진단 하였습니다 툴팁 엔카진단 프레임무사고 확인 옵션 정보더보기 주요옵션 옵션 설명 보기 선루프 있음 헤드램프 (HID) 없음 주차감지센서 있음 후방카메라 있음 자동에어컨 있음 스마트키 있음 내비게이션 있음 열선시트 있음 통풍시트 없음 가죽시트 있음 29개 옵션 모두보기 이 차를 추천하는 이유더보기 사용감에도 정숙한 아이들링은 물론 네비게이션, 후방카메라 추가 장착 및 선루프까지 더해 개방감과 드라이브 감성까지 갖춘 가성비 모델입니다 차량 상태 엔카진단 엔카가 무사고 진단을 했어요 프레임 진단 정상 외부패널 진단 정상 엔카진단 자세히 보기 성능점검을 등록한 차량이에요 제시번호 : 202508009286 교환 없음 판금 없음 부식 없음 성능기록부 자세히보기 차량이력 내차 피해 총 942,428원 (3회) 타차 가해 없음 특이 사항 없음 차량이력 자세히 보기 보증 현황 제조사 보증제조사보증도움말 일반/차체 엔진/미션 엔카금융 1분만에 한도/금리 비교 다양한 금융사의 금리를 비교해보세요 방문없이 조회가 가능해요 신용점수에 영향이 없어요 금리 비교하기 판매자 정보 판매자정보사진 홀인원 모터스최경호매매 판매자 정보 판매중21판매완료103 대구 달서구 성서공단로 347 종사원증번호 25-053-00150상사/조합정보 구매 가이드 허위매물 대처 압류 및 저당 처리 성능 상태 점검기록부 차량 금액 외 별도 수수료 차량 이전등록 차량 체크사항 알림등록 비슷한 조건의 동일한 모델이 신규매물로 등록되면 알려드릴까요? 알림등록 455만원 총비용계산기 보험료 계산 대출상품 조회 리스상품 조회 보험이력 3건 성능점검내역 일반/엔카직영 신차가격표 판매자 문의하기 중고차시세 팔린매물 동급매물 엔카 중고차론 금융사 비교하고 제휴 추가할인 금리 4.9% 부터~ 닫기 허위매물 단속 및 매매관련 분쟁 처리 등을 위해 050안심번호로문의하면 전화번호와 통화내용이 엔카에 자동 저장됩니다.050도움말 엔카는 등록 시스템만을 제공하며, 판매자가 직접 등록한 차량의 모든 책임은 판매자에게 있습니다. 신고하기 회사소개인재채용클린엔카지점안내엔카직영성능점검장안내매매지원이용약관고객센터디스플레이광고개인정보처리방침금융소비자보호원격지원서비스 네이버 블로그 인스타그램 유튜브 페이스북 패밀리사이트 O2O를 잇는 신뢰와 기술로 차량을 사고 파는 모습의 진화를 만듭니다 고객센터 : 1599-5455FAX : 02-754-8768대표메일 : trust@encar.com주소 : 서울특별시 중구 통일로2길 16, 18~19층(순화동) 사업자 등록번호 : 104-86-54476통신판매업신고 : 제2014-서울중구-0393호대표자 : 김상범Copyright © 엔카닷컴(주) 내 차를 최고가에 팔고, 믿고 사는 가장 좋은 방법. 엔카닷컴(주) 엔카닷컴(주)는 통신판매중개자로서 통신판매의 당사자가 아니며, 상품·거래정보, 거래에 대하여 책임을 지지 않습니다."
38693158,YF 쏘나타LPI 럭셔리 연식,09/10식,146686,LPG(일반인 구입),서울,280,https://fem.encar.com/cars/detail/38693158?advClickPosition=mweb_mhightlight_g21_t400&listAdvType=mhighlight&type=detail&view_type=checked,"엔카 기본정보 옵션정보 차량상태 보증현황 판매자 정보 딜러 셀프등록 로그인/회원가입 채팅 전체메뉴 열기 엔카진단 등록번호 38693158조회수 257찜 11 신고하기 프린트 공유하기 찜하기 이전이미지 다음이미지 1 / 20 사진 모두보기 YF 쏘나타LPI 럭셔리 연식 09/10식 (10년형) 연형정보 주행거리 146,686km 연료 LPG(일반인 구입) 차량번호 61우1920 자세히 엔카가 아래 사항을 모두 진단 하였습니다 툴팁 엔카진단 프레임무사고 확인 옵션 정보더보기 주요옵션 옵션 설명 보기 선루프 없음 헤드램프 (HID) 없음 주차감지센서 없음 후방카메라 없음 자동에어컨 없음 스마트키 없음 내비게이션 없음 열선시트 없음 통풍시트 없음 가죽시트 있음 16개 옵션 모두보기 이 차를 추천하는 이유더보기 깔끔한 블랙 외관 컬러와 중형 세단으로 부족하지않은 레그룸은 물론이며 가성비있게 운행이 가능한 쏘나타를 지금 바로 만나보세요! 차량 상태 엔카진단 엔카가 무사고 진단을 했어요 프레임 진단 정상 외부패널 진단 정상 엔카진단 자세히 보기 성능점검을 등록한 차량이에요 제시번호 : 2024123736 교환 없음 판금 없음 부식 없음 성능기록부 자세히보기 차량이력 내차 피해 없음 타차 가해 총 755,900원 (2회) 특이 사항 없음 차량이력 자세히 보기 보증 현황 제조사 보증제조사보증도움말 일반/차체 엔진/미션 엔카금융 1분만에 한도/금리 비교 다양한 금융사의 금리를 비교해보세요 방문없이 조회가 가능해요 신용점수에 영향이 없어요 금리 비교하기 판매자 정보 판매자정보사진 (주)삼일유나리매매 판매자 정보 판매중9판매완료16 경기 수원시 권선구 평동로79번길 45 종사원증번호 GC26-01031상사/조합정보 구매 가이드 허위매물 대처 압류 및 저당 처리 성능 상태 점검기록부 차량 금액 외 별도 수수료 차량 이전등록 차량 체크사항 알림등록 비슷한 조건의 동일한 모델이 신규매물로 등록되면 알려드릴까요? 알림등록 280만원 총비용계산기 보험료 계산 대출상품 조회 리스상품 조회 보험이력 2건 성능점검내역 일반/엔카직영 신차가격표 판매자 문의하기 중고차시세 팔린매물 동급매물 엔카 중고차론 금융사 비교하고 제휴 추가할인 금리 4.9% 부터~ 닫기 허위매물 단속 및 매매관련 분쟁 처리 등을 위해 050안심번호로문의하면 전화번호와 통화내용이 엔카에 자동 저장됩니다.050도움말 엔카는 등록 시스템만을 제공하며, 판매자가 직접 등록한 차량의 모든 책임은 판매자에게 있습니다. 신고하기 회사소개인재채용클린엔카지점안내엔카직영성능점검장안내매매지원이용약관고객센터디스플레이광고개인정보처리방침금융소비자보호원격지원서비스 네이버 블로그 인스타그램 유튜브 페이스북 패밀리사이트 O2O를 잇는 신뢰와 기술로 차량을 사고 파는 모습의 진화를 만듭니다 고객센터 : 1599-5455FAX : 02-754-8768대표메일 : trust@encar.com주소 : 서울특별시 중구 통일로2길 16, 18~19층(순화동) 사업자 등록번호 : 104-86-54476통신판매업신고 : 제2014-서울중구-0393호대표자 : 김상범Copyright © 엔카닷컴(주) 내 차를 최고가에 팔고, 믿고 사는 가장 좋은 방법. 엔카닷컴(주) 엔카닷컴(주)는 통신판매중개자로서 통신판매의 당사자가 아니며, 상품·거래정보, 거래에 대하여 책임을 지지 않습니다."
41322885,YF 쏘나타수출형 연식,11/12식,233173,가솔린,서울,280,https://fem.encar.com/cars/detail/41322885?advClickPosition=mweb_mhightlight_g22_t400&listAdvType=mhighlight&type=detail&view_type=normal,"엔카 기본정보 옵션정보 차량상태 보증현황 판매자 정보 딜러 셀프등록 로그인/회원가입 채팅 전체메뉴 등록번호 41322885조회수 1,843찜 23 신고하기 프린트 공유하기 찜하기 #양호#HOT#COOL @엔진 미션 하체 상태좋습니다@ #전국 최저가격 # 이전이미지 다음이미지 1 / 20 사진 모두보기 YF 쏘나타수출형 연식 11/12식 연형정보 주행거리 233,173km 연료 가솔린 차량번호 34너0505 자세히 옵션 정보더보기 주요옵션 옵션 설명 보기 선루프 없음 헤드램프 (HID) 없음 주차감지센서 있음 후방카메라 있음 자동에어컨 없음 스마트키 없음 내비게이션 있음 열선시트 없음 통풍시트 없음 가죽시트 있음 26개 옵션 모두보기 차량 상태 차량이력 내차 피해 총 3,490,635원 (2회) 타차 가해 총 2,451,381원 (2회) 특이 사항 없음 차량이력 자세히 보기 보증 현황 제조사 보증제조사보증도움말 일반/차체 엔진/미션 엔카금융 1분만에 한도/금리 비교 다양한 금융사의 금리를 비교해보세요 방문없이 조회가 가능해요 신용점수에 영향이 없어요 금리 비교하기 판매자 정보 판매자정보사진 카보스김종우매매 판매자 정보 판매중8판매완료33 대구 동구 종사원증번호 17-053-00299상사/조합정보 헛걸음보상 가입 헛걸음보상 약속내용 고객님이 방문하실 때까지 차량을 판매하지 않으며, 광고내용과 일치함을 약속드립니다. 8년 48일째 유지중 방문예약하기 구매 가이드 허위매물 대처 압류 및 저당 처리 성능 상태 점검기록부 차량 금액 외 별도 수수료 차량 이전등록 차량 체크사항 알림등록 비슷한 조건의 동일한 모델이 신규매물로 등록되면 알려드릴까요? 알림등록 280만원 총비용계산기 보험료 계산 대출상품 조회 리스상품 조회 보험이력 4건 성능점검내역 미등록 신차가격표 판매자 문의하기 중고차시세 팔린매물 동급매물 엔카 중고차론 금융사 비교하고 제휴 추가할인 금리 4.9% 부터~ 닫기 허위매물 단속 및 매매관련 분쟁 처리 등을 위해 050안심번호로문의하면 전화번호와 통화내용이 엔카에 자동 저장됩니다.050도움말 엔카는 등록 시스템만을 제공하며, 판매자가 직접 등록한 차량의 모든 책임은 판매자에게 있습니다. 신고하기 회사소개인재채용클린엔카지점안내엔카직영성능점검장안내매매지원이용약관고객센터디스플레이광고개인정보처리방침금융소비자보호원격지원서비스 네이버 블로그 인스타그램 유튜브 페이스북 패밀리사이트 O2O를 잇는 신뢰와 기술로 차량을 사고 파는 모습의 진화를 만듭니다 고객센터 : 1599-5455FAX : 02-754-8768대표메일 : trust@encar.com주소 : 서울특별시 중구 통일로2길 16, 18~19층(순화동) 사업자 등록번호 : 104-86-54476통신판매업신고 : 제2014-서울중구-0393호대표자 : 김상범Copyright © 엔카닷컴(주) 내 차를 최고가에 팔고, 믿고 사는 가장 좋은 방법. 엔카닷컴(주) 엔카닷컴(주)는 통신판매중개자로서 통신판매의 당사자가 아니며, 상품·거래정보, 거래에 대하여 책임을 지지 않습니다."
40918066,YF 쏘나타CVVL 럭셔리 연식,12/03식,158481,가솔린,서울,470,https://fem.encar.com/cars/detail/40918066?advClickPosition=mweb_mhightlight_g23_t400&listAdvType=mhighlight&type=detail&view_type=normal,"엔카 기본정보 옵션정보 차량상태 보증현황 판매자 정보 딜러 셀프등록 로그인/회원가입 채팅 전체메뉴 열기 등록번호 40918066조회수 5찜 0 신고하기 프린트 공유하기 찜하기 #HOT#COOL#양호 엔카에서 촬영한 100% 실매물 차량입니다. 이전이미지 다음이미지 1 / 20 사진 모두보기 YF 쏘나타CVVL 럭셔리 연식 12/03식 연형정보 주행거리 158,481km 연료 가솔린 차량번호 45마8103 자세히 옵션 정보더보기 주요옵션 옵션 설명 보기 선루프 없음 헤드램프 (HID) 없음 주차감지센서 있음 후방카메라 없음 자동에어컨 있음 스마트키 있음 내비게이션 없음 열선시트 있음 통풍시트 없음 가죽시트 있음 28개 옵션 모두보기 차량 상태 성능점검을 등록한 차량이에요 제시번호 : 2508004695 교환 2 판금 없음 부식 없음 성능기록부 자세히보기 차량이력 내차 피해 총 4,046,175원 (5회) 타차 가해 없음 특이 사항 없음 차량이력 자세히 보기 보증 현황 제조사 보증제조사보증도움말 일반/차체 엔진/미션 엔카금융 1분만에 한도/금리 비교 다양한 금융사의 금리를 비교해보세요 방문없이 조회가 가능해요 신용점수에 영향이 없어요 금리 비교하기 판매자 정보 판매자정보사진 (주)더챔박승호매매 판매자 정보 판매중15판매완료83 충북 청주시 청원구 종사원증번호 CB21-00392상사/조합정보 구매 가이드 허위매물 대처 압류 및 저당 처리 성능 상태 점검기록부 차량 금액 외 별도 수수료 차량 이전등록 차량 체크사항 알림등록 비슷한 조건의 동일한 모델이 신규매물로 등록되면 알려드릴까요? 알림등록 470만원 총비용계산기 보험료 계산 대출상품 조회 리스상품 조회 보험이력 5건 성능점검내역 일반/엔카직영 신차대비 19% 신차가격표 판매자 문의하기 중고차시세 팔린매물 동급매물 엔카 중고차론 금융사 비교하고 제휴 추가할인 금리 4.9% 부터~ 닫기 허위매물 단속 및 매매관련 분쟁 처리 등을 위해 050안심번호로문의하면 전화번호와 통화내용이 엔카에 자동 저장됩니다.050도움말 엔카는 등록 시스템만을 제공하며, 판매자가 직접 등록한 차량의 모든 책임은 판매자에게 있습니다. 신고하기 회사소개인재채용클린엔카지점안내엔카직영성능점검장안내매매지원이용약관고객센터디스플레이광고개인정보처리방침금융소비자보호원격지원서비스 네이버 블로그 인스타그램 유튜브 페이스북 패밀리사이트 O2O를 잇는 신뢰와 기술로 차량을 사고 파는 모습의 진화를 만듭니다 고객센터 : 1599-5455FAX : 02-754-8768대표메일 : trust@encar.com주소 : 서울특별시 중구 통일로2길 16, 18~19층(순화동) 사업자 등록번호 : 104-86-54476통신판매업신고 : 제2014-서울중구-0393호대표자 : 김상범Copyright © 엔카닷컴(주) 내 차를 최고가에 팔고, 믿고 사는 가장 좋은 방법. 엔카닷컴(주) 엔카닷컴(주)는 통신판매중개자로서 통신판매의 당사자가 아니며, 상품·거래정보, 거래에 대하여 책임을 지지 않습니다."
41048458,YF 쏘나타Y20 프라임블랙 연식,11/01식,178461,가솔린,서울,70,https://fem.encar.com/cars/detail/41048458?advClickPosition=mweb_mhightlight_g25_t400&listAdvType=mhighlight&type=detail&view_type=checked,"엔카 기본정보 옵션정보 차량상태 보증현황 판매자 정보 딜러 셀프등록 로그인/회원가입 채팅 전체메뉴 열기 엔카진단 등록번호 41048458조회수 154찜 1 신고하기 프린트 공유하기 찜하기 이전이미지 다음이미지 1 / 20 사진 모두보기 YF 쏘나타Y20 프라임블랙 연식 11/01식 연형정보 주행거리 178,461km 연료 가솔린 차량번호 28도4926 자세히 엔카가 아래 사항을 모두 진단 하였습니다 툴팁 엔카진단 프레임무사고 확인 옵션 정보더보기 주요옵션 옵션 설명 보기 선루프 있음 헤드램프 (HID) 없음 주차감지센서 있음 후방카메라 있음 자동에어컨 있음 스마트키 있음 내비게이션 있음 열선시트 있음 통풍시트 없음 가죽시트 있음 32개 옵션 모두보기 이 차만의 옵션더보기 버튼시동 스마트키 시스템(도어 웰컴 라이팅 포함) 70만원 3피스 타입 파노라마 썬루프(전동식 롤 블라인드) 115만원 Intelligent DMB 네비게이션(외장형 앰프, 서브 우퍼, 음성 인식, 후방카메라, 후방주차가이드 시스템 포함) 160만원 이 차를 추천하는 이유더보기 슬라이드가 잘 작동하는 파노라마 썬루프가 추가되어 쾌적한 개방감을 느끼면서 드라이빙 하실 수 있습니다! 바로 만나보세요! 차량 상태 엔카진단 엔카가 무사고 진단을 했어요 프레임 진단 정상 외부패널 진단 정상 엔카진단 자세히 보기 성능점검을 등록한 차량이에요 제시번호 : 25111408086 교환 없음 판금 없음 부식 없음 성능기록부 자세히보기 차량이력 내차 피해 총 4,637,118원 (6회) 타차 가해 총 6,227,219원 (3회) 특이 사항 없음 차량이력 자세히 보기 보증 현황 제조사 보증제조사보증도움말 일반/차체 엔진/미션 엔카금융 1분만에 한도/금리 비교 다양한 금융사의 금리를 비교해보세요 방문없이 조회가 가능해요 신용점수에 영향이 없어요 금리 비교하기 판매자 정보 판매자정보사진 다올모터스김동섭매매 판매자 정보 판매중15판매완료36 인천 서구 종사원증번호 IIM23-00748상사/조합정보 구매 가이드 허위매물 대처 압류 및 저당 처리 성능 상태 점검기록부 차량 금액 외 별도 수수료 차량 이전등록 차량 체크사항 알림등록 비슷한 조건의 동일한 모델이 신규매물로 등록되면 알려드릴까요? 알림등록 360만원 총비용계산기 보험료 계산 대출상품 조회 리스상품 조회 보험이력 9건 성능점검내역 일반/엔카직영 신차대비 -% 신차가격표 판매자 문의하기 중고차시세 팔린매물 동급매물 엔카 중고차론 금융사 비교하고 제휴 추가할인 금리 4.9% 부터~ 닫기 허위매물 단속 및 매매관련 분쟁 처리 등을 위해 050안심번호로문의하면 전화번호와 통화내용이 엔카에 자동 저장됩니다.050도움말 엔카는 등록 시스템만을 제공하며, 판매자가 직접 등록한 차량의 모든 책임은 판매자에게 있습니다. 신고하기 회사소개인재채용클린엔카지점안내엔카직영성능점검장안내매매지원이용약관고객센터디스플레이광고개인정보처리방침금융소비자보호원격지원서비스 네이버 블로그 인스타그램 유튜브 페이스북 패밀리사이트 O2O를 잇는 신뢰와 기술로 차량을 사고 파는 모습의 진화를 만듭니다 고객센터 : 1599-5455FAX : 02-754-8768대표메일 : trust@encar.com주소 : 서울특별시 중구 통일로2길 16, 18~19층(순화동) 사업자 등록번호 : 104-86-54476통신판매업신고 : 제2014-서울중구-0393호대표자 : 김상범Copyright © 엔카닷컴(주) 내 차를 최고가에 팔고, 믿고 사는 가장 좋은 방법. 엔카닷컴(주) 엔카닷컴(주)는 통신판매중개자로서 통신판매의 당사자가 아니며, 상품·거래정보, 거래에 대하여 책임을 지지 않습니다."
41059602,YF 쏘나타LPI 탑 연식,10/11식,198439,LPG(일반인 구입),서울,299,https://fem.encar.com/cars/detail/41059602?advClickPosition=mweb_mhightlight_g26_t400&listAdvType=mhighlight&type=detail&view_type=checked,"엔카 기본정보 옵션정보 차량상태 보증현황 판매자 정보 딜러 셀프등록 로그인/회원가입 채팅 전체메뉴 열기 엔카진단 등록번호 41059602조회수 213찜 2 신고하기 프린트 공유하기 찜하기 이전이미지 다음이미지 1 / 20 사진 모두보기 YF 쏘나타LPI 탑 연식 10/11식 (11년형) 연형정보 주행거리 198,439km 연료 LPG(일반인 구입) 차량번호 22구2572 자세히 엔카가 아래 사항을 모두 진단 하였습니다 툴팁 엔카진단 프레임무사고 확인 옵션 정보더보기 주요옵션 옵션 설명 보기 선루프 없음 헤드램프 (HID) 없음 주차감지센서 있음 후방카메라 있음 자동에어컨 있음 스마트키 없음 내비게이션 없음 열선시트 있음 통풍시트 없음 가죽시트 있음 23개 옵션 모두보기 이 차를 추천하는 이유더보기 후방카메라가 장착되어 안전한 주차가가능해 추천드려요~ 하이패스 시스템이 포함되어 고속도로 주행시 안전하고 신속한 주행이 가능해요~ 차량 상태 엔카진단 엔카가 무사고 진단을 했어요 프레임 진단 정상 외부패널 진단 정상 엔카진단 자세히 보기 성능점검을 등록한 차량이에요 제시번호 : 20251558336 교환 없음 판금 없음 부식 없음 성능기록부 자세히보기 차량이력 내차 피해 총 1,150,517원 (2회) 타차 가해 없음 특이 사항 없음 차량이력 자세히 보기 보증 현황 제조사 보증제조사보증도움말 일반/차체 엔진/미션 엔카금융 1분만에 한도/금리 비교 다양한 금융사의 금리를 비교해보세요 방문없이 조회가 가능해요 신용점수에 영향이 없어요 금리 비교하기 판매자 정보 판매자정보사진 청춘카박지훈매매 판매자 정보 판매중152판매완료339 경기 수원시 권선구 종사원증번호 GC20-05671상사/조합정보 구매 가이드 허위매물 대처 압류 및 저당 처리 성능 상태 점검기록부 차량 금액 외 별도 수수료 차량 이전등록 차량 체크사항 알림등록 비슷한 조건의 동일한 모델이 신규매물로 등록되면 알려드릴까요? 알림등록 299만원 총비용계산기 보험료 계산 대출상품 조회 리스상품 조회 보험이력 2건 성능점검내역 일반/엔카직영 신차가격표 판매자 문의하기 중고차시세 팔린매물 동급매물 엔카 중고차론 금융사 비교하고 제휴 추가할인 금리 4.9% 부터~ 닫기 허위매물 단속 및 매매관련 분쟁 처리 등을 위해 050안심번호로문의하면 전화번호와 통화내용이 엔카에 자동 저장됩니다.050도움말 엔카는 등록 시스템만을 제공하며, 판매자가 직접 등록한 차량의 모든 책임은 판매자에게 있습니다. 신고하기 회사소개인재채용클린엔카지점안내엔카직영성능점검장안내매매지원이용약관고객센터디스플레이광고개인정보처리방침금융소비자보호원격지원서비스 네이버 블로그 인스타그램 유튜브 페이스북 패밀리사이트 O2O를 잇는 신뢰와 기술로 차량을 사고 파는 모습의 진화를 만듭니다 고객센터 : 1599-5455FAX : 02-754-8768대표메일 : trust@encar.com주소 : 서울특별시 중구 통일로2길 16, 18~19층(순화동) 사업자 등록번호 : 104-86-54476통신판매업신고 : 제2014-서울중구-0393호대표자 : 김상범Copyright © 엔카닷컴(주) 내 차를 최고가에 팔고, 믿고 사는 가장 좋은 방법. 엔카닷컴(주) 엔카닷컴(주)는 통신판매중개자로서 통신판매의 당사자가 아니며, 상품·거래정보, 거래에 대하여 책임을 지지 않습니다."
41166969,YF 쏘나타F24 GDI최고급형 연식,10/02식,147209,가솔린,서울,122,https://fem.encar.com/cars/detail/41166969?advClickPosition=mweb_mhightlight_g27_t400&listAdvType=mhighlight&type=detail&view_type=checked,"엔카 기본정보 옵션정보 차량상태 보증현황 판매자 정보 딜러 셀프등록 로그인/회원가입 채팅 전체메뉴 열기 엔카진단 등록번호 41166969조회수 270찜 11 신고하기 프린트 공유하기 찜하기 이전이미지 다음이미지 1 / 20 사진 모두보기 YF 쏘나타F24 GDI최고급형 연식 10/02식 연형정보 주행거리 147,209km 연료 가솔린 차량번호 16오8584 자세히 엔카가 아래 사항을 모두 진단 하였습니다 툴팁 엔카진단 프레임무사고 확인 옵션 정보더보기 주요옵션 옵션 설명 보기 선루프 있음 헤드램프 (HID) 있음 주차감지센서 있음 후방카메라 있음 자동에어컨 있음 스마트키 있음 내비게이션 있음 열선시트 있음 통풍시트 없음 가죽시트 있음 36개 옵션 모두보기 이 차만의 옵션더보기 3피스 타입 파노라마 썬루프(전동식 롤 블라인드) 122만원 이 차를 추천하는 이유더보기 쾌적하고 개방감 넘치는 주행을 선사하는 파노라마 썬루프 장착 차량으로 밤하늘의 별을 보면서 감성 넘치는 드라이빙도 가능합니다 실물로 만나보세요! 차량 상태 엔카진단 엔카가 무사고 진단을 했어요 프레임 진단 정상 외부패널 진단 정상 엔카진단 자세히 보기 성능점검을 등록한 차량이에요 제시번호 : 2025164914 교환 없음 판금 없음 부식 없음 성능기록부 자세히보기 차량이력 내차 피해 없음 타차 가해 없음 특이 사항 없음 차량이력 자세히 보기 보증 현황 제조사 보증제조사보증도움말 일반/차체 엔진/미션 엔카금융 1분만에 한도/금리 비교 다양한 금융사의 금리를 비교해보세요 방문없이 조회가 가능해요 신용점수에 영향이 없어요 금리 비교하기 판매자 정보 판매자정보사진 더 좋은차김재호매매 판매자 정보 판매중26판매완료138 부산 사하구 종사원증번호 179-16상사/조합정보 구매 가이드 허위매물 대처 압류 및 저당 처리 성능 상태 점검기록부 차량 금액 외 별도 수수료 차량 이전등록 차량 체크사항 알림등록 비슷한 조건의 동일한 모델이 신규매물로 등록되면 알려드릴까요? 알림등록 440만원 총비용계산기 보험료 계산 대출상품 조회 리스상품 조회 보험이력 0건 성능점검내역 일반/엔카직영 신차대비 -% 신차가격표 판매자 문의하기 중고차시세 팔린매물 동급매물 엔카 중고차론 금융사 비교하고 제휴 추가할인 금리 4.9% 부터~ 닫기 허위매물 단속 및 매매관련 분쟁 처리 등을 위해 050안심번호로문의하면 전화번호와 통화내용이 엔카에 자동 저장됩니다.050도움말 엔카는 등록 시스템만을 제공하며, 판매자가 직접 등록한 차량의 모든 책임은 판매자에게 있습니다. 신고하기 회사소개인재채용클린엔카지점안내엔카직영성능점검장안내매매지원이용약관고객센터디스플레이광고개인정보처리방침금융소비자보호원격지원서비스 네이버 블로그 인스타그램 유튜브 페이스북 패밀리사이트 O2O를 잇는 신뢰와 기술로 차량을 사고 파는 모습의 진화를 만듭니다 고객센터 : 1599-5455FAX : 02-754-8768대표메일 : trust@encar.com주소 : 서울특별시 중구 통일로2길 16, 18~19층(순화동) 사업자 등록번호 : 104-86-54476통신판매업신고 : 제2014-서울중구-0393호대표자 : 김상범Copyright © 엔카닷컴(주) 내 차를 최고가에 팔고, 믿고 사는 가장 좋은 방법. 엔카닷컴(주) 엔카닷컴(주)는 통신판매중개자로서 통신판매의 당사자가 아니며, 상품·거래정보, 거래에 대하여 책임을 지지 않습니다."
41594961,YF 쏘나타LPI 럭셔리 연식,10/12식,237979,LPG(일반인 구입),서울,350,https://fem.encar.com/cars/detail/41594961?advClickPosition=mweb_mhightlight_g29_t400&listAdvType=mhighlight&type=detail&view_type=normal,"엔카 기본정보 옵션정보 차량상태 보증현황 판매자 정보 딜러 셀프등록 로그인/회원가입 채팅 전체메뉴 열기 등록번호 41594961조회수 39찜 0 신고하기 프린트 공유하기 찜하기 #양호#HOT#COOL 가성비 차량 이전이미지 다음이미지 1 / 20 사진 모두보기 YF 쏘나타LPI 럭셔리 연식 10/12식 (11년형) 연형정보 주행거리 237,979km 연료 LPG(일반인 구입) 차량번호 47소1145 자세히 옵션 정보더보기 주요옵션 옵션 설명 보기 선루프 없음 헤드램프 (HID) 없음 주차감지센서 있음 후방카메라 없음 자동에어컨 없음 스마트키 없음 내비게이션 없음 열선시트 없음 통풍시트 없음 가죽시트 있음 17개 옵션 모두보기 차량 상태 성능점검을 등록한 차량이에요 제시번호 : 2632401012 교환 없음 판금 없음 부식 없음 성능기록부 자세히보기 차량이력 내차 피해 총 1,458,356원 (3회) 타차 가해 없음 특이 사항 렌트 이력 차량이력 자세히 보기 보증 현황 제조사 보증제조사보증도움말 일반/차체 엔진/미션 엔카금융 1분만에 한도/금리 비교 다양한 금융사의 금리를 비교해보세요 방문없이 조회가 가능해요 신용점수에 영향이 없어요 금리 비교하기 판매자 정보 판매자정보사진 리치모터스조인식매매 판매자 정보 판매중3판매완료4 대구 동구 안심로69길 35 종사원증번호 2505300137상사/조합정보 구매 가이드 허위매물 대처 압류 및 저당 처리 성능 상태 점검기록부 차량 금액 외 별도 수수료 차량 이전등록 차량 체크사항 알림등록 비슷한 조건의 동일한 모델이 신규매물로 등록되면 알려드릴까요? 알림등록 350만원 총비용계산기 보험료 계산 대출상품 조회 리스상품 조회 보험이력 3건 성능점검내역 일반/엔카직영 신차가격표 판매자 문의하기 중고차시세 팔린매물 동급매물 엔카 중고차론 금융사 비교하고 제휴 추가할인 금리 4.9% 부터~ 닫기 허위매물 단속 및 매매관련 분쟁 처리 등을 위해 050안심번호로문의하면 전화번호와 통화내용이 엔카에 자동 저장됩니다.050도움말 엔카는 등록 시스템만을 제공하며, 판매자가 직접 등록한 차량의 모든 책임은 판매자에게 있습니다. 신고하기 회사소개인재채용클린엔카지점안내엔카직영성능점검장안내매매지원이용약관고객센터디스플레이광고개인정보처리방침금융소비자보호원격지원서비스 네이버 블로그 인스타그램 유튜브 페이스북 패밀리사이트 O2O를 잇는 신뢰와 기술로 차량을 사고 파는 모습의 진화를 만듭니다 고객센터 : 1599-5455FAX : 02-754-8768대표메일 : trust@encar.com주소 : 서울특별시 중구 통일로2길 16, 18~19층(순화동) 사업자 등록번호 : 104-86-54476통신판매업신고 : 제2014-서울중구-0393호대표자 : 김상범Copyright © 엔카닷컴(주) 내 차를 최고가에 팔고, 믿고 사는 가장 좋은 방법. 엔카닷컴(주) 엔카닷컴(주)는 통신판매중개자로서 통신판매의 당사자가 아니며, 상품·거래정보, 거래에 대하여 책임을 지지 않습니다."
41612534,YF 쏘나타CVVL 럭셔리 연식,12/02식,82929,가솔린,서울,160,https://fem.encar.com/cars/detail/41612534?advClickPosition=mweb_mhightlight_g30_t400&listAdvType=mhighlight&type=detail&view_type=hs_ad,"엔카 기본정보 옵션정보 차량상태 보증현황 엔카서비스 딜러 셀프등록 로그인/회원가입 채팅 전체메뉴 열기 엔카진단+ 엔카믿고 등록번호 41603500조회수 55찜 4 신고하기 프린트 공유하기 찜하기 이전이미지 다음이미지 1 / 20 사진 모두보기 YF 쏘나타CVVL 럭셔리 연식 12/02식 연형정보 주행거리 82,929km 연료 가솔린 차량번호 19조8200 자세히 엔카가 아래 사항을 모두 진단 하였습니다 툴팁 엔카진단+ 프레임무사고 확인 내외부차량 관리 상태 확인 엔카를 통한 구매는 환불을 보장합니다 엔카믿고 차량확인 시원하는 곳으로 배송 구매 시7일간 타보고 환불가능 옵션 정보더보기 주요옵션 옵션 설명 보기 선루프 없음 헤드램프 (HID) 없음 주차감지센서 있음 후방카메라 있음 자동에어컨 있음 스마트키 있음 내비게이션 있음 열선시트 있음 통풍시트 없음 가죽시트 있음 31개 옵션 모두보기 이 차만의 옵션더보기 Intelligent DMB 내비게이션(외장형 앰프, 서브우퍼, 음성 인식, 후방카메라, 후방주차가이드 시스템 포함) 160만원 이 차를 추천하는 이유더보기 1인 신조 운행되어 온 차량이며, 전 차주분께서 적은 주행을 다니신 만큼 연식대비 좋은 키로수가 눈에 띄네요. 차량 컨디션도 우수한 편이라 추천드립니다. 차량 상태 엔카진단+ 엔카가 무사고 진단을 했어요 프레임 진단 정상 외부패널 진단 정상 엔카진단 자세히 보기 엔카가 차량상태를 확인했어요 더보기 외관 스크래치, 등화장치, 타이어 상태, 실내 냄새까지 엔카 진단센터에서 직접 확인했어요. 차량 키 개수 2개 틴팅(앞 유리) 있음 타이어트레드 잔량 (앞) 툴팁 7mm 타이어트레드 잔량 (뒤) 툴팁 7mm 더보기 차량관리상태 모두보기 성능점검을 등록한 차량이에요 제시번호 : 2026545874 교환 없음 판금 없음 부식 없음 성능기록부 자세히보기 차량이력 내차 피해 총 2,113,075원 (5회) 타차 가해 없음 특이 사항 없음 차량이력 자세히 보기 보증 현황 제조사 보증제조사보증도움말 일반/차체 엔진/미션 엔카보증 성능보험보험사제공성능보험도움말 30일/2,000km 약 60개 부품 보증 (법적 의무 가입대상) 엔카종합보증엔카제공엔카종합보증도움말 ~180일/10,000km 약 160개 부품 보증, 가입 시 보상한도 내 무제한 보증 수리 엔카를 통해 구매하기 엔카믿고 제공혜택 차량확인 시원하는 곳으로 배송 구매 시7일간 타보고 환불가능 집앞으로 배송받기 엔카 전담 상담원 엔카 매니저 고객님과 꼼꼼히 상담 후 배송해드린 차량을 7일간 타보세요. 대출 상담부터 스크래치 확인까지 1:1로 엔카매니저가 모두 도와드리는 서비스 입니다. 판매자 정보 엔카금융 1분만에 한도/금리 비교 다양한 금융사의 금리를 비교해보세요 방문없이 조회가 가능해요 신용점수에 영향이 없어요 금리 비교하기 구매 가이드 허위매물 대처 압류 및 저당 처리 성능 상태 점검기록부 차량 금액 외 별도 수수료 차량 이전등록 차량 체크사항 알림등록 비슷한 조건의 동일한 모델이 신규매물로 등록되면 알려드릴까요? 알림등록 560만원 총비용계산기 보험료 계산 대출상품 조회 리스상품 조회 보험이력 5건 성능점검내역 일반/엔카직영 신차대비 -% 신차가격표 문의하기 엔카를 통해 구매하기 중고차시세 팔린매물 동급매물 엔카 중고차론 금융사 비교하고 제휴 추가할인 금리 4.9% 부터~ 닫기 허위매물 단속 및 매매관련 분쟁 처리 등을 위해 050안심번호로문의하면 전화번호와 통화내용이 엔카에 자동 저장됩니다.050도움말 회사소개인재채용클린엔카지점안내엔카직영성능점검장안내매매지원이용약관고객센터디스플레이광고개인정보처리방침금융소비자보호원격지원서비스 네이버 블로그 인스타그램 유튜브 페이스북 패밀리사이트 O2O를 잇는 신뢰와 기술로 차량을 사고 파는 모습의 진화를 만듭니다 고객센터 : 1599-5455FAX : 02-754-8768대표메일 : trust@encar.com주소 : 서울특별시 중구 통일로2길 16, 18~19층(순화동) 사업자 등록번호 : 104-86-54476통신판매업신고 : 제2014-서울중구-0393호대표자 : 김상범Copyright © 엔카닷컴(주) 내 차를 최고가에 팔고, 믿고 사는 가장 좋은 방법. 엔카닷컴(주) 엔카닷컴(주)는 통신판매중개자로서 통신판매의 당사자가 아니며, 상품·거래정보, 거래에 대하여 책임을 지지 않습니다."
40497568,YF 쏘나타Y20 로얄 연식,10/08식,98609,가솔린,서울,140,https://fem.encar.com/cars/detail/40497568?advClickPosition=mweb_mhightlight_g31_t400&listAdvType=mhighlight&type=detail&view_type=checked,"엔카 기본정보 옵션정보 차량상태 보증현황 판매자 정보 딜러 셀프등록 로그인/회원가입 채팅 전체메뉴 열기 엔카진단 등록번호 40497568조회수 2찜 0 신고하기 프린트 공유하기 찜하기 이전이미지 다음이미지 1 / 20 사진 모두보기 YF 쏘나타Y20 로얄 연식 10/08식 (11년형) 연형정보 주행거리 98,609km 연료 가솔린 차량번호 40부2481 자세히 엔카가 아래 사항을 모두 진단 하였습니다 툴팁 엔카진단 프레임무사고 확인 옵션 정보더보기 주요옵션 옵션 설명 보기 선루프 없음 헤드램프 (HID) 있음 주차감지센서 있음 후방카메라 있음 자동에어컨 있음 스마트키 있음 내비게이션 있음 열선시트 있음 통풍시트 있음 가죽시트 있음 37개 옵션 모두보기 이 차만의 옵션더보기 Intelligent DMB 네비게이션(JBL프리미엄사운드, 음성 인식, 후방카메라, 후방 주차가이드 시스템 포함) 140만원 이 차를 추천하는 이유더보기 DMB가 가능한 순정 내비게이션이 추가되어있어 쉽고 편리한 길안내가 가능하며 후방 카메라까지 탑재되어있어 안전한 주차까지 가능해요! 차량 상태 엔카진단 엔카가 무사고 진단을 했어요 프레임 진단 정상 외부패널 진단 교환 엔카진단 자세히 보기 성능점검을 등록한 차량이에요 제시번호 : 2025102914 교환 없음 판금 1 부식 없음 성능기록부 자세히보기 차량이력 내차 피해 총 3,485,079원 (4회) 타차 가해 총 1,394,706원 (2회) 특이 사항 없음 차량이력 자세히 보기 보증 현황 제조사 보증제조사보증도움말 일반/차체 엔진/미션 엔카금융 1분만에 한도/금리 비교 다양한 금융사의 금리를 비교해보세요 방문없이 조회가 가능해요 신용점수에 영향이 없어요 금리 비교하기 판매자 정보 판매자정보사진 에스와이오토이상현매매 판매자 정보 판매중11판매완료72 인천 서구 종사원증번호 im23-00607상사/조합정보 구매 가이드 허위매물 대처 압류 및 저당 처리 성능 상태 점검기록부 차량 금액 외 별도 수수료 차량 이전등록 차량 체크사항 알림등록 비슷한 조건의 동일한 모델이 신규매물로 등록되면 알려드릴까요? 알림등록 400만원 총비용계산기 보험료 계산 대출상품 조회 리스상품 조회 보험이력 6건 성능점검내역 일반/엔카직영 신차대비 -% 신차가격표 판매자 문의하기 중고차시세 팔린매물 동급매물 엔카 중고차론 금융사 비교하고 제휴 추가할인 금리 4.9% 부터~ 닫기 허위매물 단속 및 매매관련 분쟁 처리 등을 위해 050안심번호로문의하면 전화번호와 통화내용이 엔카에 자동 저장됩니다.050도움말 엔카는 등록 시스템만을 제공하며, 판매자가 직접 등록한 차량의 모든 책임은 판매자에게 있습니다. 신고하기 회사소개인재채용클린엔카지점안내엔카직영성능점검장안내매매지원이용약관고객센터디스플레이광고개인정보처리방침금융소비자보호원격지원서비스 네이버 블로그 인스타그램 유튜브 페이스북 패밀리사이트 O2O를 잇는 신뢰와 기술로 차량을 사고 파는 모습의 진화를 만듭니다 고객센터 : 1599-5455FAX : 02-754-8768대표메일 : trust@encar.com주소 : 서울특별시 중구 통일로2길 16, 18~19층(순화동) 사업자 등록번호 : 104-86-54476통신판매업신고 : 제2014-서울중구-0393호대표자 : 김상범Copyright © 엔카닷컴(주) 내 차를 최고가에 팔고, 믿고 사는 가장 좋은 방법. 엔카닷컴(주) 엔카닷컴(주)는 통신판매중개자로서 통신판매의 당사자가 아니며, 상품·거래정보, 거래에 대하여 책임을 지지 않습니다."
41603500,YF 쏘나타CVVL 럭셔리 연식,12/02식,82929,가솔린,서울,160,https://fem.encar.com/cars/detail/41603500?advClickPosition=mweb_mhightlight_g32_t400&listAdvType=mhighlight&type=detail&view_type=checked,"엔카 기본정보 옵션정보 차량상태 보증현황 판매자 정보 딜러 셀프등록 로그인/회원가입 채팅 전체메뉴 열기 엔카진단+ 등록번호 41603500조회수 56찜 1 신고하기 프린트 공유하기 찜하기 이전이미지 다음이미지 1 / 20 사진 모두보기 YF 쏘나타CVVL 럭셔리 연식 12/02식 연형정보 주행거리 82,929km 연료 가솔린 차량번호 19조8200 자세히 엔카가 아래 사항을 모두 진단 하였습니다 툴팁 엔카진단+ 프레임무사고 확인 내외부차량 관리 상태 확인 옵션 정보더보기 주요옵션 옵션 설명 보기 선루프 없음 헤드램프 (HID) 없음 주차감지센서 있음 후방카메라 있음 자동에어컨 있음 스마트키 있음 내비게이션 있음 열선시트 있음 통풍시트 없음 가죽시트 있음 31개 옵션 모두보기 이 차만의 옵션더보기 Intelligent DMB 내비게이션(외장형 앰프, 서브우퍼, 음성 인식, 후방카메라, 후방주차가이드 시스템 포함) 160만원 이 차를 추천하는 이유더보기 1인 신조 운행되어 온 차량이며, 전 차주분께서 적은 주행을 다니신 만큼 연식대비 좋은 키로수가 눈에 띄네요. 차량 컨디션도 우수한 편이라 추천드립니다. 차량 상태 엔카진단+ 엔카가 무사고 진단을 했어요 프레임 진단 정상 외부패널 진단 정상 엔카진단 자세히 보기 엔카가 차량상태를 확인했어요 더보기 외관 스크래치, 등화장치, 타이어 상태, 실내 냄새까지 엔카 진단센터에서 직접 확인했어요. 차량 키 개수 2개 틴팅(앞 유리) 있음 타이어트레드 잔량 (앞) 툴팁 7mm 타이어트레드 잔량 (뒤) 툴팁 7mm 더보기 차량관리상태 모두보기 성능점검을 등록한 차량이에요 제시번호 : 2026545874 교환 없음 판금 없음 부식 없음 성능기록부 자세히보기 차량이력 내차 피해 총 2,113,075원 (5회) 타차 가해 없음 특이 사항 없음 차량이력 자세히 보기 보증 현황 제조사 보증제조사보증도움말 일반/차체 엔진/미션 엔카금융 1분만에 한도/금리 비교 다양한 금융사의 금리를 비교해보세요 방문없이 조회가 가능해요 신용점수에 영향이 없어요 금리 비교하기 판매자 정보 판매자정보사진 (주)케이투모터스박대건매매 판매자 정보 판매중27판매완료118 광주 서구 종사원증번호 24-062-00215상사/조합정보 이 차량을 '엔카믿고'로 신청하시면 엔카가 거래 과정을 함께 합니다. 엔카에 거래 도움받기 구매 가이드 허위매물 대처 압류 및 저당 처리 성능 상태 점검기록부 차량 금액 외 별도 수수료 차량 이전등록 차량 체크사항 알림등록 비슷한 조건의 동일한 모델이 신규매물로 등록되면 알려드릴까요? 알림등록 560만원 총비용계산기 보험료 계산 대출상품 조회 리스상품 조회 보험이력 5건 성능점검내역 일반/엔카직영 신차대비 -% 신차가격표 판매자 문의하기 중고차시세 팔린매물 동급매물 엔카 중고차론 금융사 비교하고 제휴 추가할인 금리 4.9% 부터~ 닫기 허위매물 단속 및 매매관련 분쟁 처리 등을 위해 050안심번호로문의하면 전화번호와 통화내용이 엔카에 자동 저장됩니다.050도움말 엔카는 등록 시스템만을 제공하며, 판매자가 직접 등록한 차량의 모든 책임은 판매자에게 있습니다. 신고하기 회사소개인재채용클린엔카지점안내엔카직영성능점검장안내매매지원이용약관고객센터디스플레이광고개인정보처리방침금융소비자보호원격지원서비스 네이버 블로그 인스타그램 유튜브 페이스북 패밀리사이트 O2O를 잇는 신뢰와 기술로 차량을 사고 파는 모습의 진화를 만듭니다 고객센터 : 1599-5455FAX : 02-754-8768대표메일 : trust@encar.com주소 : 서울특별시 중구 통일로2길 16, 18~19층(순화동) 사업자 등록번호 : 104-86-54476통신판매업신고 : 제2014-서울중구-0393호대표자 : 김상범Copyright © 엔카닷컴(주) 내 차를 최고가에 팔고, 믿고 사는 가장 좋은 방법. 엔카닷컴(주) 엔카닷컴(주)는 통신판매중개자로서 통신판매의 당사자가 아니며, 상품·거래정보, 거래에 대하여 책임을 지지 않습니다."
41640495,YF 쏘나타Y20 프리미어최고급형 연식,09/12식,105459,가솔린,서울,8,https://fem.encar.com/cars/detail/41640495?advClickPosition=mweb_mhightlight_g33_t400&listAdvType=mhighlight&type=detail&view_type=checked,"엔카 기본정보 옵션정보 차량상태 보증현황 판매자 정보 딜러 셀프등록 로그인/회원가입 채팅 전체메뉴 열기 엔카진단 등록번호 41640495조회수 3찜 0 신고하기 프린트 공유하기 찜하기 이전이미지 다음이미지 1 / 20 사진 모두보기 YF 쏘나타Y20 프리미어최고급형 연식 09/12식 (10년형) 연형정보 주행거리 105,459km 연료 가솔린 차량번호 36누6426 자세히 엔카가 아래 사항을 모두 진단 하였습니다 툴팁 엔카진단 프레임무사고 확인 옵션 정보더보기 주요옵션 옵션 설명 보기 선루프 있음 헤드램프 (HID) 없음 주차감지센서 있음 후방카메라 있음 자동에어컨 있음 스마트키 있음 내비게이션 있음 열선시트 있음 통풍시트 없음 가죽시트 있음 31개 옵션 모두보기 이 차만의 옵션더보기 화이트 크리스탈(WHC) 외장컬러 8만원 3피스 타입 파노라마 썬루프(전동식 롤 블라인드) 115만원 이 차를 추천하는 이유더보기 이런 멋진 디자인의 YF 쏘나타에 썬루프가 빠져서야 되겠나요? 파노라마 썬루프의 대중화를 이끌어낸 모델인 만큼, 옵션으로 추가되었다면 확실한 매력이죠! 차량 상태 엔카진단 엔카가 무사고 진단을 했어요 프레임 진단 정상 외부패널 진단 교환 엔카진단 자세히 보기 성능점검을 등록한 차량이에요 제시번호 : 1111111 교환 1 판금 1 부식 없음 성능기록부 자세히보기 차량이력 내차 피해 총 3,396,024원 (4회) 타차 가해 총 874,091원 (2회) 특이 사항 없음 차량이력 자세히 보기 보증 현황 제조사 보증제조사보증도움말 일반/차체 엔진/미션 엔카금융 1분만에 한도/금리 비교 다양한 금융사의 금리를 비교해보세요 방문없이 조회가 가능해요 신용점수에 영향이 없어요 금리 비교하기 판매자 정보 판매자정보사진 (주)그린모터스이기영매매 판매자 정보 판매중11판매완료105 서울 강남구 종사원증번호 SS15-00067상사/조합정보 구매 가이드 허위매물 대처 압류 및 저당 처리 성능 상태 점검기록부 차량 금액 외 별도 수수료 차량 이전등록 차량 체크사항 알림등록 비슷한 조건의 동일한 모델이 신규매물로 등록되면 알려드릴까요? 알림등록 390만원 총비용계산기 보험료 계산 대출상품 조회 리스상품 조회 보험이력 6건 성능점검내역 일반/엔카직영 신차대비 -% 신차가격표 판매자 문의하기 중고차시세 팔린매물 동급매물 엔카 중고차론 금융사 비교하고 제휴 추가할인 금리 4.9% 부터~ 닫기 허위매물 단속 및 매매관련 분쟁 처리 등을 위해 050안심번호로문의하면 전화번호와 통화내용이 엔카에 자동 저장됩니다.050도움말 엔카는 등록 시스템만을 제공하며, 판매자가 직접 등록한 차량의 모든 책임은 판매자에게 있습니다. 신고하기 회사소개인재채용클린엔카지점안내엔카직영성능점검장안내매매지원이용약관고객센터디스플레이광고개인정보처리방침금융소비자보호원격지원서비스 네이버 블로그 인스타그램 유튜브 페이스북 패밀리사이트 O2O를 잇는 신뢰와 기술로 차량을 사고 파는 모습의 진화를 만듭니다 고객센터 : 1599-5455FAX : 02-754-8768대표메일 : trust@encar.com주소 : 서울특별시 중구 통일로2길 16, 18~19층(순화동) 사업자 등록번호 : 104-86-54476통신판매업신고 : 제2014-서울중구-0393호대표자 : 김상범Copyright © 엔카닷컴(주) 내 차를 최고가에 팔고, 믿고 사는 가장 좋은 방법. 엔카닷컴(주) 엔카닷컴(주)는 통신판매중개자로서 통신판매의 당사자가 아니며, 상품·거래정보, 거래에 대하여 책임을 지지 않습니다."
41111677,YF 쏘나타LPI 프리미어(장애인용) 연식,10/02식,162735,LPG(일반인 구입),서울,350,https://fem.encar.com/cars/detail/41111677?advClickPosition=mweb_mhightlight_g34_t400&listAdvType=mhighlight&type=detail&view_type=normal,"엔카 기본정보 옵션정보 차량상태 보증현황 판매자 정보 딜러 셀프등록 로그인/회원가입 채팅 전체메뉴 열기 등록번호 41111677조회수 153찜 1 신고하기 프린트 공유하기 찜하기 #양호#HOT#COOL 엔카 실촬영 이전이미지 다음이미지 1 / 20 사진 모두보기 YF 쏘나타LPI 프리미어(장애인용) 연식 10/02식 연형정보 주행거리 162,735km 연료 LPG(일반인 구입) 차량번호 56러9261 자세히 옵션 정보더보기 주요옵션 옵션 설명 보기 선루프 없음 헤드램프 (HID) 없음 주차감지센서 있음 후방카메라 없음 자동에어컨 있음 스마트키 있음 내비게이션 없음 열선시트 있음 통풍시트 없음 가죽시트 있음 23개 옵션 모두보기 차량 상태 성능점검을 등록한 차량이에요 제시번호 : 2025124336 교환 없음 판금 없음 부식 없음 성능기록부 자세히보기 차량이력 내차 피해 총 1,132,863원 (2회) 타차 가해 총 1,656,433원 (3회) 특이 사항 없음 차량이력 자세히 보기 보증 현황 제조사 보증제조사보증도움말 일반/차체 엔진/미션 엔카금융 1분만에 한도/금리 비교 다양한 금융사의 금리를 비교해보세요 방문없이 조회가 가능해요 신용점수에 영향이 없어요 금리 비교하기 판매자 정보 판매자정보사진 뉴에덴상사서대성매매 판매자 정보 판매중6판매완료23 울산 북구 무룡로 68 종사원증번호 14-052-00224상사/조합정보 구매 가이드 허위매물 대처 압류 및 저당 처리 성능 상태 점검기록부 차량 금액 외 별도 수수료 차량 이전등록 차량 체크사항 알림등록 비슷한 조건의 동일한 모델이 신규매물로 등록되면 알려드릴까요? 알림등록 350만원 총비용계산기 보험료 계산 대출상품 조회 리스상품 조회 보험이력 5건 성능점검내역 일반/엔카직영 신차가격표 판매자 문의하기 중고차시세 팔린매물 동급매물 엔카 중고차론 금융사 비교하고 제휴 추가할인 금리 4.9% 부터~ 닫기 허위매물 단속 및 매매관련 분쟁 처리 등을 위해 050안심번호로문의하면 전화번호와 통화내용이 엔카에 자동 저장됩니다.050도움말 엔카는 등록 시스템만을 제공하며, 판매자가 직접 등록한 차량의 모든 책임은 판매자에게 있습니다. 신고하기 회사소개인재채용클린엔카지점안내엔카직영성능점검장안내매매지원이용약관고객센터디스플레이광고개인정보처리방침금융소비자보호원격지원서비스 네이버 블로그 인스타그램 유튜브 페이스북 패밀리사이트 O2O를 잇는 신뢰와 기술로 차량을 사고 파는 모습의 진화를 만듭니다 고객센터 : 1599-5455FAX : 02-754-8768대표메일 : trust@encar.com주소 : 서울특별시 중구 통일로2길 16, 18~19층(순화동) 사업자 등록번호 : 104-86-54476통신판매업신고 : 제2014-서울중구-0393호대표자 : 김상범Copyright © 엔카닷컴(주) 내 차를 최고가에 팔고, 믿고 사는 가장 좋은 방법. 엔카닷컴(주) 엔카닷컴(주)는 통신판매중개자로서 통신판매의 당사자가 아니며, 상품·거래정보, 거래에 대하여 책임을 지지 않습니다."
41501259,YF 쏘나타Y20 프리미어고급형 연식,09/09식,85372,가솔린,서울,160,https://fem.encar.com/cars/detail/41501259?advClickPosition=mweb_mhightlight_g35_t400&listAdvType=mhighlight&type=detail&view_type=checked,"엔카 기본정보 옵션정보 차량상태 보증현황 판매자 정보 딜러 셀프등록 로그인/회원가입 채팅 전체메뉴 열기 엔카진단 등록번호 41501259조회수 77찜 5 신고하기 프린트 공유하기 찜하기 이전이미지 다음이미지 1 / 20 사진 모두보기 YF 쏘나타Y20 프리미어고급형 연식 09/09식 (10년형) 연형정보 주행거리 85,372km 연료 가솔린 차량번호 40로5279 자세히 엔카가 아래 사항을 모두 진단 하였습니다 툴팁 엔카진단 프레임무사고 확인 옵션 정보더보기 주요옵션 옵션 설명 보기 선루프 없음 헤드램프 (HID) 없음 주차감지센서 있음 후방카메라 있음 자동에어컨 있음 스마트키 있음 내비게이션 있음 열선시트 있음 통풍시트 없음 가죽시트 있음 27개 옵션 모두보기 이 차만의 옵션더보기 Intelligent DMB 네비게이션(외장형 앰프, 써브 우퍼, 음성 인식, 후방카메라, 후방 주차 가이드 시스템 포함) 160만원 이 차를 추천하는 이유더보기 차량 내부에는 담배냄새와 같은 악취가 풍기지않아 쾌적한 차량입니다. 네비게이션과 후방카메라가 장착되어 있으며 초보운전분들도 부담없이 운용하기 좋은 차랑이네요! 차량 상태 엔카진단 엔카가 무사고 진단을 했어요 프레임 진단 정상 외부패널 진단 정상 엔카진단 자세히 보기 성능점검을 등록한 차량이에요 제시번호 : 202503281003809 교환 없음 판금 없음 부식 없음 성능기록부 자세히보기 차량이력 내차 피해 총 405,008원 (1회) 타차 가해 없음 특이 사항 없음 차량이력 자세히 보기 보증 현황 제조사 보증제조사보증도움말 일반/차체 엔진/미션 엔카금융 1분만에 한도/금리 비교 다양한 금융사의 금리를 비교해보세요 방문없이 조회가 가능해요 신용점수에 영향이 없어요 금리 비교하기 판매자 정보 판매자정보사진 하나자동차김세곤매매 판매자 정보 판매중26판매완료54 대전 유성구 종사원증번호 1004200743상사/조합정보 구매 가이드 허위매물 대처 압류 및 저당 처리 성능 상태 점검기록부 차량 금액 외 별도 수수료 차량 이전등록 차량 체크사항 알림등록 비슷한 조건의 동일한 모델이 신규매물로 등록되면 알려드릴까요? 알림등록 490만원 총비용계산기 보험료 계산 대출상품 조회 리스상품 조회 보험이력 1건 성능점검내역 일반/엔카직영 신차대비 -% 신차가격표 판매자 문의하기 중고차시세 팔린매물 동급매물 엔카 중고차론 금융사 비교하고 제휴 추가할인 금리 4.9% 부터~ 닫기 허위매물 단속 및 매매관련 분쟁 처리 등을 위해 050안심번호로문의하면 전화번호와 통화내용이 엔카에 자동 저장됩니다.050도움말 엔카는 등록 시스템만을 제공하며, 판매자가 직접 등록한 차량의 모든 책임은 판매자에게 있습니다. 신고하기 회사소개인재채용클린엔카지점안내엔카직영성능점검장안내매매지원이용약관고객센터디스플레이광고개인정보처리방침금융소비자보호원격지원서비스 네이버 블로그 인스타그램 유튜브 페이스북 패밀리사이트 O2O를 잇는 신뢰와 기술로 차량을 사고 파는 모습의 진화를 만듭니다 고객센터 : 1599-5455FAX : 02-754-8768대표메일 : trust@encar.com주소 : 서울특별시 중구 통일로2길 16, 18~19층(순화동) 사업자 등록번호 : 104-86-54476통신판매업신고 : 제2014-서울중구-0393호대표자 : 김상범Copyright © 엔카닷컴(주) 내 차를 최고가에 팔고, 믿고 사는 가장 좋은 방법. 엔카닷컴(주) 엔카닷컴(주)는 통신판매중개자로서 통신판매의 당사자가 아니며, 상품·거래정보, 거래에 대하여 책임을 지지 않습니다."
40391172,YF 쏘나타LPI 프리미어(장애인용) 연식,12/01식,163603,LPG(일반인 구입),서울,410,https://fem.encar.com/cars/detail/40391172?advClickPosition=mweb_mhightlight_g36_t400&listAdvType=mhighlight&type=detail&view_type=normal,"엔카 기본정보 옵션정보 차량상태 보증현황 판매자 정보 딜러 셀프등록 로그인/회원가입 채팅 전체메뉴 열기 등록번호 40391172조회수 229찜 3 신고하기 프린트 공유하기 찜하기 #HOT#COOL#양호 엔카에서 촬영한 100% 실매물 차량입니다. 이전이미지 다음이미지 1 / 20 사진 모두보기 YF 쏘나타LPI 프리미어(장애인용) 연식 12/01식 연형정보 주행거리 163,603km 연료 LPG(일반인 구입) 차량번호 64저5206 자세히 옵션 정보더보기 주요옵션 옵션 설명 보기 선루프 있음 헤드램프 (HID) 없음 주차감지센서 있음 후방카메라 있음 자동에어컨 있음 스마트키 있음 내비게이션 있음 열선시트 있음 통풍시트 없음 가죽시트 있음 33개 옵션 모두보기 차량 상태 성능점검을 등록한 차량이에요 제시번호 : 2025888777 교환 2 판금 없음 부식 없음 성능기록부 자세히보기 보증 현황 제조사 보증제조사보증도움말 일반/차체 엔진/미션 엔카금융 1분만에 한도/금리 비교 다양한 금융사의 금리를 비교해보세요 방문없이 조회가 가능해요 신용점수에 영향이 없어요 금리 비교하기 판매자 정보 판매자정보사진 경림모터스차원재매매 판매자 정보 판매중8판매완료62 대구 북구 종사원증번호 08-72상사/조합정보 구매 가이드 허위매물 대처 압류 및 저당 처리 성능 상태 점검기록부 차량 금액 외 별도 수수료 차량 이전등록 차량 체크사항 알림등록 비슷한 조건의 동일한 모델이 신규매물로 등록되면 알려드릴까요? 알림등록 410만원 총비용계산기 보험료 계산 대출상품 조회 리스상품 조회 보험이력 공개 성능점검내역 일반/엔카직영 신차가격표 판매자 문의하기 중고차시세 팔린매물 동급매물 엔카 중고차론 금융사 비교하고 제휴 추가할인 금리 4.9% 부터~ 닫기 허위매물 단속 및 매매관련 분쟁 처리 등을 위해 050안심번호로문의하면 전화번호와 통화내용이 엔카에 자동 저장됩니다.050도움말 엔카는 등록 시스템만을 제공하며, 판매자가 직접 등록한 차량의 모든 책임은 판매자에게 있습니다. 신고하기 회사소개인재채용클린엔카지점안내엔카직영성능점검장안내매매지원이용약관고객센터디스플레이광고개인정보처리방침금융소비자보호원격지원서비스 네이버 블로그 인스타그램 유튜브 페이스북 패밀리사이트 O2O를 잇는 신뢰와 기술로 차량을 사고 파는 모습의 진화를 만듭니다 고객센터 : 1599-5455FAX : 02-754-8768대표메일 : trust@encar.com주소 : 서울특별시 중구 통일로2길 16, 18~19층(순화동) 사업자 등록번호 : 104-86-54476통신판매업신고 : 제2014-서울중구-0393호대표자 : 김상범Copyright © 엔카닷컴(주) 내 차를 최고가에 팔고, 믿고 사는 가장 좋은 방법. 엔카닷컴(주) 엔카닷컴(주)는 통신판매중개자로서 통신판매의 당사자가 아니며, 상품·거래정보, 거래에 대하여 책임을 지지 않습니다."
39440120,YF 쏘나타Y20 럭셔리 연식,11/09식,112004,가솔린,서울,8,https://fem.encar.com/cars/detail/39440120?advClickPosition=mweb_mhightlight_g37_t400&listAdvType=mhighlight&type=detail&view_type=checked,"엔카 기본정보 옵션정보 차량상태 보증현황 판매자 정보 딜러 셀프등록 로그인/회원가입 채팅 전체메뉴 엔카진단 등록번호 39440120조회수 115찜 7 신고하기 프린트 공유하기 찜하기 이전이미지 다음이미지 1 / 20 사진 모두보기 YF 쏘나타Y20 럭셔리 연식 11/09식 (12년형) 연형정보 주행거리 112,004km 연료 가솔린 차량번호 13너9305 자세히 엔카가 아래 사항을 모두 진단 하였습니다 툴팁 엔카진단 프레임무사고 확인 옵션 정보더보기 주요옵션 옵션 설명 보기 선루프 없음 헤드램프 (HID) 없음 주차감지센서 있음 후방카메라 있음 자동에어컨 있음 스마트키 있음 내비게이션 있음 열선시트 있음 통풍시트 없음 가죽시트 있음 31개 옵션 모두보기 이 차만의 옵션더보기 화이트 크리스탈(WHC) 외장컬러선택옵션설명 자세히보기 8만원 Intelligent DMB 네비게이션(외장형 앰프, 서브 우퍼, 음성 인식, 후방카메라, 후방주차가이드 시스템 포함)선택옵션설명 자세히보기 160만원 이 차를 추천하는 이유더보기 연식 및 주행거리 대비 양호한 실내를 유지하고 있으며 정품 내비게이션 및 후방카메라를 탑재하여 운전자 편의를 더욱 향상시킨 차량으로 강력추천 드립니다! 차량 상태 엔카진단 엔카가 무사고 진단을 했어요 프레임 진단 정상 외부패널 진단 정상 엔카진단 자세히 보기 성능점검을 등록한 차량이에요 제시번호 : 20251175645 교환 없음 판금 없음 부식 없음 성능기록부 자세히보기 차량이력 내차 피해 총 0원 (1회) 타차 가해 총 775,309원 (2회) 특이 사항 없음 차량이력 자세히 보기 보증 현황 제조사 보증제조사보증도움말 일반/차체 엔진/미션 엔카금융 1분만에 한도/금리 비교 다양한 금융사의 금리를 비교해보세요 방문없이 조회가 가능해요 신용점수에 영향이 없어요 금리 비교하기 판매자 정보 판매자정보사진 (주)건우모터스이정훈매매 판매자 정보 판매중51판매완료207 경기 안산시 단원구 종사원증번호 GC21-00308상사/조합정보 구매 가이드 허위매물 대처 압류 및 저당 처리 성능 상태 점검기록부 차량 금액 외 별도 수수료 차량 이전등록 차량 체크사항 알림등록 비슷한 조건의 동일한 모델이 신규매물로 등록되면 알려드릴까요? 알림등록 450만원 총비용계산기 보험료 계산 대출상품 조회 리스상품 조회 보험이력 3건 성능점검내역 일반/엔카직영 신차대비 -% 신차가격표 판매자 문의하기 중고차시세 팔린매물 동급매물 엔카 중고차론 금융사 비교하고 제휴 추가할인 금리 4.9% 부터~ 닫기 허위매물 단속 및 매매관련 분쟁 처리 등을 위해 050안심번호로문의하면 전화번호와 통화내용이 엔카에 자동 저장됩니다.050도움말 엔카는 등록 시스템만을 제공하며, 판매자가 직접 등록한 차량의 모든 책임은 판매자에게 있습니다. 신고하기 회사소개인재채용클린엔카지점안내엔카직영성능점검장안내매매지원이용약관고객센터디스플레이광고개인정보처리방침금융소비자보호원격지원서비스 네이버 블로그 인스타그램 유튜브 페이스북 패밀리사이트 O2O를 잇는 신뢰와 기술로 차량을 사고 파는 모습의 진화를 만듭니다 고객센터 : 1599-5455FAX : 02-754-8768대표메일 : trust@encar.com주소 : 서울특별시 중구 통일로2길 16, 18~19층(순화동) 사업자 등록번호 : 104-86-54476통신판매업신고 : 제2014-서울중구-0393호대표자 : 김상범Copyright © 엔카닷컴(주) 내 차를 최고가에 팔고, 믿고 사는 가장 좋은 방법. 엔카닷컴(주) 엔카닷컴(주)는 통신판매중개자로서 통신판매의 당사자가 아니며, 상품·거래정보, 거래에 대하여 책임을 지지 않습니다."
40587596,YF 쏘나타Y20 프라임블랙 연식,10/07식,94718,가솔린,서울,8,https://fem.encar.com/cars/detail/40587596?advClickPosition=mweb_mhightlight_g38_t400&listAdvType=mhighlight&type=detail&view_type=checked,"엔카 기본정보 옵션정보 차량상태 보증현황 판매자 정보 딜러 셀프등록 로그인/회원가입 채팅 전체메뉴 열기 엔카진단 등록번호 40587596조회수 328찜 5 신고하기 프린트 공유하기 찜하기 이전이미지 다음이미지 1 / 20 사진 모두보기 YF 쏘나타Y20 프라임블랙 연식 10/07식 (11년형) 연형정보 주행거리 94,718km 연료 가솔린 차량번호 46버3573 자세히 엔카가 아래 사항을 모두 진단 하였습니다 툴팁 엔카진단 프레임무사고 확인 옵션 정보더보기 주요옵션 옵션 설명 보기 선루프 있음 헤드램프 (HID) 없음 주차감지센서 있음 후방카메라 있음 자동에어컨 있음 스마트키 없음 내비게이션 없음 열선시트 있음 통풍시트 없음 가죽시트 있음 29개 옵션 모두보기 이 차만의 옵션더보기 화이트 크리스탈(WHC) 외장컬러선택옵션설명 자세히보기 8만원 3피스 타입 파노라마 썬루프(전동식 롤 블라인드) 115만원 이 차를 추천하는 이유더보기 시원한 개방감 그리고 넓은 공간감을 연출해주는 선루프가 장착 된 차량입니다! 드라이브를 자주 가신다면 필수아이템!! 지금 바로 경험해보세요!! 차량 상태 엔카진단 엔카가 무사고 진단을 했어요 프레임 진단 정상 외부패널 진단 정상 엔카진단 자세히 보기 성능점검을 등록한 차량이에요 제시번호 : 2025115592 본 차량의 성능 점검 기록부는 판매자가 사진으로 등록했습니다. 성능기록부 자세히보기 차량이력 내차 피해 총 542,350원 (1회) 타차 가해 총 1,140,980원 (1회) 특이 사항 없음 차량이력 자세히 보기 보증 현황 제조사 보증제조사보증도움말 일반/차체 엔진/미션 엔카금융 1분만에 한도/금리 비교 다양한 금융사의 금리를 비교해보세요 방문없이 조회가 가능해요 신용점수에 영향이 없어요 금리 비교하기 판매자 정보 판매자정보사진 (주)국민상사이운기매매 판매자 정보 판매중66판매완료394 인천 서구 봉수대로 158 종사원증번호 IM24-00055상사/조합정보 구매 가이드 허위매물 대처 압류 및 저당 처리 성능 상태 점검기록부 차량 금액 외 별도 수수료 차량 이전등록 차량 체크사항 알림등록 비슷한 조건의 동일한 모델이 신규매물로 등록되면 알려드릴까요? 알림등록 410만원 총비용계산기 보험료 계산 대출상품 조회 리스상품 조회 보험이력 2건 성능점검내역 일반/엔카직영 신차대비 -% 신차가격표 판매자 문의하기 중고차시세 팔린매물 동급매물 엔카 중고차론 금융사 비교하고 제휴 추가할인 금리 4.9% 부터~ 닫기 허위매물 단속 및 매매관련 분쟁 처리 등을 위해 050안심번호로문의하면 전화번호와 통화내용이 엔카에 자동 저장됩니다.050도움말 엔카는 등록 시스템만을 제공하며, 판매자가 직접 등록한 차량의 모든 책임은 판매자에게 있습니다. 신고하기 회사소개인재채용클린엔카지점안내엔카직영성능점검장안내매매지원이용약관고객센터디스플레이광고개인정보처리방침금융소비자보호원격지원서비스 네이버 블로그 인스타그램 유튜브 페이스북 패밀리사이트 O2O를 잇는 신뢰와 기술로 차량을 사고 파는 모습의 진화를 만듭니다 고객센터 : 1599-5455FAX : 02-754-8768대표메일 : trust@encar.com주소 : 서울특별시 중구 통일로2길 16, 18~19층(순화동) 사업자 등록번호 : 104-86-54476통신판매업신고 : 제2014-서울중구-0393호대표자 : 김상범Copyright © 엔카닷컴(주) 내 차를 최고가에 팔고, 믿고 사는 가장 좋은 방법. 엔카닷컴(주) 엔카닷컴(주)는 통신판매중개자로서 통신판매의 당사자가 아니며, 상품·거래정보, 거래에 대하여 책임을 지지 않습니다."
40491061,YF 쏘나타LPI 프리미어 연식,10/11식,162928,LPG(일반인 구입),서울,299,https://fem.encar.com/cars/detail/40491061?advClickPosition=mweb_mhightlight_g39_t400&listAdvType=mhighlight&type=detail&view_type=normal,"엔카 기본정보 옵션정보 차량상태 보증현황 판매자 정보 딜러 셀프등록 로그인/회원가입 채팅 전체메뉴 열기 등록번호 40491061조회수 28찜 0 신고하기 프린트 공유하기 찜하기 #양호#HOT#COOL 엔카 실촬영 이전이미지 다음이미지 1 / 20 사진 모두보기 YF 쏘나타LPI 프리미어 연식 10/11식 (11년형) 연형정보 주행거리 162,928km 연료 LPG(일반인 구입) 차량번호 46노9895 자세히 옵션 정보더보기 주요옵션 옵션 설명 보기 선루프 없음 헤드램프 (HID) 없음 주차감지센서 있음 후방카메라 있음 자동에어컨 있음 스마트키 없음 내비게이션 있음 열선시트 없음 통풍시트 없음 가죽시트 있음 20개 옵션 모두보기 차량 상태 성능점검을 등록한 차량이에요 제시번호 : 2502501580 교환 1 판금 없음 부식 없음 성능기록부 자세히보기 차량이력 내차 피해 총 4,498,001원 (6회) 타차 가해 총 3,071,574원 (4회) 특이 사항 없음 차량이력 자세히 보기 보증 현황 제조사 보증제조사보증도움말 일반/차체 엔진/미션 엔카금융 1분만에 한도/금리 비교 다양한 금융사의 금리를 비교해보세요 방문없이 조회가 가능해요 신용점수에 영향이 없어요 금리 비교하기 판매자 정보 판매자정보사진 대원모터스최윤영매매 판매자 정보 판매중41판매완료136 충북 충주시 팽고리산길 40 종사원증번호 cb1801125상사/조합정보 구매 가이드 허위매물 대처 압류 및 저당 처리 성능 상태 점검기록부 차량 금액 외 별도 수수료 차량 이전등록 차량 체크사항 알림등록 비슷한 조건의 동일한 모델이 신규매물로 등록되면 알려드릴까요? 알림등록 299만원 총비용계산기 보험료 계산 대출상품 조회 리스상품 조회 보험이력 10건 성능점검내역 일반/엔카직영 신차가격표 판매자 문의하기 중고차시세 팔린매물 동급매물 엔카 중고차론 금융사 비교하고 제휴 추가할인 금리 4.9% 부터~ 닫기 허위매물 단속 및 매매관련 분쟁 처리 등을 위해 050안심번호로문의하면 전화번호와 통화내용이 엔카에 자동 저장됩니다.050도움말 엔카는 등록 시스템만을 제공하며, 판매자가 직접 등록한 차량의 모든 책임은 판매자에게 있습니다. 신고하기 회사소개인재채용클린엔카지점안내엔카직영성능점검장안내매매지원이용약관고객센터디스플레이광고개인정보처리방침금융소비자보호원격지원서비스 네이버 블로그 인스타그램 유튜브 페이스북 패밀리사이트 O2O를 잇는 신뢰와 기술로 차량을 사고 파는 모습의 진화를 만듭니다 고객센터 : 1599-5455FAX : 02-754-8768대표메일 : trust@encar.com주소 : 서울특별시 중구 통일로2길 16, 18~19층(순화동) 사업자 등록번호 : 104-86-54476통신판매업신고 : 제2014-서울중구-0393호대표자 : 김상범Copyright © 엔카닷컴(주) 내 차를 최고가에 팔고, 믿고 사는 가장 좋은 방법. 엔카닷컴(주) 엔카닷컴(주)는 통신판매중개자로서 통신판매의 당사자가 아니며, 상품·거래정보, 거래에 대하여 책임을 지지 않습니다."
41612506,YF 쏘나타Y20 프라임최고급형 연식,10/04식,99100,가솔린,서울,450,https://fem.encar.com/cars/detail/41612506?advClickPosition=mweb_mhightlight_g40_t400&listAdvType=mhighlight&type=detail&view_type=normal,"엔카 기본정보 옵션정보 차량상태 보증현황 판매자 정보 딜러 셀프등록 로그인/회원가입 채팅 전체메뉴 열기 등록번호 41612506조회수 120찜 1 신고하기 프린트 공유하기 찜하기 #양호#HOT#COOL 경정비 완벽, 내외부 관리상태 양호, 타이어 신품 이전이미지 다음이미지 1 / 20 사진 모두보기 YF 쏘나타Y20 프라임최고급형 연식 10/04식 연형정보 주행거리 99,100km 연료 가솔린 차량번호 55조8711 자세히 옵션 정보더보기 주요옵션 옵션 설명 보기 선루프 없음 헤드램프 (HID) 없음 주차감지센서 있음 후방카메라 있음 자동에어컨 있음 스마트키 있음 내비게이션 있음 열선시트 있음 통풍시트 없음 가죽시트 있음 28개 옵션 모두보기 차량 상태 성능점검을 등록한 차량이에요 제시번호 : 20261463 교환 1 판금 없음 부식 없음 성능기록부 자세히보기 차량이력 내차 피해 총 3,469,033원 (4회) 타차 가해 총 715,530원 (2회) 특이 사항 없음 차량이력 자세히 보기 보증 현황 제조사 보증제조사보증도움말 일반/차체 엔진/미션 엔카금융 1분만에 한도/금리 비교 다양한 금융사의 금리를 비교해보세요 방문없이 조회가 가능해요 신용점수에 영향이 없어요 금리 비교하기 판매자 정보 판매자정보사진 정진엠티에스박상준매매 판매자 정보 판매중24판매완료81 부산 연제구 종사원증번호 11-051-26836상사/조합정보 구매 가이드 허위매물 대처 압류 및 저당 처리 성능 상태 점검기록부 차량 금액 외 별도 수수료 차량 이전등록 차량 체크사항 알림등록 비슷한 조건의 동일한 모델이 신규매물로 등록되면 알려드릴까요? 알림등록 450만원 총비용계산기 보험료 계산 대출상품 조회 리스상품 조회 보험이력 6건 성능점검내역 일반/엔카직영 신차대비 18% 신차가격표 판매자 문의하기 중고차시세 팔린매물 동급매물 엔카 중고차론 금융사 비교하고 제휴 추가할인 금리 4.9% 부터~ 닫기 허위매물 단속 및 매매관련 분쟁 처리 등을 위해 050안심번호로문의하면 전화번호와 통화내용이 엔카에 자동 저장됩니다.050도움말 엔카는 등록 시스템만을 제공하며, 판매자가 직접 등록한 차량의 모든 책임은 판매자에게 있습니다. 신고하기 회사소개인재채용클린엔카지점안내엔카직영성능점검장안내매매지원이용약관고객센터디스플레이광고개인정보처리방침금융소비자보호원격지원서비스 네이버 블로그 인스타그램 유튜브 페이스북 패밀리사이트 O2O를 잇는 신뢰와 기술로 차량을 사고 파는 모습의 진화를 만듭니다 고객센터 : 1599-5455FAX : 02-754-8768대표메일 : trust@encar.com주소 : 서울특별시 중구 통일로2길 16, 18~19층(순화동) 사업자 등록번호 : 104-86-54476통신판매업신고 : 제2014-서울중구-0393호대표자 : 김상범Copyright © 엔카닷컴(주) 내 차를 최고가에 팔고, 믿고 사는 가장 좋은 방법. 엔카닷컴(주) 엔카닷컴(주)는 통신판매중개자로서 통신판매의 당사자가 아니며, 상품·거래정보, 거래에 대하여 책임을 지지 않습니다."
40374233,YF 쏘나타Y20 프리미어 연식,10/08식,116894,가솔린,서울,399,https://fem.encar.com/cars/detail/40374233?advClickPosition=mweb_mhightlight_g41_t400&listAdvType=mhighlight&type=detail&view_type=normal,"엔카 기본정보 옵션정보 차량상태 보증현황 판매자 정보 딜러 셀프등록 로그인/회원가입 채팅 전체메뉴 열기 등록번호 40374233조회수 96찜 1 신고하기 프린트 공유하기 찜하기 #HOT#COOL#양호 엔카에서 촬영한 100% 실매물 차량입니다. 이전이미지 다음이미지 1 / 20 사진 모두보기 YF 쏘나타Y20 프리미어 연식 10/08식 (11년형) 연형정보 주행거리 116,894km 연료 가솔린 차량번호 48조3558 자세히 옵션 정보더보기 주요옵션 옵션 설명 보기 선루프 없음 헤드램프 (HID) 없음 주차감지센서 있음 후방카메라 없음 자동에어컨 있음 스마트키 있음 내비게이션 없음 열선시트 있음 통풍시트 있음 가죽시트 있음 32개 옵션 모두보기 차량 상태 성능점검을 등록한 차량이에요 제시번호 : 20251406913 교환 없음 판금 4 부식 없음 성능기록부 자세히보기 차량이력 내차 피해 총 809,600원 (1회) 타차 가해 총 493,010원 (1회) 특이 사항 없음 차량이력 자세히 보기 보증 현황 제조사 보증제조사보증도움말 일반/차체 엔진/미션 엔카금융 1분만에 한도/금리 비교 다양한 금융사의 금리를 비교해보세요 방문없이 조회가 가능해요 신용점수에 영향이 없어요 금리 비교하기 판매자 정보 판매자정보사진 라성자동차매매단지채윤기매매 판매자 정보 판매중91판매완료380 경기 시흥시 종사원증번호 GC23-00431상사/조합정보 구매 가이드 허위매물 대처 압류 및 저당 처리 성능 상태 점검기록부 차량 금액 외 별도 수수료 차량 이전등록 차량 체크사항 알림등록 비슷한 조건의 동일한 모델이 신규매물로 등록되면 알려드릴까요? 알림등록 399만원 총비용계산기 보험료 계산 대출상품 조회 리스상품 조회 보험이력 2건 성능점검내역 일반/엔카직영 신차가격표 판매자 문의하기 중고차시세 팔린매물 동급매물 엔카 중고차론 금융사 비교하고 제휴 추가할인 금리 4.9% 부터~ 닫기 허위매물 단속 및 매매관련 분쟁 처리 등을 위해 050안심번호로문의하면 전화번호와 통화내용이 엔카에 자동 저장됩니다.050도움말 엔카는 등록 시스템만을 제공하며, 판매자가 직접 등록한 차량의 모든 책임은 판매자에게 있습니다. 신고하기 회사소개인재채용클린엔카지점안내엔카직영성능점검장안내매매지원이용약관고객센터디스플레이광고개인정보처리방침금융소비자보호원격지원서비스 네이버 블로그 인스타그램 유튜브 페이스북 패밀리사이트 O2O를 잇는 신뢰와 기술로 차량을 사고 파는 모습의 진화를 만듭니다 고객센터 : 1599-5455FAX : 02-754-8768대표메일 : trust@encar.com주소 : 서울특별시 중구 통일로2길 16, 18~19층(순화동) 사업자 등록번호 : 104-86-54476통신판매업신고 : 제2014-서울중구-0393호대표자 : 김상범Copyright © 엔카닷컴(주) 내 차를 최고가에 팔고, 믿고 사는 가장 좋은 방법. 엔카닷컴(주) 엔카닷컴(주)는 통신판매중개자로서 통신판매의 당사자가 아니며, 상품·거래정보, 거래에 대하여 책임을 지지 않습니다."
40557524,YF 쏘나타LPI 프리미어 연식,10/06식,124448,LPG(일반인 구입),서울,350,https://fem.encar.com/cars/detail/40557524?advClickPosition=mweb_mhightlight_g42_t400&listAdvType=mhighlight&type=detail&view_type=normal,"엔카 기본정보 옵션정보 차량상태 보증현황 판매자 정보 딜러 셀프등록 로그인/회원가입 채팅 전체메뉴 열기 등록번호 40557524조회수 349찜 4 신고하기 프린트 공유하기 찜하기 #HOT#COOL#양호 엔카에서 촬영한 100% 실매물 차량입니다. 이전이미지 다음이미지 1 / 20 사진 모두보기 YF 쏘나타LPI 프리미어 연식 10/06식 연형정보 주행거리 124,448km 연료 LPG(일반인 구입) 차량번호 12고1175 자세히 옵션 정보더보기 주요옵션 옵션 설명 보기 선루프 없음 헤드램프 (HID) 없음 주차감지센서 없음 후방카메라 있음 자동에어컨 있음 스마트키 없음 내비게이션 있음 열선시트 없음 통풍시트 없음 가죽시트 있음 18개 옵션 모두보기 차량 상태 성능점검을 등록한 차량이에요 제시번호 : 2025084223 교환 3 판금 없음 부식 없음 성능기록부 자세히보기 차량이력 내차 피해 없음 타차 가해 총 3,866,906원 (5회) 특이 사항 없음 차량이력 자세히 보기 보증 현황 제조사 보증제조사보증도움말 일반/차체 엔진/미션 엔카금융 1분만에 한도/금리 비교 다양한 금융사의 금리를 비교해보세요 방문없이 조회가 가능해요 신용점수에 영향이 없어요 금리 비교하기 판매자 정보 판매자정보사진 드림카마켓이진매매 판매자 정보 판매중27판매완료198 광주 서구 매월1로 40 종사원증번호 17-062-00290상사/조합정보 구매 가이드 허위매물 대처 압류 및 저당 처리 성능 상태 점검기록부 차량 금액 외 별도 수수료 차량 이전등록 차량 체크사항 알림등록 비슷한 조건의 동일한 모델이 신규매물로 등록되면 알려드릴까요? 알림등록 350만원 총비용계산기 보험료 계산 대출상품 조회 리스상품 조회 보험이력 5건 성능점검내역 일반/엔카직영 신차가격표 판매자 문의하기 중고차시세 팔린매물 동급매물 엔카 중고차론 금융사 비교하고 제휴 추가할인 금리 4.9% 부터~ 닫기 허위매물 단속 및 매매관련 분쟁 처리 등을 위해 050안심번호로문의하면 전화번호와 통화내용이 엔카에 자동 저장됩니다.050도움말 엔카는 등록 시스템만을 제공하며, 판매자가 직접 등록한 차량의 모든 책임은 판매자에게 있습니다. 신고하기 회사소개인재채용클린엔카지점안내엔카직영성능점검장안내매매지원이용약관고객센터디스플레이광고개인정보처리방침금융소비자보호원격지원서비스 네이버 블로그 인스타그램 유튜브 페이스북 패밀리사이트 O2O를 잇는 신뢰와 기술로 차량을 사고 파는 모습의 진화를 만듭니다 고객센터 : 1599-5455FAX : 02-754-8768대표메일 : trust@encar.com주소 : 서울특별시 중구 통일로2길 16, 18~19층(순화동) 사업자 등록번호 : 104-86-54476통신판매업신고 : 제2014-서울중구-0393호대표자 : 김상범Copyright © 엔카닷컴(주) 내 차를 최고가에 팔고, 믿고 사는 가장 좋은 방법. 엔카닷컴(주) 엔카닷컴(주)는 통신판매중개자로서 통신판매의 당사자가 아니며, 상품·거래정보, 거래에 대하여 책임을 지지 않습니다."
41302005,YF 쏘나타Y20 프라임최고급형 연식,09/10식,69746,가솔린,서울,115,https://fem.encar.com/cars/detail/41302005?advClickPosition=mweb_mhightlight_g43_t400&listAdvType=mhighlight&type=detail&view_type=checked,"엔카 기본정보 옵션정보 차량상태 보증현황 판매자 정보 딜러 셀프등록 로그인/회원가입 채팅 전체메뉴 열기 엔카진단 등록번호 41302005조회수 25찜 2 신고하기 프린트 공유하기 찜하기 이전이미지 다음이미지 1 / 20 사진 모두보기 YF 쏘나타Y20 프라임최고급형 연식 09/10식 (10년형) 연형정보 주행거리 69,746km 연료 가솔린 차량번호 25수4566 자세히 엔카가 아래 사항을 모두 진단 하였습니다 툴팁 엔카진단 프레임무사고 확인 옵션 정보더보기 주요옵션 옵션 설명 보기 선루프 있음 헤드램프 (HID) 없음 주차감지센서 있음 후방카메라 없음 자동에어컨 있음 스마트키 있음 내비게이션 있음 열선시트 있음 통풍시트 없음 가죽시트 있음 28개 옵션 모두보기 이 차만의 옵션더보기 3피스 타입 파노라마 썬루프(전동식 롤 블라인드) 115만원 Intelligent DMB 네비게이션(외장형 앰프,써브 우퍼, 음성 인식 포함) 135만원 이 차를 추천하는 이유더보기 연식에 대비하여 짧은 주행거리를 유지중인 차량이며 그만큼 실내관리상태가 양호한 차량이네요 외관색상도 제일 관리하기 쉬운 은색계열의 차량입니다 :) 차량 상태 엔카진단 엔카가 무사고 진단을 했어요 프레임 진단 정상 외부패널 진단 정상 엔카진단 자세히 보기 성능점검을 등록한 차량이에요 제시번호 : 2025237993 본 차량의 성능 점검 기록부는 판매자가 사진으로 등록했습니다. 성능기록부 자세히보기 차량이력 내차 피해 총 708,700원 (2회) 타차 가해 없음 특이 사항 없음 차량이력 자세히 보기 보증 현황 제조사 보증제조사보증도움말 일반/차체 엔진/미션 엔카금융 1분만에 한도/금리 비교 다양한 금융사의 금리를 비교해보세요 방문없이 조회가 가능해요 신용점수에 영향이 없어요 금리 비교하기 판매자 정보 판매자정보사진 믿음모터스함승훈매매 판매자 정보 판매중31판매완료125 경기 부천시 오정구 종사원증번호 GG17-01967상사/조합정보 구매 가이드 허위매물 대처 압류 및 저당 처리 성능 상태 점검기록부 차량 금액 외 별도 수수료 차량 이전등록 차량 체크사항 알림등록 비슷한 조건의 동일한 모델이 신규매물로 등록되면 알려드릴까요? 알림등록 490만원 총비용계산기 보험료 계산 대출상품 조회 리스상품 조회 보험이력 2건 성능점검내역 일반/엔카직영 신차대비 -% 신차가격표 판매자 문의하기 중고차시세 팔린매물 동급매물 엔카 중고차론 금융사 비교하고 제휴 추가할인 금리 4.9% 부터~ 닫기 허위매물 단속 및 매매관련 분쟁 처리 등을 위해 050안심번호로문의하면 전화번호와 통화내용이 엔카에 자동 저장됩니다.050도움말 엔카는 등록 시스템만을 제공하며, 판매자가 직접 등록한 차량의 모든 책임은 판매자에게 있습니다. 신고하기 회사소개인재채용클린엔카지점안내엔카직영성능점검장안내매매지원이용약관고객센터디스플레이광고개인정보처리방침금융소비자보호원격지원서비스 네이버 블로그 인스타그램 유튜브 페이스북 패밀리사이트 O2O를 잇는 신뢰와 기술로 차량을 사고 파는 모습의 진화를 만듭니다 고객센터 : 1599-5455FAX : 02-754-8768대표메일 : trust@encar.com주소 : 서울특별시 중구 통일로2길 16, 18~19층(순화동) 사업자 등록번호 : 104-86-54476통신판매업신고 : 제2014-서울중구-0393호대표자 : 김상범Copyright © 엔카닷컴(주) 내 차를 최고가에 팔고, 믿고 사는 가장 좋은 방법. 엔카닷컴(주) 엔카닷컴(주)는 통신판매중개자로서 통신판매의 당사자가 아니며, 상품·거래정보, 거래에 대하여 책임을 지지 않습니다."
40870202,YF 쏘나타Y20 프리미어고급형 연식,09/10식,97605,가솔린,서울,25,https://fem.encar.com/cars/detail/40870202?advClickPosition=mweb_mhightlight_g44_t400&listAdvType=mhighlight&type=detail&view_type=checked,"엔카 기본정보 옵션정보 차량상태 보증현황 판매자 정보 딜러 셀프등록 로그인/회원가입 채팅 전체메뉴 엔카진단 등록번호 40870202조회수 107찜 10 신고하기 프린트 공유하기 찜하기 이전이미지 다음이미지 1 / 20 사진 모두보기 YF 쏘나타Y20 프리미어고급형 연식 09/10식 (10년형) 연형정보 주행거리 97,605km 연료 가솔린 차량번호 35주2835 자세히 엔카가 아래 사항을 모두 진단 하였습니다 툴팁 엔카진단 프레임무사고 확인 옵션 정보더보기 주요옵션 옵션 설명 보기 선루프 없음 헤드램프 (HID) 없음 주차감지센서 있음 후방카메라 있음 자동에어컨 있음 스마트키 있음 내비게이션 있음 열선시트 있음 통풍시트 없음 가죽시트 있음 30개 옵션 모두보기 이 차만의 옵션더보기 하이패스 시스템(ECM 룸미러 포함) 25만원 이 차를 추천하는 이유더보기 출고 당시의 크롬 사양 대신 유광 블랙 그릴로 교환해 보다 세련된 외관을 완성했네요! 누적 주행 거리도 연식에 비해 짧아 추천드리는 차량입니다~ 차량 상태 엔카진단 엔카가 무사고 진단을 했어요 프레임 진단 정상 외부패널 진단 정상 엔카진단 자세히 보기 성능점검을 등록한 차량이에요 제시번호 : 2526210210 교환 없음 판금 1 부식 없음 성능기록부 자세히보기 차량이력 내차 피해 총 1,319,004원 (2회) 타차 가해 총 1,715,042원 (1회) 특이 사항 없음 차량이력 자세히 보기 보증 현황 제조사 보증제조사보증도움말 일반/차체 엔진/미션 엔카금융 1분만에 한도/금리 비교 다양한 금융사의 금리를 비교해보세요 방문없이 조회가 가능해요 신용점수에 영향이 없어요 금리 비교하기 판매자 정보 판매자정보사진 그린모터스김원민매매 판매자 정보 판매중11판매완료52 서울 강남구 종사원증번호 SS21-00177상사/조합정보 구매 가이드 허위매물 대처 압류 및 저당 처리 성능 상태 점검기록부 차량 금액 외 별도 수수료 차량 이전등록 차량 체크사항 알림등록 비슷한 조건의 동일한 모델이 신규매물로 등록되면 알려드릴까요? 알림등록 380만원 총비용계산기 보험료 계산 대출상품 조회 리스상품 조회 보험이력 3건 성능점검내역 일반/엔카직영 신차대비 -% 신차가격표 판매자 문의하기 중고차시세 팔린매물 동급매물 엔카 중고차론 금융사 비교하고 제휴 추가할인 금리 4.9% 부터~ 닫기 허위매물 단속 및 매매관련 분쟁 처리 등을 위해 050안심번호로문의하면 전화번호와 통화내용이 엔카에 자동 저장됩니다.050도움말 엔카는 등록 시스템만을 제공하며, 판매자가 직접 등록한 차량의 모든 책임은 판매자에게 있습니다. 신고하기 회사소개인재채용클린엔카지점안내엔카직영성능점검장안내매매지원이용약관고객센터디스플레이광고개인정보처리방침금융소비자보호원격지원서비스 네이버 블로그 인스타그램 유튜브 페이스북 패밀리사이트 O2O를 잇는 신뢰와 기술로 차량을 사고 파는 모습의 진화를 만듭니다 고객센터 : 1599-5455FAX : 02-754-8768대표메일 : trust@encar.com주소 : 서울특별시 중구 통일로2길 16, 18~19층(순화동) 사업자 등록번호 : 104-86-54476통신판매업신고 : 제2014-서울중구-0393호대표자 : 김상범Copyright © 엔카닷컴(주) 내 차를 최고가에 팔고, 믿고 사는 가장 좋은 방법. 엔카닷컴(주) 엔카닷컴(주)는 통신판매중개자로서 통신판매의 당사자가 아니며, 상품·거래정보, 거래에 대하여 책임을 지지 않습니다."
40195142,YF 쏘나타Y20 프라임블랙 연식,10/08식,133591,가솔린,서울,260,https://fem.encar.com/cars/detail/40195142?advClickPosition=mweb_mhightlight_g45_t400&listAdvType=mhighlight&type=detail&view_type=normal,"엔카 기본정보 옵션정보 차량상태 보증현황 판매자 정보 딜러 셀프등록 로그인/회원가입 채팅 전체메뉴 등록번호 40195142조회수 501찜 8 신고하기 프린트 공유하기 찜하기 #HOT#COOL#양호 엔카에서 촬영한 100% 실매물 차량입니다. 이전이미지 다음이미지 1 / 20 사진 모두보기 YF 쏘나타Y20 프라임블랙 연식 10/08식 (11년형) 연형정보 주행거리 133,591km 연료 가솔린 차량번호 24모7552 자세히 옵션 정보더보기 주요옵션 옵션 설명 보기 선루프 없음 헤드램프 (HID) 없음 주차감지센서 있음 후방카메라 있음 자동에어컨 있음 스마트키 없음 내비게이션 있음 열선시트 있음 통풍시트 없음 가죽시트 있음 30개 옵션 모두보기 차량 상태 성능점검을 등록한 차량이에요 제시번호 : 20251329468 교환 8 판금 3 부식 없음 성능기록부 자세히보기 차량이력 내차 피해 총 12,745,312원 (7회) 타차 가해 총 3,203,111원 (3회) 특이 사항 없음 차량이력 자세히 보기 보증 현황 제조사 보증제조사보증도움말 일반/차체 엔진/미션 엔카금융 1분만에 한도/금리 비교 다양한 금융사의 금리를 비교해보세요 방문없이 조회가 가능해요 신용점수에 영향이 없어요 금리 비교하기 판매자 정보 판매자정보사진 국민중고차김형진매매 판매자 정보 판매중101판매완료315 경기 수원시 권선구 권선로 343 종사원증번호 GC25-00960상사/조합정보 구매 가이드 허위매물 대처 압류 및 저당 처리 성능 상태 점검기록부 차량 금액 외 별도 수수료 차량 이전등록 차량 체크사항 알림등록 비슷한 조건의 동일한 모델이 신규매물로 등록되면 알려드릴까요? 알림등록 260만원 총비용계산기 보험료 계산 대출상품 조회 리스상품 조회 보험이력 10건 성능점검내역 일반/엔카직영 신차대비 10% 신차가격표 판매자 문의하기 중고차시세 팔린매물 동급매물 엔카 중고차론 금융사 비교하고 제휴 추가할인 금리 4.9% 부터~ 닫기 허위매물 단속 및 매매관련 분쟁 처리 등을 위해 050안심번호로문의하면 전화번호와 통화내용이 엔카에 자동 저장됩니다.050도움말 엔카는 등록 시스템만을 제공하며, 판매자가 직접 등록한 차량의 모든 책임은 판매자에게 있습니다. 신고하기 회사소개인재채용클린엔카지점안내엔카직영성능점검장안내매매지원이용약관고객센터디스플레이광고개인정보처리방침금융소비자보호원격지원서비스 네이버 블로그 인스타그램 유튜브 페이스북 패밀리사이트 O2O를 잇는 신뢰와 기술로 차량을 사고 파는 모습의 진화를 만듭니다 고객센터 : 1599-5455FAX : 02-754-8768대표메일 : trust@encar.com주소 : 서울특별시 중구 통일로2길 16, 18~19층(순화동) 사업자 등록번호 : 104-86-54476통신판매업신고 : 제2014-서울중구-0393호대표자 : 김상범Copyright © 엔카닷컴(주) 내 차를 최고가에 팔고, 믿고 사는 가장 좋은 방법. 엔카닷컴(주) 엔카닷컴(주)는 통신판매중개자로서 통신판매의 당사자가 아니며, 상품·거래정보, 거래에 대하여 책임을 지지 않습니다."
41293478,YF 쏘나타Y20 그랜드 연식,10/03식,82403,가솔린,서울,8,https://fem.encar.com/cars/detail/41293478?advClickPosition=mweb_mhightlight_g46_t400&listAdvType=mhighlight&type=detail&view_type=normal,"엔카 기본정보 옵션정보 차량상태 보증현황 판매자 정보 딜러 셀프등록 로그인/회원가입 채팅 전체메뉴 열기 등록번호 41293478조회수 34찜 0 신고하기 프린트 공유하기 찜하기 #1인소유#HOT#짧은Km 1인신조/가벼운사고만~ 차량상태 정말 좋습니다. 이전이미지 다음이미지 1 / 20 사진 모두보기 YF 쏘나타Y20 그랜드 연식 10/03식 연형정보 주행거리 82,403km 연료 가솔린 차량번호 37오1023 자세히 옵션 정보더보기 주요옵션 옵션 설명 보기 선루프 없음 헤드램프 (HID) 없음 주차감지센서 있음 후방카메라 없음 자동에어컨 없음 스마트키 없음 내비게이션 없음 열선시트 있음 통풍시트 없음 가죽시트 없음 18개 옵션 모두보기 이 차만의 옵션더보기 화이트 크리스탈(WHC) 외장컬러 8만원 후방 주차보조 시스템 15만원 6단 자동변속기 + 풋 파킹 브레이크 + 경제운전 안전 시스템 + 후석 에어벤트 170만원 차량 상태 성능점검을 등록한 차량이에요 제시번호 : 2025174645 교환 없음 판금 2 부식 없음 성능기록부 자세히보기 차량이력 내차 피해 총 2,123,381원 (3회) 타차 가해 없음 특이 사항 없음 차량이력 자세히 보기 보증 현황 제조사 보증제조사보증도움말 일반/차체 엔진/미션 엔카금융 1분만에 한도/금리 비교 다양한 금융사의 금리를 비교해보세요 방문없이 조회가 가능해요 신용점수에 영향이 없어요 금리 비교하기 판매자 정보 판매자정보사진 샤이어모터스고기훈매매 판매자 정보 판매중25판매완료119 서울 강남구 헌릉로745길 25 종사원증번호 SE25-00139상사/조합정보 구매 가이드 허위매물 대처 압류 및 저당 처리 성능 상태 점검기록부 차량 금액 외 별도 수수료 차량 이전등록 차량 체크사항 알림등록 비슷한 조건의 동일한 모델이 신규매물로 등록되면 알려드릴까요? 알림등록 370만원 총비용계산기 보험료 계산 대출상품 조회 리스상품 조회 보험이력 3건 성능점검내역 일반/엔카직영 신차대비 17% 신차가격표 판매자 문의하기 중고차시세 팔린매물 동급매물 엔카 중고차론 금융사 비교하고 제휴 추가할인 금리 4.9% 부터~ 닫기 허위매물 단속 및 매매관련 분쟁 처리 등을 위해 050안심번호로문의하면 전화번호와 통화내용이 엔카에 자동 저장됩니다.050도움말 엔카는 등록 시스템만을 제공하며, 판매자가 직접 등록한 차량의 모든 책임은 판매자에게 있습니다. 신고하기 회사소개인재채용클린엔카지점안내엔카직영성능점검장안내매매지원이용약관고객센터디스플레이광고개인정보처리방침금융소비자보호원격지원서비스 네이버 블로그 인스타그램 유튜브 페이스북 패밀리사이트 O2O를 잇는 신뢰와 기술로 차량을 사고 파는 모습의 진화를 만듭니다 고객센터 : 1599-5455FAX : 02-754-8768대표메일 : trust@encar.com주소 : 서울특별시 중구 통일로2길 16, 18~19층(순화동) 사업자 등록번호 : 104-86-54476통신판매업신고 : 제2014-서울중구-0393호대표자 : 김상범Copyright © 엔카닷컴(주) 내 차를 최고가에 팔고, 믿고 사는 가장 좋은 방법. 엔카닷컴(주) 엔카닷컴(주)는 통신판매중개자로서 통신판매의 당사자가 아니며, 상품·거래정보, 거래에 대하여 책임을 지지 않습니다."
41220569,YF 쏘나타Y20 탑 연식,11/06식,122927,가솔린,서울,8,https://fem.encar.com/cars/detail/41220569?advClickPosition=mweb_mhightlight_g47_t400&listAdvType=mhighlight&type=detail&view_type=checked,"엔카 기본정보 옵션정보 차량상태 보증현황 판매자 정보 딜러 셀프등록 로그인/회원가입 채팅 전체메뉴 열기 엔카진단 등록번호 41220569조회수 101찜 0 신고하기 프린트 공유하기 찜하기 이전이미지 다음이미지 1 / 20 사진 모두보기 YF 쏘나타Y20 탑 연식 11/06식 연형정보 주행거리 122,927km 연료 가솔린 차량번호 51다9758 자세히 엔카가 아래 사항을 모두 진단 하였습니다 툴팁 엔카진단 프레임무사고 확인 옵션 정보더보기 주요옵션 옵션 설명 보기 선루프 있음 헤드램프 (HID) 없음 주차감지센서 있음 후방카메라 있음 자동에어컨 있음 스마트키 있음 내비게이션 있음 열선시트 있음 통풍시트 있음 가죽시트 있음 36개 옵션 모두보기 이 차만의 옵션더보기 화이트 크리스탈(WHC) 외장컬러선택옵션설명 자세히보기 8만원 스포티 패키지선택옵션설명 자세히보기 45만원 3피스 타입 파노라마 썬루프(전동식 롤 블라인드) 115만원 이 차를 추천하는 이유더보기 사제 내비게이션 옵션 장착으로 초행길도 문제없이 이동할 수 있으며 또한 선루프 장착 차량으로 개방감을 느낄 수 있어 추천해 드립니다! 차량 상태 엔카진단 엔카가 무사고 진단을 했어요 프레임 진단 정상 외부패널 진단 정상 엔카진단 자세히 보기 성능점검을 등록한 차량이에요 제시번호 : 2025168978 교환 없음 판금 3 부식 없음 성능기록부 자세히보기 차량이력 내차 피해 총 472,686원 (1회) 타차 가해 없음 특이 사항 없음 차량이력 자세히 보기 보증 현황 제조사 보증제조사보증도움말 일반/차체 엔진/미션 엔카금융 1분만에 한도/금리 비교 다양한 금융사의 금리를 비교해보세요 방문없이 조회가 가능해요 신용점수에 영향이 없어요 금리 비교하기 판매자 정보 판매자정보사진 동원모터스김진호매매 판매자 정보 판매중6판매완료41 부산 사상구 종사원증번호 15-051-29605상사/조합정보 구매 가이드 허위매물 대처 압류 및 저당 처리 성능 상태 점검기록부 차량 금액 외 별도 수수료 차량 이전등록 차량 체크사항 알림등록 비슷한 조건의 동일한 모델이 신규매물로 등록되면 알려드릴까요? 알림등록 560만원 총비용계산기 보험료 계산 대출상품 조회 리스상품 조회 보험이력 1건 성능점검내역 일반/엔카직영 신차대비 -% 신차가격표 판매자 문의하기 중고차시세 팔린매물 동급매물 엔카 중고차론 금융사 비교하고 제휴 추가할인 금리 4.9% 부터~ 닫기 허위매물 단속 및 매매관련 분쟁 처리 등을 위해 050안심번호로문의하면 전화번호와 통화내용이 엔카에 자동 저장됩니다.050도움말 엔카는 등록 시스템만을 제공하며, 판매자가 직접 등록한 차량의 모든 책임은 판매자에게 있습니다. 신고하기 회사소개인재채용클린엔카지점안내엔카직영성능점검장안내매매지원이용약관고객센터디스플레이광고개인정보처리방침금융소비자보호원격지원서비스 네이버 블로그 인스타그램 유튜브 페이스북 패밀리사이트 O2O를 잇는 신뢰와 기술로 차량을 사고 파는 모습의 진화를 만듭니다 고객센터 : 1599-5455FAX : 02-754-8768대표메일 : trust@encar.com주소 : 서울특별시 중구 통일로2길 16, 18~19층(순화동) 사업자 등록번호 : 104-86-54476통신판매업신고 : 제2014-서울중구-0393호대표자 : 김상범Copyright © 엔카닷컴(주) 내 차를 최고가에 팔고, 믿고 사는 가장 좋은 방법. 엔카닷컴(주) 엔카닷컴(주)는 통신판매중개자로서 통신판매의 당사자가 아니며, 상품·거래정보, 거래에 대하여 책임을 지지 않습니다."
41539372,YF 쏘나타Y20 탑고급형 연식,10/03식,202156,가솔린,서울,115,https://fem.encar.com/cars/detail/41539372?advClickPosition=mweb_mhightlight_g48_t400&listAdvType=mhighlight&type=detail&view_type=checked,"엔카 기본정보 옵션정보 차량상태 보증현황 판매자 정보 딜러 셀프등록 로그인/회원가입 채팅 전체메뉴 열기 엔카진단 등록번호 41539372조회수 72찜 1 신고하기 프린트 공유하기 찜하기 이전이미지 다음이미지 1 / 20 사진 모두보기 YF 쏘나타Y20 탑고급형 연식 10/03식 연형정보 주행거리 202,156km 연료 가솔린 차량번호 18로1700 자세히 엔카가 아래 사항을 모두 진단 하였습니다 툴팁 엔카진단 프레임무사고 확인 옵션 정보더보기 주요옵션 옵션 설명 보기 선루프 있음 헤드램프 (HID) 없음 주차감지센서 있음 후방카메라 있음 자동에어컨 있음 스마트키 있음 내비게이션 있음 열선시트 있음 통풍시트 없음 가죽시트 있음 32개 옵션 모두보기 이 차만의 옵션더보기 3피스 타입 파노라마 썬루프(전동식 롤 블라인드) 115만원 Intelligent DMB 네비게이션(외장형 앰프, 써브 우퍼, 음성 인식, 후방카메라, 후방 주차 가이드 시스템 포함) 160만원 이 차를 추천하는 이유더보기 개방감 넘치는 파노라마 썬루프 장착으로 쾌적함은 물론 장거리 주행에 창문을 열지 않고 틸트 기능으로 간단히 환기가 가능한 차량입니다. 실물로 만나보세요 차량 상태 엔카진단 엔카가 무사고 진단을 했어요 프레임 진단 정상 외부패널 진단 교환 엔카진단 자세히 보기 성능점검을 등록한 차량이에요 제시번호 : 2025105037 교환 3 판금 없음 부식 없음 성능기록부 자세히보기 차량이력 내차 피해 총 1,547,210원 (2회) 타차 가해 총 712,820원 (1회) 특이 사항 없음 차량이력 자세히 보기 보증 현황 제조사 보증제조사보증도움말 일반/차체 엔진/미션 엔카금융 1분만에 한도/금리 비교 다양한 금융사의 금리를 비교해보세요 방문없이 조회가 가능해요 신용점수에 영향이 없어요 금리 비교하기 판매자 정보 판매자정보사진 드림카마켓박민우매매 판매자 정보 판매중69판매완료252 광주 서구 종사원증번호 2406200133상사/조합정보 구매 가이드 허위매물 대처 압류 및 저당 처리 성능 상태 점검기록부 차량 금액 외 별도 수수료 차량 이전등록 차량 체크사항 알림등록 비슷한 조건의 동일한 모델이 신규매물로 등록되면 알려드릴까요? 알림등록 350만원 총비용계산기 보험료 계산 대출상품 조회 리스상품 조회 보험이력 3건 성능점검내역 일반/엔카직영 신차대비 -% 신차가격표 판매자 문의하기 중고차시세 팔린매물 동급매물 엔카 중고차론 금융사 비교하고 제휴 추가할인 금리 4.9% 부터~ 닫기 허위매물 단속 및 매매관련 분쟁 처리 등을 위해 050안심번호로문의하면 전화번호와 통화내용이 엔카에 자동 저장됩니다.050도움말 엔카는 등록 시스템만을 제공하며, 판매자가 직접 등록한 차량의 모든 책임은 판매자에게 있습니다. 신고하기 회사소개인재채용클린엔카지점안내엔카직영성능점검장안내매매지원이용약관고객센터디스플레이광고개인정보처리방침금융소비자보호원격지원서비스 네이버 블로그 인스타그램 유튜브 페이스북 패밀리사이트 O2O를 잇는 신뢰와 기술로 차량을 사고 파는 모습의 진화를 만듭니다 고객센터 : 1599-5455FAX : 02-754-8768대표메일 : trust@encar.com주소 : 서울특별시 중구 통일로2길 16, 18~19층(순화동) 사업자 등록번호 : 104-86-54476통신판매업신고 : 제2014-서울중구-0393호대표자 : 김상범Copyright © 엔카닷컴(주) 내 차를 최고가에 팔고, 믿고 사는 가장 좋은 방법. 엔카닷컴(주) 엔카닷컴(주)는 통신판매중개자로서 통신판매의 당사자가 아니며, 상품·거래정보, 거래에 대하여 책임을 지지 않습니다."
41392199,YF 쏘나타Y20 프리미어 연식,10/11식,128567,가솔린,서울,40,https://fem.encar.com/cars/detail/41392199?advClickPosition=mweb_mhightlight_g49_t400&listAdvType=mhighlight&type=detail&view_type=checked,"엔카 기본정보 옵션정보 차량상태 보증현황 판매자 정보 딜러 셀프등록 로그인/회원가입 채팅 전체메뉴 열기 엔카진단 등록번호 41392199조회수 253찜 7 신고하기 프린트 공유하기 찜하기 이전이미지 다음이미지 1 / 20 사진 모두보기 YF 쏘나타Y20 프리미어 연식 10/11식 (11년형) 연형정보 주행거리 128,567km 연료 가솔린 차량번호 16두8186 자세히 엔카가 아래 사항을 모두 진단 하였습니다 툴팁 엔카진단 프레임무사고 확인 옵션 정보더보기 주요옵션 옵션 설명 보기 선루프 있음 헤드램프 (HID) 없음 주차감지센서 있음 후방카메라 없음 자동에어컨 있음 스마트키 없음 내비게이션 있음 열선시트 있음 통풍시트 없음 가죽시트 있음 30개 옵션 모두보기 이 차만의 옵션더보기 통풍시트(운전석/동승석) + 동승석 파워시트 40만원 3피스 타입 파노라마 썬루프(전동식 롤 블라인드) 115만원 이 차를 추천하는 이유더보기 차량 실내환기에 좋고 출퇴근 꽉막힌 도로위 답답함을 시원하게 날려주며 목적지 어디든지 유용한 길안내를 도와줄 지니 내비게이션까지 탑재완료! 차량 상태 엔카진단 엔카가 무사고 진단을 했어요 프레임 진단 정상 외부패널 진단 정상 엔카진단 자세히 보기 성능점검을 등록한 차량이에요 제시번호 : 2026003141 교환 없음 판금 없음 부식 없음 성능기록부 자세히보기 차량이력 내차 피해 총 1,920,486원 (4회) 타차 가해 총 1,095,273원 (3회) 특이 사항 없음 차량이력 자세히 보기 보증 현황 제조사 보증제조사보증도움말 일반/차체 엔진/미션 엔카금융 1분만에 한도/금리 비교 다양한 금융사의 금리를 비교해보세요 방문없이 조회가 가능해요 신용점수에 영향이 없어요 금리 비교하기 판매자 정보 판매자정보사진 카마스터이준민매매 판매자 정보 판매중38판매완료223 인천 부평구 종사원증번호 IC23-00223상사/조합정보 구매 가이드 허위매물 대처 압류 및 저당 처리 성능 상태 점검기록부 차량 금액 외 별도 수수료 차량 이전등록 차량 체크사항 알림등록 비슷한 조건의 동일한 모델이 신규매물로 등록되면 알려드릴까요? 알림등록 370만원 총비용계산기 보험료 계산 대출상품 조회 리스상품 조회 보험이력 7건 성능점검내역 일반/엔카직영 신차대비 -% 신차가격표 판매자 문의하기 중고차시세 팔린매물 동급매물 엔카 중고차론 금융사 비교하고 제휴 추가할인 금리 4.9% 부터~ 닫기 허위매물 단속 및 매매관련 분쟁 처리 등을 위해 050안심번호로문의하면 전화번호와 통화내용이 엔카에 자동 저장됩니다.050도움말 엔카는 등록 시스템만을 제공하며, 판매자가 직접 등록한 차량의 모든 책임은 판매자에게 있습니다. 신고하기 회사소개인재채용클린엔카지점안내엔카직영성능점검장안내매매지원이용약관고객센터디스플레이광고개인정보처리방침금융소비자보호원격지원서비스 네이버 블로그 인스타그램 유튜브 페이스북 패밀리사이트 O2O를 잇는 신뢰와 기술로 차량을 사고 파는 모습의 진화를 만듭니다 고객센터 : 1599-5455FAX : 02-754-8768대표메일 : trust@encar.com주소 : 서울특별시 중구 통일로2길 16, 18~19층(순화동) 사업자 등록번호 : 104-86-54476통신판매업신고 : 제2014-서울중구-0393호대표자 : 김상범Copyright © 엔카닷컴(주) 내 차를 최고가에 팔고, 믿고 사는 가장 좋은 방법. 엔카닷컴(주) 엔카닷컴(주)는 통신판매중개자로서 통신판매의 당사자가 아니며, 상품·거래정보, 거래에 대하여 책임을 지지 않습니다."
41583522,YF 쏘나타Y20 로얄 연식,10/09식,148888,가솔린,서울,8,https://fem.encar.com/cars/detail/41583522?advClickPosition=mweb_mhightlight_g50_t400&listAdvType=mhighlight&type=detail&view_type=normal,"엔카 기본정보 옵션정보 차량상태 보증현황 판매자 정보 딜러 셀프등록 로그인/회원가입 채팅 전체메뉴 등록번호 41583522조회수 37찜 0 신고하기 프린트 공유하기 찜하기 #HOT#COOL#양호 엔카 실촬영 이전이미지 다음이미지 1 / 20 사진 모두보기 YF 쏘나타Y20 로얄 연식 10/09식 (11년형) 연형정보 주행거리 148,888km 연료 가솔린 차량번호 19두2006 자세히 옵션 정보더보기 주요옵션 옵션 설명 보기 선루프 없음 헤드램프 (HID) 있음 주차감지센서 있음 후방카메라 있음 자동에어컨 있음 스마트키 있음 내비게이션 있음 열선시트 있음 통풍시트 있음 가죽시트 있음 37개 옵션 모두보기 이 차만의 옵션더보기 화이트 크리스탈(WHC) 외장컬러선택옵션설명 자세히보기 8만원 Intelligent DMB 네비게이션(JBL프리미엄사운드, 음성 인식, 후방카메라, 후방 주차가이드 시스템 포함) 140만원 차량 상태 성능점검을 등록한 차량이에요 제시번호 : 20261088326 교환 1 판금 없음 부식 없음 성능기록부 자세히보기 차량이력 내차 피해 총 1,900,498원 (2회) 타차 가해 총 1,464,770원 (2회) 특이 사항 없음 차량이력 자세히 보기 보증 현황 제조사 보증제조사보증도움말 일반/차체 엔진/미션 엔카금융 1분만에 한도/금리 비교 다양한 금융사의 금리를 비교해보세요 방문없이 조회가 가능해요 신용점수에 영향이 없어요 금리 비교하기 판매자 정보 판매자정보사진 솔카이지강매매 판매자 정보 판매중12판매완료84 경기 수원시 권선구 종사원증번호 GC24-01526상사/조합정보 구매 가이드 허위매물 대처 압류 및 저당 처리 성능 상태 점검기록부 차량 금액 외 별도 수수료 차량 이전등록 차량 체크사항 알림등록 비슷한 조건의 동일한 모델이 신규매물로 등록되면 알려드릴까요? 알림등록 380만원 총비용계산기 보험료 계산 대출상품 조회 리스상품 조회 보험이력 4건 성능점검내역 일반/엔카직영 신차대비 12% 신차가격표 판매자 문의하기 중고차시세 팔린매물 동급매물 엔카 중고차론 금융사 비교하고 제휴 추가할인 금리 4.9% 부터~ 닫기 허위매물 단속 및 매매관련 분쟁 처리 등을 위해 050안심번호로문의하면 전화번호와 통화내용이 엔카에 자동 저장됩니다.050도움말 엔카는 등록 시스템만을 제공하며, 판매자가 직접 등록한 차량의 모든 책임은 판매자에게 있습니다. 신고하기 회사소개인재채용클린엔카지점안내엔카직영성능점검장안내매매지원이용약관고객센터디스플레이광고개인정보처리방침금융소비자보호원격지원서비스 네이버 블로그 인스타그램 유튜브 페이스북 패밀리사이트 O2O를 잇는 신뢰와 기술로 차량을 사고 파는 모습의 진화를 만듭니다 고객센터 : 1599-5455FAX : 02-754-8768대표메일 : trust@encar.com주소 : 서울특별시 중구 통일로2길 16, 18~19층(순화동) 사업자 등록번호 : 104-86-54476통신판매업신고 : 제2014-서울중구-0393호대표자 : 김상범Copyright © 엔카닷컴(주) 내 차를 최고가에 팔고, 믿고 사는 가장 좋은 방법. 엔카닷컴(주) 엔카닷컴(주)는 통신판매중개자로서 통신판매의 당사자가 아니며, 상품·거래정보, 거래에 대하여 책임을 지지 않습니다."
41443099,YF 쏘나타Y20 프리미어 연식,10/09식,79702,가솔린,서울,160,https://fem.encar.com/cars/detail/41443099?advClickPosition=mweb_mhightlight_g51_t400&listAdvType=mhighlight&type=detail&view_type=checked,"엔카 기본정보 옵션정보 차량상태 보증현황 판매자 정보 딜러 셀프등록 로그인/회원가입 채팅 전체메뉴 엔카진단 등록번호 41443099조회수 268찜 13 신고하기 프린트 공유하기 찜하기 완전무사고 짧은 주행거리 컨디션 최상 이전이미지 다음이미지 1 / 20 사진 모두보기 YF 쏘나타Y20 프리미어 연식 10/09식 (11년형) 연형정보 주행거리 79,702km 연료 가솔린 차량번호 38어7803 자세히 엔카가 아래 사항을 모두 진단 하였습니다 툴팁 엔카진단 프레임무사고 확인 옵션 정보더보기 주요옵션 옵션 설명 보기 선루프 없음 헤드램프 (HID) 없음 주차감지센서 있음 후방카메라 있음 자동에어컨 있음 스마트키 있음 내비게이션 있음 열선시트 있음 통풍시트 없음 가죽시트 있음 32개 옵션 모두보기 이 차만의 옵션더보기 Intelligent DMB 네비게이션(외장형 앰프, 서브 우퍼, 음성 인식, 후방카메라, 후방 주차 가이드 시스템 포함) 160만원 이 차를 추천하는 이유더보기 짧은 주행거리로 내 외관 컨디션 좋게 관리되었고 버튼류 손상 없이 쾌적한 실내를 가지고 있습니다 정품 네비게이션 추가로 편리한 길 찾기까지 가능하네요♡ 차량 상태 엔카진단 엔카가 무사고 진단을 했어요 프레임 진단 정상 외부패널 진단 정상 엔카진단 자세히 보기 성능점검을 등록한 차량이에요 제시번호 : 20260202 교환 없음 판금 없음 부식 없음 성능기록부 자세히보기 차량이력 내차 피해 없음 타차 가해 없음 특이 사항 없음 차량이력 자세히 보기 보증 현황 제조사 보증제조사보증도움말 일반/차체 엔진/미션 엔카금융 1분만에 한도/금리 비교 다양한 금융사의 금리를 비교해보세요 방문없이 조회가 가능해요 신용점수에 영향이 없어요 금리 비교하기 판매자 정보 판매자정보사진 투에이치컴퍼니박종태매매 판매자 정보 판매중12판매완료52 울산 북구 무룡로 68 종사원증번호 us25-00011상사/조합정보 구매 가이드 허위매물 대처 압류 및 저당 처리 성능 상태 점검기록부 차량 금액 외 별도 수수료 차량 이전등록 차량 체크사항 알림등록 비슷한 조건의 동일한 모델이 신규매물로 등록되면 알려드릴까요? 알림등록 520만원 총비용계산기 보험료 계산 대출상품 조회 리스상품 조회 보험이력 0건 성능점검내역 일반/엔카직영 신차대비 -% 신차가격표 판매자 문의하기 중고차시세 팔린매물 동급매물 엔카 중고차론 금융사 비교하고 제휴 추가할인 금리 4.9% 부터~ 닫기 허위매물 단속 및 매매관련 분쟁 처리 등을 위해 050안심번호로문의하면 전화번호와 통화내용이 엔카에 자동 저장됩니다.050도움말 엔카는 등록 시스템만을 제공하며, 판매자가 직접 등록한 차량의 모든 책임은 판매자에게 있습니다. 신고하기 회사소개인재채용클린엔카지점안내엔카직영성능점검장안내매매지원이용약관고객센터디스플레이광고개인정보처리방침금융소비자보호원격지원서비스 네이버 블로그 인스타그램 유튜브 페이스북 패밀리사이트 O2O를 잇는 신뢰와 기술로 차량을 사고 파는 모습의 진화를 만듭니다 고객센터 : 1599-5455FAX : 02-754-8768대표메일 : trust@encar.com주소 : 서울특별시 중구 통일로2길 16, 18~19층(순화동) 사업자 등록번호 : 104-86-54476통신판매업신고 : 제2014-서울중구-0393호대표자 : 김상범Copyright © 엔카닷컴(주) 내 차를 최고가에 팔고, 믿고 사는 가장 좋은 방법. 엔카닷컴(주) 엔카닷컴(주)는 통신판매중개자로서 통신판매의 당사자가 아니며, 상품·거래정보, 거래에 대하여 책임을 지지 않습니다."
41472150,YF 쏘나타LPI 프리미어(장애인용) 연식,10/03식,241699,LPG(일반인 구입),서울,320,https://fem.encar.com/cars/detail/41472150?advClickPosition=mweb_mhightlight_g52_t400&listAdvType=mhighlight&type=detail&view_type=normal,"엔카 기본정보 옵션정보 차량상태 보증현황 판매자 정보 딜러 셀프등록 로그인/회원가입 채팅 전체메뉴 열기 등록번호 41472150조회수 143찜 2 신고하기 프린트 공유하기 찜하기 #HOT#COOL#양호 엔카 실촬영 이전이미지 다음이미지 1 / 20 사진 모두보기 YF 쏘나타LPI 프리미어(장애인용) 연식 10/03식 연형정보 주행거리 241,699km 연료 LPG(일반인 구입) 차량번호 54소8460 자세히 옵션 정보더보기 주요옵션 옵션 설명 보기 선루프 없음 헤드램프 (HID) 없음 주차감지센서 있음 후방카메라 있음 자동에어컨 있음 스마트키 있음 내비게이션 있음 열선시트 있음 통풍시트 없음 가죽시트 있음 26개 옵션 모두보기 차량 상태 성능점검을 등록한 차량이에요 제시번호 : 1 교환 4 판금 없음 부식 없음 성능기록부 자세히보기 차량이력 내차 피해 총 3,393,774원 (4회) 타차 가해 총 2,137,000원 (1회) 특이 사항 없음 차량이력 자세히 보기 보증 현황 제조사 보증제조사보증도움말 일반/차체 엔진/미션 엔카금융 1분만에 한도/금리 비교 다양한 금융사의 금리를 비교해보세요 방문없이 조회가 가능해요 신용점수에 영향이 없어요 금리 비교하기 판매자 정보 판매자정보사진 스타모터스박재희매매 판매자 정보 판매중17판매완료68 전남 순천시 종사원증번호 2106100065상사/조합정보 구매 가이드 허위매물 대처 압류 및 저당 처리 성능 상태 점검기록부 차량 금액 외 별도 수수료 차량 이전등록 차량 체크사항 알림등록 비슷한 조건의 동일한 모델이 신규매물로 등록되면 알려드릴까요? 알림등록 320만원 총비용계산기 보험료 계산 대출상품 조회 리스상품 조회 보험이력 5건 성능점검내역 일반/엔카직영 신차가격표 판매자 문의하기 중고차시세 팔린매물 동급매물 엔카 중고차론 금융사 비교하고 제휴 추가할인 금리 4.9% 부터~ 닫기 허위매물 단속 및 매매관련 분쟁 처리 등을 위해 050안심번호로문의하면 전화번호와 통화내용이 엔카에 자동 저장됩니다.050도움말 엔카는 등록 시스템만을 제공하며, 판매자가 직접 등록한 차량의 모든 책임은 판매자에게 있습니다. 신고하기 회사소개인재채용클린엔카지점안내엔카직영성능점검장안내매매지원이용약관고객센터디스플레이광고개인정보처리방침금융소비자보호원격지원서비스 네이버 블로그 인스타그램 유튜브 페이스북 패밀리사이트 O2O를 잇는 신뢰와 기술로 차량을 사고 파는 모습의 진화를 만듭니다 고객센터 : 1599-5455FAX : 02-754-8768대표메일 : trust@encar.com주소 : 서울특별시 중구 통일로2길 16, 18~19층(순화동) 사업자 등록번호 : 104-86-54476통신판매업신고 : 제2014-서울중구-0393호대표자 : 김상범Copyright © 엔카닷컴(주) 내 차를 최고가에 팔고, 믿고 사는 가장 좋은 방법. 엔카닷컴(주) 엔카닷컴(주)는 통신판매중개자로서 통신판매의 당사자가 아니며, 상품·거래정보, 거래에 대하여 책임을 지지 않습니다."
40795373,YF 쏘나타Y20 탑고급형 연식,09/10식,101514,가솔린,서울,160,https://fem.encar.com/cars/detail/40795373?advClickPosition=mweb_mhightlight_g53_t400&listAdvType=mhighlight&type=detail&view_type=checked,"엔카 기본정보 옵션정보 차량상태 보증현황 판매자 정보 딜러 셀프등록 로그인/회원가입 채팅 전체메뉴 엔카진단 등록번호 40795373조회수 72찜 5 신고하기 프린트 공유하기 찜하기 이전이미지 다음이미지 1 / 20 사진 모두보기 YF 쏘나타Y20 탑고급형 연식 09/10식 (10년형) 연형정보 주행거리 101,514km 연료 가솔린 차량번호 45조3818 자세히 엔카가 아래 사항을 모두 진단 하였습니다 툴팁 엔카진단 프레임무사고 확인 옵션 정보더보기 주요옵션 옵션 설명 보기 선루프 없음 헤드램프 (HID) 없음 주차감지센서 있음 후방카메라 있음 자동에어컨 있음 스마트키 있음 내비게이션 있음 열선시트 있음 통풍시트 없음 가죽시트 있음 31개 옵션 모두보기 이 차만의 옵션더보기 Intelligent DMB 네비게이션(외장형 앰프, 써브 우퍼, 음성 인식, 후방카메라, 후방 주차 가이드 시스템 포함) 160만원 이 차를 추천하는 이유더보기 연식대비 준수한 실내컨디션 유지중으로 탑승자에게 만족감을 주는 YF 쏘나타입니다! 정품 네비게이션 및 후방카메라 탑재로 마감 품질 걱정없이 편리한 차량이에요! 차량 상태 엔카진단 엔카가 무사고 진단을 했어요 프레임 진단 정상 외부패널 진단 정상 엔카진단 자세히 보기 성능점검을 등록한 차량이에요 제시번호 : 2506805723 본 차량의 성능 점검 기록부는 판매자가 사진으로 등록했습니다. 성능기록부 자세히보기 차량이력 내차 피해 총 1,660,461원 (2회) 타차 가해 없음 특이 사항 없음 차량이력 자세히 보기 보증 현황 제조사 보증제조사보증도움말 일반/차체 엔진/미션 엔카금융 1분만에 한도/금리 비교 다양한 금융사의 금리를 비교해보세요 방문없이 조회가 가능해요 신용점수에 영향이 없어요 금리 비교하기 판매자 정보 판매자정보사진 서청주자동차매매상사허필규매매 판매자 정보 판매중20판매완료135 충북 청주시 청원구 공항로256번길 6 종사원증번호 CB18-00540상사/조합정보 구매 가이드 허위매물 대처 압류 및 저당 처리 성능 상태 점검기록부 차량 금액 외 별도 수수료 차량 이전등록 차량 체크사항 알림등록 비슷한 조건의 동일한 모델이 신규매물로 등록되면 알려드릴까요? 알림등록 399만원 총비용계산기 보험료 계산 대출상품 조회 리스상품 조회 보험이력 2건 성능점검내역 일반/엔카직영 신차대비 -% 신차가격표 판매자 문의하기 중고차시세 팔린매물 동급매물 엔카 중고차론 금융사 비교하고 제휴 추가할인 금리 4.9% 부터~ 닫기 허위매물 단속 및 매매관련 분쟁 처리 등을 위해 050안심번호로문의하면 전화번호와 통화내용이 엔카에 자동 저장됩니다.050도움말 엔카는 등록 시스템만을 제공하며, 판매자가 직접 등록한 차량의 모든 책임은 판매자에게 있습니다. 신고하기 회사소개인재채용클린엔카지점안내엔카직영성능점검장안내매매지원이용약관고객센터디스플레이광고개인정보처리방침금융소비자보호원격지원서비스 네이버 블로그 인스타그램 유튜브 페이스북 패밀리사이트 O2O를 잇는 신뢰와 기술로 차량을 사고 파는 모습의 진화를 만듭니다 고객센터 : 1599-5455FAX : 02-754-8768대표메일 : trust@encar.com주소 : 서울특별시 중구 통일로2길 16, 18~19층(순화동) 사업자 등록번호 : 104-86-54476통신판매업신고 : 제2014-서울중구-0393호대표자 : 김상범Copyright © 엔카닷컴(주) 내 차를 최고가에 팔고, 믿고 사는 가장 좋은 방법. 엔카닷컴(주) 엔카닷컴(주)는 통신판매중개자로서 통신판매의 당사자가 아니며, 상품·거래정보, 거래에 대하여 책임을 지지 않습니다."
41547457,YF 쏘나타Y20 프리미어 연식,11/06식,133228,가솔린,서울,489,https://fem.encar.com/cars/detail/41547457?advClickPosition=mweb_mhightlight_g54_t400&listAdvType=mhighlight&type=detail&view_type=checked,"엔카 기본정보 옵션정보 차량상태 보증현황 판매자 정보 딜러 셀프등록 로그인/회원가입 채팅 전체메뉴 엔카진단 등록번호 41547457조회수 52찜 1 신고하기 프린트 공유하기 찜하기 이전이미지 다음이미지 1 / 20 사진 모두보기 YF 쏘나타Y20 프리미어 연식 11/06식 연형정보 주행거리 133,228km 연료 가솔린 차량번호 20라7882 자세히 엔카가 아래 사항을 모두 진단 하였습니다 툴팁 엔카진단 프레임무사고 확인 옵션 정보더보기 주요옵션 옵션 설명 보기 선루프 없음 헤드램프 (HID) 없음 주차감지센서 있음 후방카메라 있음 자동에어컨 있음 스마트키 있음 내비게이션 있음 열선시트 있음 통풍시트 없음 가죽시트 있음 31개 옵션 모두보기 이 차를 추천하는 이유더보기 중고차량을 알아볼 때에 있어 가장 중요한 요소가 바로 차량 컨디션인데요! 해당 차량 엔진 수리내역서 보유중으로 보다 확실하며, 사제 네비 장착으로 편의성까지!! 차량 상태 엔카진단 엔카가 무사고 진단을 했어요 프레임 진단 정상 외부패널 진단 정상 엔카진단 자세히 보기 성능점검을 등록한 차량이에요 제시번호 : 2506806899 본 차량의 성능 점검 기록부는 판매자가 사진으로 등록했습니다. 성능기록부 자세히보기 차량이력 내차 피해 없음 타차 가해 총 714,442원 (1회) 특이 사항 없음 차량이력 자세히 보기 보증 현황 제조사 보증제조사보증도움말 일반/차체 엔진/미션 엔카금융 1분만에 한도/금리 비교 다양한 금융사의 금리를 비교해보세요 방문없이 조회가 가능해요 신용점수에 영향이 없어요 금리 비교하기 판매자 정보 판매자정보사진 서청주자동차매매상사허필규매매 판매자 정보 판매중20판매완료135 충북 청주시 청원구 공항로256번길 6 종사원증번호 CB18-00540상사/조합정보 구매 가이드 허위매물 대처 압류 및 저당 처리 성능 상태 점검기록부 차량 금액 외 별도 수수료 차량 이전등록 차량 체크사항 알림등록 비슷한 조건의 동일한 모델이 신규매물로 등록되면 알려드릴까요? 알림등록 489만원 총비용계산기 보험료 계산 대출상품 조회 리스상품 조회 보험이력 1건 성능점검내역 일반/엔카직영 신차대비 -% 신차가격표 판매자 문의하기 중고차시세 팔린매물 동급매물 엔카 중고차론 금융사 비교하고 제휴 추가할인 금리 4.9% 부터~ 닫기 허위매물 단속 및 매매관련 분쟁 처리 등을 위해 050안심번호로문의하면 전화번호와 통화내용이 엔카에 자동 저장됩니다.050도움말 엔카는 등록 시스템만을 제공하며, 판매자가 직접 등록한 차량의 모든 책임은 판매자에게 있습니다. 신고하기 회사소개인재채용클린엔카지점안내엔카직영성능점검장안내매매지원이용약관고객센터디스플레이광고개인정보처리방침금융소비자보호원격지원서비스 네이버 블로그 인스타그램 유튜브 페이스북 패밀리사이트 O2O를 잇는 신뢰와 기술로 차량을 사고 파는 모습의 진화를 만듭니다 고객센터 : 1599-5455FAX : 02-754-8768대표메일 : trust@encar.com주소 : 서울특별시 중구 통일로2길 16, 18~19층(순화동) 사업자 등록번호 : 104-86-54476통신판매업신고 : 제2014-서울중구-0393호대표자 : 김상범Copyright © 엔카닷컴(주) 내 차를 최고가에 팔고, 믿고 사는 가장 좋은 방법. 엔카닷컴(주) 엔카닷컴(주)는 통신판매중개자로서 통신판매의 당사자가 아니며, 상품·거래정보, 거래에 대하여 책임을 지지 않습니다."
41638697,YF 쏘나타F24 GDI최고급형 연식,10/03식,50206,가솔린,서울,170,https://fem.encar.com/cars/detail/41638697?advClickPosition=mweb_mhightlight_g55_t400&listAdvType=mhighlight&type=detail&view_type=checked,"엔카 기본정보 옵션정보 차량상태 보증현황 판매자 정보 딜러 셀프등록 로그인/회원가입 채팅 전체메뉴 열기 엔카진단 등록번호 41638697조회수 52찜 0 신고하기 프린트 공유하기 찜하기 이전이미지 다음이미지 1 / 20 사진 모두보기 YF 쏘나타F24 GDI최고급형 연식 10/03식 연형정보 주행거리 50,206km 연료 가솔린 차량번호 42더5238 자세히 엔카가 아래 사항을 모두 진단 하였습니다 툴팁 엔카진단 프레임무사고 확인 옵션 정보더보기 주요옵션 옵션 설명 보기 선루프 없음 헤드램프 (HID) 있음 주차감지센서 있음 후방카메라 있음 자동에어컨 있음 스마트키 있음 내비게이션 없음 열선시트 있음 통풍시트 없음 가죽시트 있음 34개 옵션 모두보기 이 차만의 옵션더보기 모젠 프리미엄 WIDE 내비게이션(JBL 프리미엄 사운드, 음성인식, 후방카메라, 후방 주차 가이드 시스템 포함, 후방 디스플레이 룸미러 삭제) 170만원 이 차를 추천하는 이유더보기 연식 대비 5만km대의 매우 짧은 주행거리를 유지중인 차량이네요 그만큼 전체적인 사용감이 적어 쾌적한 환경랍니다 지금 바로 만나보세요~ 차량 상태 엔카진단 엔카가 무사고 진단을 했어요 프레임 진단 정상 외부패널 진단 정상 엔카진단 자세히 보기 성능점검을 등록한 차량이에요 제시번호 : 20261111874 교환 없음 판금 1 부식 없음 성능기록부 자세히보기 차량이력 내차 피해 총 422,637원 (1회) 타차 가해 총 599,771원 (1회) 특이 사항 없음 차량이력 자세히 보기 보증 현황 제조사 보증제조사보증도움말 일반/차체 엔진/미션 엔카금융 1분만에 한도/금리 비교 다양한 금융사의 금리를 비교해보세요 방문없이 조회가 가능해요 신용점수에 영향이 없어요 금리 비교하기 판매자 정보 판매자정보사진 드림최한빛매매 판매자 정보 판매중3판매완료41 경기 평택시 유천2길 41-20 종사원증번호 GC24-02023상사/조합정보 구매 가이드 허위매물 대처 압류 및 저당 처리 성능 상태 점검기록부 차량 금액 외 별도 수수료 차량 이전등록 차량 체크사항 알림등록 비슷한 조건의 동일한 모델이 신규매물로 등록되면 알려드릴까요? 알림등록 590만원 총비용계산기 보험료 계산 대출상품 조회 리스상품 조회 보험이력 2건 성능점검내역 일반/엔카직영 신차대비 -% 신차가격표 판매자 문의하기 중고차시세 팔린매물 동급매물 엔카 중고차론 금융사 비교하고 제휴 추가할인 금리 4.9% 부터~ 닫기 허위매물 단속 및 매매관련 분쟁 처리 등을 위해 050안심번호로문의하면 전화번호와 통화내용이 엔카에 자동 저장됩니다.050도움말 엔카는 등록 시스템만을 제공하며, 판매자가 직접 등록한 차량의 모든 책임은 판매자에게 있습니다. 신고하기 회사소개인재채용클린엔카지점안내엔카직영성능점검장안내매매지원이용약관고객센터디스플레이광고개인정보처리방침금융소비자보호원격지원서비스 네이버 블로그 인스타그램 유튜브 페이스북 패밀리사이트 O2O를 잇는 신뢰와 기술로 차량을 사고 파는 모습의 진화를 만듭니다 고객센터 : 1599-5455FAX : 02-754-8768대표메일 : trust@encar.com주소 : 서울특별시 중구 통일로2길 16, 18~19층(순화동) 사업자 등록번호 : 104-86-54476통신판매업신고 : 제2014-서울중구-0393호대표자 : 김상범Copyright © 엔카닷컴(주) 내 차를 최고가에 팔고, 믿고 사는 가장 좋은 방법. 엔카닷컴(주) 엔카닷컴(주)는 통신판매중개자로서 통신판매의 당사자가 아니며, 상품·거래정보, 거래에 대하여 책임을 지지 않습니다."
41587962,YF 쏘나타LPI 탑 연식,09/10식,112323,LPG(일반인 구입),서울,399,https://fem.encar.com/cars/detail/41587962?advClickPosition=mweb_mhightlight_g56_t400&listAdvType=mhighlight&type=detail&view_type=normal,"엔카 기본정보 옵션정보 차량상태 보증현황 판매자 정보 딜러 셀프등록 로그인/회원가입 채팅 전체메뉴 등록번호 41587962조회수 99찜 0 신고하기 프린트 공유하기 찜하기 #정비OK#양호#짧은Km 엔카 실촬영/순정네비/열선시트/하이패스/오토라이트/공기청정 이전이미지 다음이미지 1 / 20 사진 모두보기 YF 쏘나타LPI 탑 연식 09/10식 (10년형) 연형정보 주행거리 112,323km 연료 LPG(일반인 구입) 차량번호 19오1061 자세히 옵션 정보더보기 주요옵션 옵션 설명 보기 선루프 없음 헤드램프 (HID) 없음 주차감지센서 있음 후방카메라 없음 자동에어컨 없음 스마트키 없음 내비게이션 있음 열선시트 있음 통풍시트 없음 가죽시트 있음 17개 옵션 모두보기 차량 상태 성능점검을 등록한 차량이에요 제시번호 : 2026019265 교환 없음 판금 없음 부식 없음 성능기록부 자세히보기 차량이력 내차 피해 총 1,409,266원 (3회) 타차 가해 총 3,030,659원 (4회) 특이 사항 없음 차량이력 자세히 보기 보증 현황 제조사 보증제조사보증도움말 일반/차체 엔진/미션 엔카금융 1분만에 한도/금리 비교 다양한 금융사의 금리를 비교해보세요 방문없이 조회가 가능해요 신용점수에 영향이 없어요 금리 비교하기 판매자 정보 판매자정보사진 (주)퍼스트모터스권기태매매 판매자 정보 판매중13판매완료99 부산 사상구 사상로 399 종사원증번호 2005134751상사/조합정보 구매 가이드 허위매물 대처 압류 및 저당 처리 성능 상태 점검기록부 차량 금액 외 별도 수수료 차량 이전등록 차량 체크사항 알림등록 비슷한 조건의 동일한 모델이 신규매물로 등록되면 알려드릴까요? 알림등록 399만원 총비용계산기 보험료 계산 대출상품 조회 리스상품 조회 보험이력 7건 성능점검내역 일반/엔카직영 신차가격표 판매자 문의하기 중고차시세 팔린매물 동급매물 엔카 중고차론 금융사 비교하고 제휴 추가할인 금리 4.9% 부터~ 닫기 허위매물 단속 및 매매관련 분쟁 처리 등을 위해 050안심번호로문의하면 전화번호와 통화내용이 엔카에 자동 저장됩니다.050도움말 엔카는 등록 시스템만을 제공하며, 판매자가 직접 등록한 차량의 모든 책임은 판매자에게 있습니다. 신고하기 회사소개인재채용클린엔카지점안내엔카직영성능점검장안내매매지원이용약관고객센터디스플레이광고개인정보처리방침금융소비자보호원격지원서비스 네이버 블로그 인스타그램 유튜브 페이스북 패밀리사이트 O2O를 잇는 신뢰와 기술로 차량을 사고 파는 모습의 진화를 만듭니다 고객센터 : 1599-5455FAX : 02-754-8768대표메일 : trust@encar.com주소 : 서울특별시 중구 통일로2길 16, 18~19층(순화동) 사업자 등록번호 : 104-86-54476통신판매업신고 : 제2014-서울중구-0393호대표자 : 김상범Copyright © 엔카닷컴(주) 내 차를 최고가에 팔고, 믿고 사는 가장 좋은 방법. 엔카닷컴(주) 엔카닷컴(주)는 통신판매중개자로서 통신판매의 당사자가 아니며, 상품·거래정보, 거래에 대하여 책임을 지지 않습니다."
41255753,YF 쏘나타LPI 럭셔리 연식,12/06식,173933,LPG(일반인 구입),서울,280,https://fem.encar.com/cars/detail/41255753?advClickPosition=mweb_mhightlight_g57_t400&listAdvType=mhighlight&type=detail&view_type=checked,"엔카 기본정보 옵션정보 차량상태 보증현황 판매자 정보 딜러 셀프등록 로그인/회원가입 채팅 전체메뉴 열기 엔카진단 등록번호 41255753조회수 180찜 5 신고하기 프린트 공유하기 찜하기 이전이미지 다음이미지 1 / 20 사진 모두보기 YF 쏘나타LPI 럭셔리 연식 12/06식 연형정보 주행거리 173,933km 연료 LPG(일반인 구입) 차량번호 42두3922 자세히 엔카가 아래 사항을 모두 진단 하였습니다 툴팁 엔카진단 프레임무사고 확인 옵션 정보더보기 주요옵션 옵션 설명 보기 선루프 없음 헤드램프 (HID) 없음 주차감지센서 있음 후방카메라 있음 자동에어컨 있음 스마트키 없음 내비게이션 있음 열선시트 없음 통풍시트 없음 가죽시트 있음 22개 옵션 모두보기 이 차를 추천하는 이유더보기 사제 네비게이션 및 후방카메라 매립으로 깔끔한 실내는 물론 어딜가던 운행이나 주차에 걱정없이 다닐수 있어요. 차량 상태 엔카진단 엔카가 무사고 진단을 했어요 프레임 진단 정상 외부패널 진단 교환 엔카진단 자세히 보기 성능점검을 등록한 차량이에요 제시번호 : 2508722749 교환 4 판금 3 부식 없음 성능기록부 자세히보기 차량이력 내차 피해 총 4,936,956원 (3회) 타차 가해 없음 특이 사항 없음 차량이력 자세히 보기 보증 현황 제조사 보증제조사보증도움말 일반/차체 엔진/미션 엔카금융 1분만에 한도/금리 비교 다양한 금융사의 금리를 비교해보세요 방문없이 조회가 가능해요 신용점수에 영향이 없어요 금리 비교하기 판매자 정보 판매자정보사진 퍼스트모터스코리아임상균매매 판매자 정보 판매중5판매완료8 인천 미추홀구 주염로 49 구매 가이드 허위매물 대처 압류 및 저당 처리 성능 상태 점검기록부 차량 금액 외 별도 수수료 차량 이전등록 차량 체크사항 알림등록 비슷한 조건의 동일한 모델이 신규매물로 등록되면 알려드릴까요? 알림등록 280만원 총비용계산기 보험료 계산 대출상품 조회 리스상품 조회 보험이력 3건 성능점검내역 일반/엔카직영 신차가격표 판매자 문의하기 중고차시세 팔린매물 동급매물 엔카 중고차론 금융사 비교하고 제휴 추가할인 금리 4.9% 부터~ 닫기 허위매물 단속 및 매매관련 분쟁 처리 등을 위해 050안심번호로문의하면 전화번호와 통화내용이 엔카에 자동 저장됩니다.050도움말 엔카는 등록 시스템만을 제공하며, 판매자가 직접 등록한 차량의 모든 책임은 판매자에게 있습니다. 신고하기 회사소개인재채용클린엔카지점안내엔카직영성능점검장안내매매지원이용약관고객센터디스플레이광고개인정보처리방침금융소비자보호원격지원서비스 네이버 블로그 인스타그램 유튜브 페이스북 패밀리사이트 O2O를 잇는 신뢰와 기술로 차량을 사고 파는 모습의 진화를 만듭니다 고객센터 : 1599-5455FAX : 02-754-8768대표메일 : trust@encar.com주소 : 서울특별시 중구 통일로2길 16, 18~19층(순화동) 사업자 등록번호 : 104-86-54476통신판매업신고 : 제2014-서울중구-0393호대표자 : 김상범Copyright © 엔카닷컴(주) 내 차를 최고가에 팔고, 믿고 사는 가장 좋은 방법. 엔카닷컴(주) 엔카닷컴(주)는 통신판매중개자로서 통신판매의 당사자가 아니며, 상품·거래정보, 거래에 대하여 책임을 지지 않습니다."
40787984,YF 쏘나타Y20 월드컵 스페셜 에디션 연식,10/07식,95461,가솔린,서울,160,https://fem.encar.com/cars/detail/40787984?advClickPosition=mweb_mhightlight_g58_t400&listAdvType=mhighlight&type=detail&view_type=normal,"엔카 기본정보 옵션정보 차량상태 보증현황 판매자 정보 딜러 셀프등록 로그인/회원가입 채팅 전체메뉴 열기 등록번호 40787984조회수 201찜 1 신고하기 프린트 공유하기 찜하기 #1인소유#정비OK#짧은Km #스커핑증상'무' #미세누유'무' #타이어 양호 #뒷돈들일 없는차! 이전이미지 다음이미지 1 / 20 사진 모두보기 YF 쏘나타Y20 월드컵 스페셜 에디션 연식 10/07식 (11년형) 연형정보 주행거리 95,461km 연료 가솔린 차량번호 31노6346 자세히 옵션 정보더보기 주요옵션 옵션 설명 보기 선루프 없음 헤드램프 (HID) 없음 주차감지센서 있음 후방카메라 있음 자동에어컨 있음 스마트키 있음 내비게이션 있음 열선시트 있음 통풍시트 없음 가죽시트 있음 32개 옵션 모두보기 이 차만의 옵션더보기 Intelligent DMB 네비게이션(외장형 앰프, 서브 우퍼, 음성 인식, 후방카메라, 후방 주차 가이드 시스템 포함) 160만원 차량 상태 성능점검을 등록한 차량이에요 제시번호 : 089060 교환 1 판금 없음 부식 없음 성능기록부 자세히보기 차량이력 내차 피해 총 3,272,575원 (4회) 타차 가해 없음 특이 사항 없음 차량이력 자세히 보기 보증 현황 제조사 보증제조사보증도움말 일반/차체 엔진/미션 엔카금융 1분만에 한도/금리 비교 다양한 금융사의 금리를 비교해보세요 방문없이 조회가 가능해요 신용점수에 영향이 없어요 1% 금리 우대받고 1시간안에 대출이 가능한 엔카금융플러스이용 가능 차량이에요. 금리 비교하기 판매자 정보 판매자정보사진 중고차갤러리김대운매매 판매자 정보 판매중6판매완료18 대구 북구 오봉로 155 종사원증번호 DG17-00089상사/조합정보 헛걸음보상 가입 헛걸음보상 약속내용 고객님이 방문하실 때까지 차량을 판매하지 않으며, 광고내용과 일치함을 약속드립니다. 방문예약하기 구매 가이드 허위매물 대처 압류 및 저당 처리 성능 상태 점검기록부 차량 금액 외 별도 수수료 차량 이전등록 차량 체크사항 알림등록 비슷한 조건의 동일한 모델이 신규매물로 등록되면 알려드릴까요? 알림등록 399만원 총비용계산기 보험료 계산 대출상품 조회 리스상품 조회 보험이력 4건 성능점검내역 일반/엔카직영 신차대비 14% 신차가격표 판매자 문의하기 중고차시세 팔린매물 동급매물 엔카 중고차론 금융사 비교하고 제휴 추가할인 금리 4.9% 부터~ 닫기 허위매물 단속 및 매매관련 분쟁 처리 등을 위해 050안심번호로문의하면 전화번호와 통화내용이 엔카에 자동 저장됩니다.050도움말 엔카는 등록 시스템만을 제공하며, 판매자가 직접 등록한 차량의 모든 책임은 판매자에게 있습니다. 신고하기 회사소개인재채용클린엔카지점안내엔카직영성능점검장안내매매지원이용약관고객센터디스플레이광고개인정보처리방침금융소비자보호원격지원서비스 네이버 블로그 인스타그램 유튜브 페이스북 패밀리사이트 O2O를 잇는 신뢰와 기술로 차량을 사고 파는 모습의 진화를 만듭니다 고객센터 : 1599-5455FAX : 02-754-8768대표메일 : trust@encar.com주소 : 서울특별시 중구 통일로2길 16, 18~19층(순화동) 사업자 등록번호 : 104-86-54476통신판매업신고 : 제2014-서울중구-0393호대표자 : 김상범Copyright © 엔카닷컴(주) 내 차를 최고가에 팔고, 믿고 사는 가장 좋은 방법. 엔카닷컴(주) 엔카닷컴(주)는 통신판매중개자로서 통신판매의 당사자가 아니며, 상품·거래정보, 거래에 대하여 책임을 지지 않습니다."
41525497,YF 쏘나타CVVL 럭셔리 연식,12/03식,158912,가솔린,서울,160,https://fem.encar.com/cars/detail/41525497?advClickPosition=mweb_mhightlight_g59_t400&listAdvType=mhighlight&type=detail&view_type=checked,"엔카 기본정보 옵션정보 차량상태 보증현황 판매자 정보 딜러 셀프등록 로그인/회원가입 채팅 전체메뉴 열기 엔카진단 등록번호 41525497조회수 194찜 4 신고하기 프린트 공유하기 찜하기 이전이미지 다음이미지 1 / 20 사진 모두보기 YF 쏘나타CVVL 럭셔리 연식 12/03식 연형정보 주행거리 158,912km 연료 가솔린 차량번호 36두9080 자세히 엔카가 아래 사항을 모두 진단 하였습니다 툴팁 엔카진단 프레임무사고 확인 옵션 정보더보기 주요옵션 옵션 설명 보기 선루프 없음 헤드램프 (HID) 없음 주차감지센서 있음 후방카메라 있음 자동에어컨 있음 스마트키 있음 내비게이션 있음 열선시트 있음 통풍시트 없음 가죽시트 있음 31개 옵션 모두보기 이 차만의 옵션더보기 Intelligent DMB 내비게이션(외장형 앰프, 서브우퍼, 음성 인식, 후방카메라, 후방주차가이드 시스템 포함) 160만원 이 차를 추천하는 이유더보기 누적 15만km대의 주행 거리를 보유한 차량이라는 점을 고려했을 때 실내 컨디션이 양호한 편이네요! 순정 내비, DMB 옵션도 적용돼 한층 실용적입니다~ 차량 상태 엔카진단 엔카가 무사고 진단을 했어요 프레임 진단 정상 외부패널 진단 정상 엔카진단 자세히 보기 성능점검을 등록한 차량이에요 제시번호 : 2526210147 교환 없음 판금 없음 부식 없음 성능기록부 자세히보기 차량이력 내차 피해 총 2,116,197원 (4회) 타차 가해 없음 특이 사항 없음 차량이력 자세히 보기 보증 현황 제조사 보증제조사보증도움말 일반/차체 엔진/미션 엔카금융 1분만에 한도/금리 비교 다양한 금융사의 금리를 비교해보세요 방문없이 조회가 가능해요 신용점수에 영향이 없어요 금리 비교하기 판매자 정보 판매자정보사진 그린모터스윤창기매매 판매자 정보 판매중1판매완료4 서울 강남구 율현동 종사원증번호 ss11-0355상사/조합정보 구매 가이드 허위매물 대처 압류 및 저당 처리 성능 상태 점검기록부 차량 금액 외 별도 수수료 차량 이전등록 차량 체크사항 알림등록 비슷한 조건의 동일한 모델이 신규매물로 등록되면 알려드릴까요? 알림등록 430만원 총비용계산기 보험료 계산 대출상품 조회 리스상품 조회 보험이력 4건 성능점검내역 일반/엔카직영 신차대비 -% 신차가격표 판매자 문의하기 중고차시세 팔린매물 동급매물 엔카 중고차론 금융사 비교하고 제휴 추가할인 금리 4.9% 부터~ 닫기 허위매물 단속 및 매매관련 분쟁 처리 등을 위해 050안심번호로문의하면 전화번호와 통화내용이 엔카에 자동 저장됩니다.050도움말 엔카는 등록 시스템만을 제공하며, 판매자가 직접 등록한 차량의 모든 책임은 판매자에게 있습니다. 신고하기 회사소개인재채용클린엔카지점안내엔카직영성능점검장안내매매지원이용약관고객센터디스플레이광고개인정보처리방침금융소비자보호원격지원서비스 네이버 블로그 인스타그램 유튜브 페이스북 패밀리사이트 O2O를 잇는 신뢰와 기술로 차량을 사고 파는 모습의 진화를 만듭니다 고객센터 : 1599-5455FAX : 02-754-8768대표메일 : trust@encar.com주소 : 서울특별시 중구 통일로2길 16, 18~19층(순화동) 사업자 등록번호 : 104-86-54476통신판매업신고 : 제2014-서울중구-0393호대표자 : 김상범Copyright © 엔카닷컴(주) 내 차를 최고가에 팔고, 믿고 사는 가장 좋은 방법. 엔카닷컴(주) 엔카닷컴(주)는 통신판매중개자로서 통신판매의 당사자가 아니며, 상품·거래정보, 거래에 대하여 책임을 지지 않습니다."
41195208,YF 쏘나타LPI 탑 연식,12/02식,98169,LPG(일반인 구입),서울,500,https://fem.encar.com/cars/detail/41195208?advClickPosition=mweb_mhightlight_g60_t400&listAdvType=mhighlight&type=detail&view_type=hs_ad,"엔카 기본정보 옵션정보 차량상태 보증현황 엔카서비스 딜러 셀프등록 로그인/회원가입 채팅 전체메뉴 열기 엔카진단+ 엔카믿고 등록번호 41182497조회수 661찜 59 신고하기 프린트 공유하기 찜하기 1인신조,무사고,용도이력X,버튼시동,내비,후카,하이패스,비흡연,최저가 이전이미지 다음이미지 1 / 20 사진 모두보기 YF 쏘나타LPI 탑 연식 12/02식 연형정보 주행거리 98,169km 연료 LPG(일반인 구입) 차량번호 25무3772 자세히 엔카가 아래 사항을 모두 진단 하였습니다 툴팁 엔카진단+ 프레임무사고 확인 내외부차량 관리 상태 확인 엔카를 통한 구매는 환불을 보장합니다 엔카믿고 차량확인 시원하는 곳으로 배송 구매 시7일간 타보고 환불가능 옵션 정보더보기 주요옵션 옵션 설명 보기 선루프 없음 헤드램프 (HID) 없음 주차감지센서 있음 후방카메라 없음 자동에어컨 있음 스마트키 있음 내비게이션 있음 열선시트 있음 통풍시트 없음 가죽시트 있음 22개 옵션 모두보기 이 차를 추천하는 이유더보기 해당 차량은 스마트키 2개를 모두 보유하고 있어 하나를 분실하더라고 걱정없이 차량을 운행할수 있겠습니다 차량 상태 엔카진단+ 엔카가 무사고 진단을 했어요 프레임 진단 정상 외부패널 진단 정상 엔카진단 자세히 보기 엔카가 차량상태를 확인했어요 더보기 외관 스크래치, 등화장치, 타이어 상태, 실내 냄새까지 엔카 진단센터에서 직접 확인했어요. 차량 키 개수 2개 틴팅(앞 유리) 있음 타이어트레드 잔량 (앞) 툴팁 3mm 타이어트레드 잔량 (뒤) 툴팁 3mm 더보기 차량관리상태 모두보기 성능점검을 등록한 차량이에요 제시번호 : 20251600853 교환 없음 판금 1 부식 없음 성능기록부 자세히보기 차량이력 내차 피해 총 1,255,692원 (2회) 타차 가해 총 4,159,240원 (1회) 특이 사항 없음 차량이력 자세히 보기 보증 현황 제조사 보증제조사보증도움말 일반/차체 엔진/미션 엔카를 통해 구매하기 엔카믿고 제공혜택 차량확인 시원하는 곳으로 배송 구매 시7일간 타보고 환불가능 집앞으로 배송받기 엔카 전담 상담원 엔카 매니저 고객님과 꼼꼼히 상담 후 배송해드린 차량을 7일간 타보세요. 대출 상담부터 스크래치 확인까지 1:1로 엔카매니저가 모두 도와드리는 서비스 입니다. 판매자 정보 엔카금융 1분만에 한도/금리 비교 다양한 금융사의 금리를 비교해보세요 방문없이 조회가 가능해요 신용점수에 영향이 없어요 금리 비교하기 구매 가이드 허위매물 대처 압류 및 저당 처리 성능 상태 점검기록부 차량 금액 외 별도 수수료 차량 이전등록 차량 체크사항 알림등록 비슷한 조건의 동일한 모델이 신규매물로 등록되면 알려드릴까요? 알림등록 500만원 총비용계산기 보험료 계산 대출상품 조회 리스상품 조회 보험이력 3건 성능점검내역 일반/엔카직영 신차가격표 문의하기 엔카를 통해 구매하기 중고차시세 팔린매물 동급매물 엔카 중고차론 금융사 비교하고 제휴 추가할인 금리 4.9% 부터~ 닫기 허위매물 단속 및 매매관련 분쟁 처리 등을 위해 050안심번호로문의하면 전화번호와 통화내용이 엔카에 자동 저장됩니다.050도움말 회사소개인재채용클린엔카지점안내엔카직영성능점검장안내매매지원이용약관고객센터디스플레이광고개인정보처리방침금융소비자보호원격지원서비스 네이버 블로그 인스타그램 유튜브 페이스북 패밀리사이트 O2O를 잇는 신뢰와 기술로 차량을 사고 파는 모습의 진화를 만듭니다 고객센터 : 1599-5455FAX : 02-754-8768대표메일 : trust@encar.com주소 : 서울특별시 중구 통일로2길 16, 18~19층(순화동) 사업자 등록번호 : 104-86-54476통신판매업신고 : 제2014-서울중구-0393호대표자 : 김상범Copyright © 엔카닷컴(주) 내 차를 최고가에 팔고, 믿고 사는 가장 좋은 방법. 엔카닷컴(주) 엔카닷컴(주)는 통신판매중개자로서 통신판매의 당사자가 아니며, 상품·거래정보, 거래에 대하여 책임을 지지 않습니다."
41182497,YF 쏘나타LPI 탑 연식,12/02식,98169,LPG(일반인 구입),서울,500,https://fem.encar.com/cars/detail/41182497?advClickPosition=mweb_mhightlight_g61_t400&listAdvType=mhighlight&type=detail&view_type=checked,"엔카 기본정보 옵션정보 차량상태 보증현황 판매자 정보 딜러 셀프등록 로그인/회원가입 채팅 전체메뉴 열기 엔카진단+ 등록번호 41182497조회수 661찜 7 신고하기 프린트 공유하기 찜하기 1인신조,무사고,용도이력X,버튼시동,내비,후카,하이패스,비흡연,최저가 이전이미지 다음이미지 1 / 20 사진 모두보기 YF 쏘나타LPI 탑 연식 12/02식 연형정보 주행거리 98,169km 연료 LPG(일반인 구입) 차량번호 25무3772 자세히 엔카가 아래 사항을 모두 진단 하였습니다 툴팁 엔카진단+ 프레임무사고 확인 내외부차량 관리 상태 확인 옵션 정보더보기 주요옵션 옵션 설명 보기 선루프 없음 헤드램프 (HID) 없음 주차감지센서 있음 후방카메라 없음 자동에어컨 있음 스마트키 있음 내비게이션 있음 열선시트 있음 통풍시트 없음 가죽시트 있음 22개 옵션 모두보기 이 차를 추천하는 이유더보기 해당 차량은 스마트키 2개를 모두 보유하고 있어 하나를 분실하더라고 걱정없이 차량을 운행할수 있겠습니다 차량 상태 엔카진단+ 엔카가 무사고 진단을 했어요 프레임 진단 정상 외부패널 진단 정상 엔카진단 자세히 보기 엔카가 차량상태를 확인했어요 더보기 외관 스크래치, 등화장치, 타이어 상태, 실내 냄새까지 엔카 진단센터에서 직접 확인했어요. 차량 키 개수 2개 틴팅(앞 유리) 있음 타이어트레드 잔량 (앞) 툴팁 3mm 타이어트레드 잔량 (뒤) 툴팁 3mm 더보기 차량관리상태 모두보기 성능점검을 등록한 차량이에요 제시번호 : 20251600853 교환 없음 판금 1 부식 없음 성능기록부 자세히보기 차량이력 내차 피해 총 1,255,692원 (2회) 타차 가해 총 4,159,240원 (1회) 특이 사항 없음 차량이력 자세히 보기 보증 현황 제조사 보증제조사보증도움말 일반/차체 엔진/미션 엔카금융 1분만에 한도/금리 비교 다양한 금융사의 금리를 비교해보세요 방문없이 조회가 가능해요 신용점수에 영향이 없어요 금리 비교하기 판매자 정보 판매자정보사진 블루오토안유성매매 판매자 정보 판매중60판매완료320 경기 수원시 권선구 종사원증번호 17-031-81214상사/조합정보 이 차량을 '엔카믿고'로 신청하시면 엔카가 거래 과정을 함께 합니다. 엔카에 거래 도움받기 구매 가이드 허위매물 대처 압류 및 저당 처리 성능 상태 점검기록부 차량 금액 외 별도 수수료 차량 이전등록 차량 체크사항 알림등록 비슷한 조건의 동일한 모델이 신규매물로 등록되면 알려드릴까요? 알림등록 500만원 총비용계산기 보험료 계산 대출상품 조회 리스상품 조회 보험이력 3건 성능점검내역 일반/엔카직영 신차가격표 판매자 문의하기 중고차시세 팔린매물 동급매물 엔카 중고차론 금융사 비교하고 제휴 추가할인 금리 4.9% 부터~ 닫기 허위매물 단속 및 매매관련 분쟁 처리 등을 위해 050안심번호로문의하면 전화번호와 통화내용이 엔카에 자동 저장됩니다.050도움말 엔카는 등록 시스템만을 제공하며, 판매자가 직접 등록한 차량의 모든 책임은 판매자에게 있습니다. 신고하기 회사소개인재채용클린엔카지점안내엔카직영성능점검장안내매매지원이용약관고객센터디스플레이광고개인정보처리방침금융소비자보호원격지원서비스 네이버 블로그 인스타그램 유튜브 페이스북 패밀리사이트 O2O를 잇는 신뢰와 기술로 차량을 사고 파는 모습의 진화를 만듭니다 고객센터 : 1599-5455FAX : 02-754-8768대표메일 : trust@encar.com주소 : 서울특별시 중구 통일로2길 16, 18~19층(순화동) 사업자 등록번호 : 104-86-54476통신판매업신고 : 제2014-서울중구-0393호대표자 : 김상범Copyright © 엔카닷컴(주) 내 차를 최고가에 팔고, 믿고 사는 가장 좋은 방법. 엔카닷컴(주) 엔카닷컴(주)는 통신판매중개자로서 통신판매의 당사자가 아니며, 상품·거래정보, 거래에 대하여 책임을 지지 않습니다."
41505768,YF 쏘나타LPI 탑 연식,10/03식,138336,LPG(일반인 구입),서울,360,https://fem.encar.com/cars/detail/41505768?advClickPosition=mweb_mhightlight_g62_t400&listAdvType=mhighlight&type=detail&view_type=checked,"엔카 기본정보 옵션정보 차량상태 보증현황 판매자 정보 딜러 셀프등록 로그인/회원가입 채팅 전체메뉴 엔카진단 등록번호 41505768조회수 523찜 13 신고하기 프린트 공유하기 찜하기 1인신조, 썬루프, 후방카메라, 하이패쓰, 열선시트 이전이미지 다음이미지 1 / 20 사진 모두보기 YF 쏘나타LPI 탑 연식 10/03식 연형정보 주행거리 138,336km 연료 LPG(일반인 구입) 차량번호 34노9330 자세히 엔카가 아래 사항을 모두 진단 하였습니다 툴팁 엔카진단 프레임무사고 확인 옵션 정보더보기 주요옵션 옵션 설명 보기 선루프 있음 헤드램프 (HID) 없음 주차감지센서 있음 후방카메라 있음 자동에어컨 있음 스마트키 없음 내비게이션 없음 열선시트 있음 통풍시트 없음 가죽시트 있음 25개 옵션 모두보기 이 차를 추천하는 이유더보기 썬루프가 추가로 장착되어 1열은 물론 2열에서도 쾌적하고 개방감 넘치는 드라이빙을 즐기실 수 있는 차량입니다. 차량 상태 엔카진단 엔카가 무사고 진단을 했어요 프레임 진단 정상 외부패널 진단 교환 엔카진단 자세히 보기 성능점검을 등록한 차량이에요 제시번호 : 02-13-091659 교환 3 판금 2 부식 없음 성능기록부 자세히보기 차량이력 내차 피해 총 5,936,676원 (5회) 타차 가해 없음 특이 사항 없음 차량이력 자세히 보기 보증 현황 제조사 보증제조사보증도움말 일반/차체 엔진/미션 엔카금융 1분만에 한도/금리 비교 다양한 금융사의 금리를 비교해보세요 방문없이 조회가 가능해요 신용점수에 영향이 없어요 금리 비교하기 판매자 정보 판매자정보사진 (주)유로모터스우서연매매 판매자 정보 판매중8판매완료49 경기 김포시 종사원증번호 GG23-00705상사/조합정보 구매 가이드 허위매물 대처 압류 및 저당 처리 성능 상태 점검기록부 차량 금액 외 별도 수수료 차량 이전등록 차량 체크사항 알림등록 비슷한 조건의 동일한 모델이 신규매물로 등록되면 알려드릴까요? 알림등록 360만원 총비용계산기 보험료 계산 대출상품 조회 리스상품 조회 보험이력 5건 성능점검내역 일반/엔카직영 신차가격표 판매자 문의하기 중고차시세 팔린매물 동급매물 엔카 중고차론 금융사 비교하고 제휴 추가할인 금리 4.9% 부터~ 닫기 허위매물 단속 및 매매관련 분쟁 처리 등을 위해 050안심번호로문의하면 전화번호와 통화내용이 엔카에 자동 저장됩니다.050도움말 엔카는 등록 시스템만을 제공하며, 판매자가 직접 등록한 차량의 모든 책임은 판매자에게 있습니다. 신고하기 회사소개인재채용클린엔카지점안내엔카직영성능점검장안내매매지원이용약관고객센터디스플레이광고개인정보처리방침금융소비자보호원격지원서비스 네이버 블로그 인스타그램 유튜브 페이스북 패밀리사이트 O2O를 잇는 신뢰와 기술로 차량을 사고 파는 모습의 진화를 만듭니다 고객센터 : 1599-5455FAX : 02-754-8768대표메일 : trust@encar.com주소 : 서울특별시 중구 통일로2길 16, 18~19층(순화동) 사업자 등록번호 : 104-86-54476통신판매업신고 : 제2014-서울중구-0393호대표자 : 김상범Copyright © 엔카닷컴(주) 내 차를 최고가에 팔고, 믿고 사는 가장 좋은 방법. 엔카닷컴(주) 엔카닷컴(주)는 통신판매중개자로서 통신판매의 당사자가 아니며, 상품·거래정보, 거래에 대하여 책임을 지지 않습니다."
41064896,YF 쏘나타Y20 프리미어최고급형 연식,09/12식,119366,가솔린,서울,110,https://fem.encar.com/cars/detail/41064896?advClickPosition=mweb_mhightlight_g63_t400&listAdvType=mhighlight&type=detail&view_type=checked,"엔카 기본정보 옵션정보 차량상태 보증현황 판매자 정보 딜러 셀프등록 로그인/회원가입 채팅 전체메뉴 열기 엔카진단 등록번호 41064896조회수 126찜 1 신고하기 프린트 공유하기 찜하기 이전이미지 다음이미지 1 / 20 사진 모두보기 YF 쏘나타Y20 프리미어최고급형 연식 09/12식 (10년형) 연형정보 주행거리 119,366km 연료 가솔린 차량번호 33모6545 자세히 엔카가 아래 사항을 모두 진단 하였습니다 툴팁 엔카진단 프레임무사고 확인 옵션 정보더보기 주요옵션 옵션 설명 보기 선루프 없음 헤드램프 (HID) 없음 주차감지센서 있음 후방카메라 있음 자동에어컨 있음 스마트키 있음 내비게이션 있음 열선시트 있음 통풍시트 없음 가죽시트 있음 30개 옵션 모두보기 이 차만의 옵션더보기 Intelligent DMB 네비게이션(음성 인식, 후방카메라, 후방 주차가이드 시스템 포함) 110만원 이 차를 추천하는 이유더보기 이제 어디든 부담없이 시동만 거세요 정품 네비게이션 탑재로 길찾기 고민할 필요없이 목적지만 정하시면 됩니다 후방카메라도 지원하니 주차까지 완벽한 주행이 되겠네요 차량 상태 엔카진단 엔카가 무사고 진단을 했어요 프레임 진단 정상 외부패널 진단 교환 엔카진단 자세히 보기 성능점검을 등록한 차량이에요 제시번호 : 2025021959 교환 1 판금 없음 부식 없음 성능기록부 자세히보기 차량이력 내차 피해 총 1,569,760원 (1회) 타차 가해 총 1,170,000원 (1회) 특이 사항 없음 차량이력 자세히 보기 보증 현황 제조사 보증제조사보증도움말 일반/차체 엔진/미션 엔카금융 1분만에 한도/금리 비교 다양한 금융사의 금리를 비교해보세요 방문없이 조회가 가능해요 신용점수에 영향이 없어요 1% 금리 우대받고 1시간안에 대출이 가능한 엔카금융플러스이용 가능 차량이에요. 금리 비교하기 판매자 정보 판매자정보사진 (주)나인모터스박성호매매 판매자 정보 판매중86판매완료384 울산 북구 종사원증번호 24-052-00090상사/조합정보 구매 가이드 허위매물 대처 압류 및 저당 처리 성능 상태 점검기록부 차량 금액 외 별도 수수료 차량 이전등록 차량 체크사항 알림등록 비슷한 조건의 동일한 모델이 신규매물로 등록되면 알려드릴까요? 알림등록 470만원 총비용계산기 보험료 계산 대출상품 조회 리스상품 조회 보험이력 2건 성능점검내역 일반/엔카직영 신차대비 -% 신차가격표 판매자 문의하기 중고차시세 팔린매물 동급매물 엔카 중고차론 금융사 비교하고 제휴 추가할인 금리 4.9% 부터~ 닫기 허위매물 단속 및 매매관련 분쟁 처리 등을 위해 050안심번호로문의하면 전화번호와 통화내용이 엔카에 자동 저장됩니다.050도움말 엔카는 등록 시스템만을 제공하며, 판매자가 직접 등록한 차량의 모든 책임은 판매자에게 있습니다. 신고하기 회사소개인재채용클린엔카지점안내엔카직영성능점검장안내매매지원이용약관고객센터디스플레이광고개인정보처리방침금융소비자보호원격지원서비스 네이버 블로그 인스타그램 유튜브 페이스북 패밀리사이트 O2O를 잇는 신뢰와 기술로 차량을 사고 파는 모습의 진화를 만듭니다 고객센터 : 1599-5455FAX : 02-754-8768대표메일 : trust@encar.com주소 : 서울특별시 중구 통일로2길 16, 18~19층(순화동) 사업자 등록번호 : 104-86-54476통신판매업신고 : 제2014-서울중구-0393호대표자 : 김상범Copyright © 엔카닷컴(주) 내 차를 최고가에 팔고, 믿고 사는 가장 좋은 방법. 엔카닷컴(주) 엔카닷컴(주)는 통신판매중개자로서 통신판매의 당사자가 아니며, 상품·거래정보, 거래에 대하여 책임을 지지 않습니다."
40989957,YF 쏘나타LPI 럭셔리(장애인용) 연식,10/11식,208056,LPG(일반인 구입),서울,260,https://fem.encar.com/cars/detail/40989957?advClickPosition=mweb_mhightlight_g64_t400&listAdvType=mhighlight&type=detail&view_type=normal,"엔카 기본정보 옵션정보 차량상태 보증현황 판매자 정보 딜러 셀프등록 로그인/회원가입 채팅 전체메뉴 등록번호 40989957조회수 784찜 12 신고하기 프린트 공유하기 찜하기 #양호#HOT#COOL 엔카 실촬영 이전이미지 다음이미지 1 / 20 사진 모두보기 YF 쏘나타LPI 럭셔리(장애인용) 연식 10/11식 (11년형) 연형정보 주행거리 208,056km 연료 LPG(일반인 구입) 차량번호 42고8129 자세히 옵션 정보더보기 주요옵션 옵션 설명 보기 선루프 없음 헤드램프 (HID) 없음 주차감지센서 있음 후방카메라 없음 자동에어컨 있음 스마트키 없음 내비게이션 있음 열선시트 있음 통풍시트 없음 가죽시트 없음 24개 옵션 모두보기 차량 상태 성능점검을 등록한 차량이에요 제시번호 : 2025654646 교환 2 판금 없음 부식 없음 성능기록부 자세히보기 차량이력 내차 피해 총 4,711,086원 (7회) 타차 가해 총 1,405,350원 (2회) 특이 사항 없음 차량이력 자세히 보기 보증 현황 제조사 보증제조사보증도움말 일반/차체 엔진/미션 엔카금융 1분만에 한도/금리 비교 다양한 금융사의 금리를 비교해보세요 방문없이 조회가 가능해요 신용점수에 영향이 없어요 금리 비교하기 판매자 정보 판매자정보사진 비에프오토갤러리전주현매매 판매자 정보 판매중15판매완료54 울산 북구 종사원증번호 US25-00002상사/조합정보 구매 가이드 허위매물 대처 압류 및 저당 처리 성능 상태 점검기록부 차량 금액 외 별도 수수료 차량 이전등록 차량 체크사항 알림등록 비슷한 조건의 동일한 모델이 신규매물로 등록되면 알려드릴까요? 알림등록 260만원 총비용계산기 보험료 계산 대출상품 조회 리스상품 조회 보험이력 9건 성능점검내역 일반/엔카직영 신차가격표 판매자 문의하기 중고차시세 팔린매물 동급매물 엔카 중고차론 금융사 비교하고 제휴 추가할인 금리 4.9% 부터~ 닫기 허위매물 단속 및 매매관련 분쟁 처리 등을 위해 050안심번호로문의하면 전화번호와 통화내용이 엔카에 자동 저장됩니다.050도움말 엔카는 등록 시스템만을 제공하며, 판매자가 직접 등록한 차량의 모든 책임은 판매자에게 있습니다. 신고하기 회사소개인재채용클린엔카지점안내엔카직영성능점검장안내매매지원이용약관고객센터디스플레이광고개인정보처리방침금융소비자보호원격지원서비스 네이버 블로그 인스타그램 유튜브 페이스북 패밀리사이트 O2O를 잇는 신뢰와 기술로 차량을 사고 파는 모습의 진화를 만듭니다 고객센터 : 1599-5455FAX : 02-754-8768대표메일 : trust@encar.com주소 : 서울특별시 중구 통일로2길 16, 18~19층(순화동) 사업자 등록번호 : 104-86-54476통신판매업신고 : 제2014-서울중구-0393호대표자 : 김상범Copyright © 엔카닷컴(주) 내 차를 최고가에 팔고, 믿고 사는 가장 좋은 방법. 엔카닷컴(주) 엔카닷컴(주)는 통신판매중개자로서 통신판매의 당사자가 아니며, 상품·거래정보, 거래에 대하여 책임을 지지 않습니다."
40385363,YF 쏘나타LPI 프리미어(장애인용) 연식,10/01식,254235,LPG(일반인 구입),서울,240,https://fem.encar.com/cars/detail/40385363?advClickPosition=mweb_mhightlight_g65_t400&listAdvType=mhighlight&type=detail&view_type=normal,"엔카 기본정보 옵션정보 차량상태 보증현황 판매자 정보 딜러 셀프등록 로그인/회원가입 채팅 전체메뉴 열기 등록번호 40385363조회수 137찜 2 신고하기 프린트 공유하기 찜하기 #양호#HOT#COOL 엔카 실촬영 이전이미지 다음이미지 1 / 20 사진 모두보기 YF 쏘나타LPI 프리미어(장애인용) 연식 10/01식 연형정보 주행거리 254,235km 연료 LPG(일반인 구입) 차량번호 43로9714 자세히 옵션 정보더보기 주요옵션 옵션 설명 보기 선루프 없음 헤드램프 (HID) 없음 주차감지센서 있음 후방카메라 없음 자동에어컨 있음 스마트키 있음 내비게이션 없음 열선시트 있음 통풍시트 없음 가죽시트 있음 21개 옵션 모두보기 차량 상태 차량이력 내차 피해 총 4,089,687원 (5회) 타차 가해 총 1,602,475원 (3회) 특이 사항 없음 차량이력 자세히 보기 보증 현황 제조사 보증제조사보증도움말 일반/차체 엔진/미션 엔카금융 1분만에 한도/금리 비교 다양한 금융사의 금리를 비교해보세요 방문없이 조회가 가능해요 신용점수에 영향이 없어요 금리 비교하기 판매자 정보 판매자정보사진 준Car전현준매매 판매자 정보 판매중23판매완료93 울산 북구 종사원증번호 106233321상사/조합정보 구매 가이드 허위매물 대처 압류 및 저당 처리 성능 상태 점검기록부 차량 금액 외 별도 수수료 차량 이전등록 차량 체크사항 알림등록 비슷한 조건의 동일한 모델이 신규매물로 등록되면 알려드릴까요? 알림등록 240만원 총비용계산기 보험료 계산 대출상품 조회 리스상품 조회 보험이력 8건 성능점검내역 미등록 신차가격표 판매자 문의하기 중고차시세 팔린매물 동급매물 엔카 중고차론 금융사 비교하고 제휴 추가할인 금리 4.9% 부터~ 닫기 허위매물 단속 및 매매관련 분쟁 처리 등을 위해 050안심번호로문의하면 전화번호와 통화내용이 엔카에 자동 저장됩니다.050도움말 엔카는 등록 시스템만을 제공하며, 판매자가 직접 등록한 차량의 모든 책임은 판매자에게 있습니다. 신고하기 회사소개인재채용클린엔카지점안내엔카직영성능점검장안내매매지원이용약관고객센터디스플레이광고개인정보처리방침금융소비자보호원격지원서비스 네이버 블로그 인스타그램 유튜브 페이스북 패밀리사이트 O2O를 잇는 신뢰와 기술로 차량을 사고 파는 모습의 진화를 만듭니다 고객센터 : 1599-5455FAX : 02-754-8768대표메일 : trust@encar.com주소 : 서울특별시 중구 통일로2길 16, 18~19층(순화동) 사업자 등록번호 : 104-86-54476통신판매업신고 : 제2014-서울중구-0393호대표자 : 김상범Copyright © 엔카닷컴(주) 내 차를 최고가에 팔고, 믿고 사는 가장 좋은 방법. 엔카닷컴(주) 엔카닷컴(주)는 통신판매중개자로서 통신판매의 당사자가 아니며, 상품·거래정보, 거래에 대하여 책임을 지지 않습니다."
41219562,YF 쏘나타LPI 탑 연식,10/03식,181337,LPG(일반인 구입),서울,369,https://fem.encar.com/cars/detail/41219562?advClickPosition=mweb_mhightlight_g66_t400&listAdvType=mhighlight&type=detail&view_type=normal,"엔카 기본정보 옵션정보 차량상태 보증현황 판매자 정보 딜러 셀프등록 로그인/회원가입 채팅 전체메뉴 열기 등록번호 41219562조회수 111찜 2 신고하기 프린트 공유하기 찜하기 #양호#HOT#COOL 엔카 실촬영 이전이미지 다음이미지 1 / 20 사진 모두보기 YF 쏘나타LPI 탑 연식 10/03식 연형정보 주행거리 181,337km 연료 LPG(일반인 구입) 차량번호 15오2924 자세히 옵션 정보더보기 주요옵션 옵션 설명 보기 선루프 있음 헤드램프 (HID) 없음 주차감지센서 있음 후방카메라 없음 자동에어컨 있음 스마트키 없음 내비게이션 있음 열선시트 있음 통풍시트 없음 가죽시트 있음 24개 옵션 모두보기 차량 상태 성능점검을 등록한 차량이에요 제시번호 : 2025057149 본 차량의 성능 점검 기록부는 판매자가 사진으로 등록했습니다. 성능기록부 자세히보기 차량이력 내차 피해 총 5,558,460원 (4회) 타차 가해 총 700,210원 (1회) 특이 사항 없음 차량이력 자세히 보기 보증 현황 제조사 보증제조사보증도움말 일반/차체 엔진/미션 엔카금융 1분만에 한도/금리 비교 다양한 금융사의 금리를 비교해보세요 방문없이 조회가 가능해요 신용점수에 영향이 없어요 금리 비교하기 판매자 정보 판매자정보사진 아크모터스김병문매매 판매자 정보 판매중30판매완료22 경북 영천시 금호로 461 종사원증번호 2505401076상사/조합정보 구매 가이드 허위매물 대처 압류 및 저당 처리 성능 상태 점검기록부 차량 금액 외 별도 수수료 차량 이전등록 차량 체크사항 알림등록 비슷한 조건의 동일한 모델이 신규매물로 등록되면 알려드릴까요? 알림등록 369만원 총비용계산기 보험료 계산 대출상품 조회 리스상품 조회 보험이력 5건 성능점검내역 일반/엔카직영 신차가격표 판매자 문의하기 중고차시세 팔린매물 동급매물 엔카 중고차론 금융사 비교하고 제휴 추가할인 금리 4.9% 부터~ 닫기 허위매물 단속 및 매매관련 분쟁 처리 등을 위해 050안심번호로문의하면 전화번호와 통화내용이 엔카에 자동 저장됩니다.050도움말 엔카는 등록 시스템만을 제공하며, 판매자가 직접 등록한 차량의 모든 책임은 판매자에게 있습니다. 신고하기 회사소개인재채용클린엔카지점안내엔카직영성능점검장안내매매지원이용약관고객센터디스플레이광고개인정보처리방침금융소비자보호원격지원서비스 네이버 블로그 인스타그램 유튜브 페이스북 패밀리사이트 O2O를 잇는 신뢰와 기술로 차량을 사고 파는 모습의 진화를 만듭니다 고객센터 : 1599-5455FAX : 02-754-8768대표메일 : trust@encar.com주소 : 서울특별시 중구 통일로2길 16, 18~19층(순화동) 사업자 등록번호 : 104-86-54476통신판매업신고 : 제2014-서울중구-0393호대표자 : 김상범Copyright © 엔카닷컴(주) 내 차를 최고가에 팔고, 믿고 사는 가장 좋은 방법. 엔카닷컴(주) 엔카닷컴(주)는 통신판매중개자로서 통신판매의 당사자가 아니며, 상품·거래정보, 거래에 대하여 책임을 지지 않습니다."
41571520,YF 쏘나타Y20 프리미어고급형 연식,09/10식,69782,가솔린,서울,160,https://fem.encar.com/cars/detail/41571520?advClickPosition=mweb_mhightlight_g67_t400&listAdvType=mhighlight&type=detail&view_type=normal,"엔카 기본정보 옵션정보 차량상태 보증현황 판매자 정보 딜러 셀프등록 로그인/회원가입 채팅 전체메뉴 열기 등록번호 41571520조회수 113찜 1 신고하기 프린트 공유하기 찜하기 #HOT#COOL#양호 엔카 실촬영 이전이미지 다음이미지 1 / 20 사진 모두보기 YF 쏘나타Y20 프리미어고급형 연식 09/10식 (10년형) 연형정보 주행거리 69,782km 연료 가솔린 차량번호 30고9140 자세히 옵션 정보더보기 주요옵션 옵션 설명 보기 선루프 없음 헤드램프 (HID) 없음 주차감지센서 있음 후방카메라 있음 자동에어컨 있음 스마트키 있음 내비게이션 있음 열선시트 있음 통풍시트 없음 가죽시트 있음 28개 옵션 모두보기 이 차만의 옵션더보기 Intelligent DMB 네비게이션(외장형 앰프, 써브 우퍼, 음성 인식, 후방카메라, 후방 주차 가이드 시스템 포함) 160만원 차량 상태 성능점검을 등록한 차량이에요 제시번호 : 202601049841 교환 7 판금 2 부식 없음 성능기록부 자세히보기 차량이력 내차 피해 총 6,913,994원 (5회) 타차 가해 총 4,499,500원 (6회) 특이 사항 없음 차량이력 자세히 보기 보증 현황 제조사 보증제조사보증도움말 일반/차체 엔진/미션 엔카금융 1분만에 한도/금리 비교 다양한 금융사의 금리를 비교해보세요 방문없이 조회가 가능해요 신용점수에 영향이 없어요 금리 비교하기 판매자 정보 판매자정보사진 주)대진자동차 대표조종계매매 판매자 정보 판매중23판매완료95 서울 강서구 양천로53길 30 종사원증번호 SN25-00203상사/조합정보 구매 가이드 허위매물 대처 압류 및 저당 처리 성능 상태 점검기록부 차량 금액 외 별도 수수료 차량 이전등록 차량 체크사항 알림등록 비슷한 조건의 동일한 모델이 신규매물로 등록되면 알려드릴까요? 알림등록 430만원 총비용계산기 보험료 계산 대출상품 조회 리스상품 조회 보험이력 11건 성능점검내역 일반/엔카직영 신차대비 16% 신차가격표 판매자 문의하기 중고차시세 팔린매물 동급매물 엔카 중고차론 금융사 비교하고 제휴 추가할인 금리 4.9% 부터~ 닫기 허위매물 단속 및 매매관련 분쟁 처리 등을 위해 050안심번호로문의하면 전화번호와 통화내용이 엔카에 자동 저장됩니다.050도움말 엔카는 등록 시스템만을 제공하며, 판매자가 직접 등록한 차량의 모든 책임은 판매자에게 있습니다. 신고하기 회사소개인재채용클린엔카지점안내엔카직영성능점검장안내매매지원이용약관고객센터디스플레이광고개인정보처리방침금융소비자보호원격지원서비스 네이버 블로그 인스타그램 유튜브 페이스북 패밀리사이트 O2O를 잇는 신뢰와 기술로 차량을 사고 파는 모습의 진화를 만듭니다 고객센터 : 1599-5455FAX : 02-754-8768대표메일 : trust@encar.com주소 : 서울특별시 중구 통일로2길 16, 18~19층(순화동) 사업자 등록번호 : 104-86-54476통신판매업신고 : 제2014-서울중구-0393호대표자 : 김상범Copyright © 엔카닷컴(주) 내 차를 최고가에 팔고, 믿고 사는 가장 좋은 방법. 엔카닷컴(주) 엔카닷컴(주)는 통신판매중개자로서 통신판매의 당사자가 아니며, 상품·거래정보, 거래에 대하여 책임을 지지 않습니다."
41620305,YF 쏘나타Y20 프리미어 연식,10/11식,114869,가솔린,서울,115,https://fem.encar.com/cars/detail/41620305?advClickPosition=mweb_mhightlight_g68_t400&listAdvType=mhighlight&type=detail&view_type=checked,"엔카 기본정보 옵션정보 차량상태 보증현황 판매자 정보 딜러 셀프등록 로그인/회원가입 채팅 전체메뉴 열기 엔카진단 등록번호 41620305조회수 37찜 2 신고하기 프린트 공유하기 찜하기 이전이미지 다음이미지 1 / 20 사진 모두보기 YF 쏘나타Y20 프리미어 연식 10/11식 (11년형) 연형정보 주행거리 114,869km 연료 가솔린 차량번호 54수2615 자세히 엔카가 아래 사항을 모두 진단 하였습니다 툴팁 엔카진단 프레임무사고 확인 옵션 정보더보기 주요옵션 옵션 설명 보기 선루프 있음 헤드램프 (HID) 없음 주차감지센서 있음 후방카메라 있음 자동에어컨 있음 스마트키 있음 내비게이션 있음 열선시트 있음 통풍시트 없음 가죽시트 있음 33개 옵션 모두보기 이 차만의 옵션더보기 3피스 타입 파노라마 썬루프(전동식 롤 블라인드) 115만원 Intelligent DMB 네비게이션(외장형 앰프, 서브 우퍼, 음성 인식, 후방카메라, 후방 주차 가이드 시스템 포함) 160만원 이 차를 추천하는 이유더보기 고가의 옵션인 정품 내비게이션과 파노라마 선루프가 추가되어 운행의 질을 높인 차량으로 적극 추천해 드리는 쏘나타에요! 차량 상태 엔카진단 엔카가 무사고 진단을 했어요 프레임 진단 정상 외부패널 진단 교환 엔카진단 자세히 보기 성능점검을 등록한 차량이에요 제시번호 : 9860016217 교환 2 판금 없음 부식 없음 성능기록부 자세히보기 차량이력 내차 피해 총 6,310,604원 (4회) 타차 가해 총 6,125,610원 (3회) 특이 사항 없음 차량이력 자세히 보기 보증 현황 제조사 보증제조사보증도움말 일반/차체 엔진/미션 엔카금융 1분만에 한도/금리 비교 다양한 금융사의 금리를 비교해보세요 방문없이 조회가 가능해요 신용점수에 영향이 없어요 금리 비교하기 판매자 정보 판매자정보사진 사과나무자동차김윤석매매 판매자 정보 판매중66판매완료573 경기 부천시 종사원증번호 GG21-01289상사/조합정보 구매 가이드 허위매물 대처 압류 및 저당 처리 성능 상태 점검기록부 차량 금액 외 별도 수수료 차량 이전등록 차량 체크사항 알림등록 비슷한 조건의 동일한 모델이 신규매물로 등록되면 알려드릴까요? 알림등록 320만원 총비용계산기 보험료 계산 대출상품 조회 리스상품 조회 보험이력 7건 성능점검내역 일반/엔카직영 신차대비 -% 신차가격표 판매자 문의하기 중고차시세 팔린매물 동급매물 엔카 중고차론 금융사 비교하고 제휴 추가할인 금리 4.9% 부터~ 닫기 허위매물 단속 및 매매관련 분쟁 처리 등을 위해 050안심번호로문의하면 전화번호와 통화내용이 엔카에 자동 저장됩니다.050도움말 엔카는 등록 시스템만을 제공하며, 판매자가 직접 등록한 차량의 모든 책임은 판매자에게 있습니다. 신고하기 회사소개인재채용클린엔카지점안내엔카직영성능점검장안내매매지원이용약관고객센터디스플레이광고개인정보처리방침금융소비자보호원격지원서비스 네이버 블로그 인스타그램 유튜브 페이스북 패밀리사이트 O2O를 잇는 신뢰와 기술로 차량을 사고 파는 모습의 진화를 만듭니다 고객센터 : 1599-5455FAX : 02-754-8768대표메일 : trust@encar.com주소 : 서울특별시 중구 통일로2길 16, 18~19층(순화동) 사업자 등록번호 : 104-86-54476통신판매업신고 : 제2014-서울중구-0393호대표자 : 김상범Copyright © 엔카닷컴(주) 내 차를 최고가에 팔고, 믿고 사는 가장 좋은 방법. 엔카닷컴(주) 엔카닷컴(주)는 통신판매중개자로서 통신판매의 당사자가 아니며, 상품·거래정보, 거래에 대하여 책임을 지지 않습니다."
41466756,YF 쏘나타Y20 럭셔리 연식,12/01식,150818,가솔린,서울,370,https://fem.encar.com/cars/detail/41466756?advClickPosition=mweb_mhightlight_g69_t400&listAdvType=mhighlight&type=detail&view_type=checked,"엔카 기본정보 옵션정보 차량상태 보증현황 판매자 정보 딜러 셀프등록 로그인/회원가입 채팅 전체메뉴 열기 엔카진단 등록번호 41466756조회수 219찜 9 신고하기 프린트 공유하기 찜하기 차 상태 좋습니다 탁송 거래 가능합니다 이전이미지 다음이미지 1 / 20 사진 모두보기 YF 쏘나타Y20 럭셔리 연식 12/01식 연형정보 주행거리 150,818km 연료 가솔린 차량번호 41서5886 자세히 엔카가 아래 사항을 모두 진단 하였습니다 툴팁 엔카진단 프레임무사고 확인 옵션 정보더보기 주요옵션 옵션 설명 보기 선루프 없음 헤드램프 (HID) 없음 주차감지센서 있음 후방카메라 있음 자동에어컨 있음 스마트키 있음 내비게이션 있음 열선시트 있음 통풍시트 없음 가죽시트 있음 30개 옵션 모두보기 이 차를 추천하는 이유더보기 많은 판매량으로 꾸준히 보이는 차량은 다 이유가 있겠죠! 가성비있는 금액대로 만나볼 수 있겠으며, 총 2개의 스마트키 보유 및 사제 네비 장착으로 편의성까지 갖췄어요! 차량 상태 엔카진단 엔카가 무사고 진단을 했어요 프레임 진단 정상 외부패널 진단 정상 엔카진단 자세히 보기 성능점검을 등록한 차량이에요 제시번호 : 2606800673 교환 없음 판금 없음 부식 없음 성능기록부 자세히보기 차량이력 내차 피해 없음 타차 가해 총 664,959원 (1회) 특이 사항 없음 차량이력 자세히 보기 보증 현황 제조사 보증제조사보증도움말 일반/차체 엔진/미션 엔카금융 1분만에 한도/금리 비교 다양한 금융사의 금리를 비교해보세요 방문없이 조회가 가능해요 신용점수에 영향이 없어요 금리 비교하기 판매자 정보 판매자정보사진 서청주자동차매매상사강희창매매 판매자 정보 판매중22판매완료217 충북 청주시 청원구 공항로256번길 6 종사원증번호 CB18-00547상사/조합정보 구매 가이드 허위매물 대처 압류 및 저당 처리 성능 상태 점검기록부 차량 금액 외 별도 수수료 차량 이전등록 차량 체크사항 알림등록 비슷한 조건의 동일한 모델이 신규매물로 등록되면 알려드릴까요? 알림등록 370만원 총비용계산기 보험료 계산 대출상품 조회 리스상품 조회 보험이력 1건 성능점검내역 일반/엔카직영 신차대비 -% 신차가격표 판매자 문의하기 중고차시세 팔린매물 동급매물 엔카 중고차론 금융사 비교하고 제휴 추가할인 금리 4.9% 부터~ 닫기 허위매물 단속 및 매매관련 분쟁 처리 등을 위해 050안심번호로문의하면 전화번호와 통화내용이 엔카에 자동 저장됩니다.050도움말 엔카는 등록 시스템만을 제공하며, 판매자가 직접 등록한 차량의 모든 책임은 판매자에게 있습니다. 신고하기 회사소개인재채용클린엔카지점안내엔카직영성능점검장안내매매지원이용약관고객센터디스플레이광고개인정보처리방침금융소비자보호원격지원서비스 네이버 블로그 인스타그램 유튜브 페이스북 패밀리사이트 O2O를 잇는 신뢰와 기술로 차량을 사고 파는 모습의 진화를 만듭니다 고객센터 : 1599-5455FAX : 02-754-8768대표메일 : trust@encar.com주소 : 서울특별시 중구 통일로2길 16, 18~19층(순화동) 사업자 등록번호 : 104-86-54476통신판매업신고 : 제2014-서울중구-0393호대표자 : 김상범Copyright © 엔카닷컴(주) 내 차를 최고가에 팔고, 믿고 사는 가장 좋은 방법. 엔카닷컴(주) 엔카닷컴(주)는 통신판매중개자로서 통신판매의 당사자가 아니며, 상품·거래정보, 거래에 대하여 책임을 지지 않습니다."
41504602,YF 쏘나타CVVL 그랜드 연식,12/04식,123739,가솔린,서울,170,https://fem.encar.com/cars/detail/41504602?advClickPosition=mweb_mhightlight_g70_t400&listAdvType=mhighlight&type=detail&view_type=checked,"엔카 기본정보 옵션정보 차량상태 보증현황 판매자 정보 딜러 셀프등록 로그인/회원가입 채팅 전체메뉴 열기 엔카진단 등록번호 41504602조회수 376찜 11 신고하기 프린트 공유하기 찜하기 탁송 거래가능합니다 누유 부식없습니다 이전이미지 다음이미지 1 / 20 사진 모두보기 YF 쏘나타CVVL 그랜드 연식 12/04식 연형정보 주행거리 123,739km 연료 가솔린 차량번호 61머3240 자세히 엔카가 아래 사항을 모두 진단 하였습니다 툴팁 엔카진단 프레임무사고 확인 옵션 정보더보기 주요옵션 옵션 설명 보기 선루프 없음 헤드램프 (HID) 없음 주차감지센서 있음 후방카메라 있음 자동에어컨 없음 스마트키 없음 내비게이션 있음 열선시트 있음 통풍시트 없음 가죽시트 없음 20개 옵션 모두보기 이 차만의 옵션더보기 H-MATIC 6단 자동변속기(인조가죽 부츠적용 스트레이트 타입) + 풋 파킹 브레이크 + 액티브 에코 시스템 + 후석 에어벤트 170만원 이 차를 추천하는 이유더보기 꾸준한 인기로 지금도 흔히 볼 수 있는 YF 쏘나타입니다! 가죽시트 시공으로 실내분위기를 좀 더 아늑하게 연출해주며, 사제 네비게이션 장착으로 초행길도 걱정없겠어요! 차량 상태 엔카진단 엔카가 무사고 진단을 했어요 프레임 진단 정상 외부패널 진단 정상 엔카진단 자세히 보기 성능점검을 등록한 차량이에요 제시번호 : 2606800809 교환 없음 판금 1 부식 없음 성능기록부 자세히보기 차량이력 내차 피해 총 2,064,968원 (5회) 타차 가해 총 2,949,264원 (3회) 특이 사항 없음 차량이력 자세히 보기 보증 현황 제조사 보증제조사보증도움말 일반/차체 엔진/미션 엔카금융 1분만에 한도/금리 비교 다양한 금융사의 금리를 비교해보세요 방문없이 조회가 가능해요 신용점수에 영향이 없어요 금리 비교하기 판매자 정보 판매자정보사진 서청주자동차매매상사강희창매매 판매자 정보 판매중22판매완료217 충북 청주시 청원구 공항로256번길 6 종사원증번호 CB18-00547상사/조합정보 구매 가이드 허위매물 대처 압류 및 저당 처리 성능 상태 점검기록부 차량 금액 외 별도 수수료 차량 이전등록 차량 체크사항 알림등록 비슷한 조건의 동일한 모델이 신규매물로 등록되면 알려드릴까요? 알림등록 359만원 총비용계산기 보험료 계산 대출상품 조회 리스상품 조회 보험이력 8건 성능점검내역 일반/엔카직영 신차대비 -% 신차가격표 판매자 문의하기 중고차시세 팔린매물 동급매물 엔카 중고차론 금융사 비교하고 제휴 추가할인 금리 4.9% 부터~ 닫기 허위매물 단속 및 매매관련 분쟁 처리 등을 위해 050안심번호로문의하면 전화번호와 통화내용이 엔카에 자동 저장됩니다.050도움말 엔카는 등록 시스템만을 제공하며, 판매자가 직접 등록한 차량의 모든 책임은 판매자에게 있습니다. 신고하기 회사소개인재채용클린엔카지점안내엔카직영성능점검장안내매매지원이용약관고객센터디스플레이광고개인정보처리방침금융소비자보호원격지원서비스 네이버 블로그 인스타그램 유튜브 페이스북 패밀리사이트 O2O를 잇는 신뢰와 기술로 차량을 사고 파는 모습의 진화를 만듭니다 고객센터 : 1599-5455FAX : 02-754-8768대표메일 : trust@encar.com주소 : 서울특별시 중구 통일로2길 16, 18~19층(순화동) 사업자 등록번호 : 104-86-54476통신판매업신고 : 제2014-서울중구-0393호대표자 : 김상범Copyright © 엔카닷컴(주) 내 차를 최고가에 팔고, 믿고 사는 가장 좋은 방법. 엔카닷컴(주) 엔카닷컴(주)는 통신판매중개자로서 통신판매의 당사자가 아니며, 상품·거래정보, 거래에 대하여 책임을 지지 않습니다."
40881417,YF 쏘나타LPI 탑 연식,11/08식,226228,LPG(일반인 구입),서울,320,https://fem.encar.com/cars/detail/40881417?advClickPosition=mweb_mhightlight_g71_t400&listAdvType=mhighlight&type=detail&view_type=checked,"엔카 기본정보 옵션정보 차량상태 보증현황 판매자 정보 딜러 셀프등록 로그인/회원가입 채팅 전체메뉴 열기 엔카진단 등록번호 40881417조회수 41찜 0 신고하기 프린트 공유하기 찜하기 이전이미지 다음이미지 1 / 20 사진 모두보기 YF 쏘나타LPI 탑 연식 11/08식 (12년형) 연형정보 주행거리 226,228km 연료 LPG(일반인 구입) 차량번호 46구9382 자세히 엔카가 아래 사항을 모두 진단 하였습니다 툴팁 엔카진단 프레임무사고 확인 옵션 정보더보기 주요옵션 옵션 설명 보기 선루프 없음 헤드램프 (HID) 없음 주차감지센서 있음 후방카메라 있음 자동에어컨 있음 스마트키 있음 내비게이션 있음 열선시트 있음 통풍시트 없음 가죽시트 있음 25개 옵션 모두보기 이 차를 추천하는 이유더보기 애프터마켓 내비 및 후방카메라 시공으로 주행 편의는 물론 앞좌석 열선시트가 장착되어 추운 겨울철에 운전자에게 따뜻함을 제공하는 차량입니다. 차량 상태 엔카진단 엔카가 무사고 진단을 했어요 프레임 진단 정상 외부패널 진단 교환 엔카진단 자세히 보기 성능점검을 등록한 차량이에요 제시번호 : 202278607 교환 3 판금 없음 부식 없음 성능기록부 자세히보기 차량이력 내차 피해 총 6,284,153원 (6회) 타차 가해 없음 특이 사항 렌트 이력 차량이력 자세히 보기 보증 현황 제조사 보증제조사보증도움말 일반/차체 엔진/미션 엔카금융 1분만에 한도/금리 비교 다양한 금융사의 금리를 비교해보세요 방문없이 조회가 가능해요 신용점수에 영향이 없어요 금리 비교하기 판매자 정보 판매자정보사진 제이케이 자동차박지안매매 판매자 정보 판매중5판매완료39 광주 서구 매월1로62번길 24 종사원증번호 2506200086상사/조합정보 구매 가이드 허위매물 대처 압류 및 저당 처리 성능 상태 점검기록부 차량 금액 외 별도 수수료 차량 이전등록 차량 체크사항 알림등록 비슷한 조건의 동일한 모델이 신규매물로 등록되면 알려드릴까요? 알림등록 320만원 총비용계산기 보험료 계산 대출상품 조회 리스상품 조회 보험이력 6건 성능점검내역 일반/엔카직영 신차가격표 판매자 문의하기 중고차시세 팔린매물 동급매물 엔카 중고차론 금융사 비교하고 제휴 추가할인 금리 4.9% 부터~ 닫기 허위매물 단속 및 매매관련 분쟁 처리 등을 위해 050안심번호로문의하면 전화번호와 통화내용이 엔카에 자동 저장됩니다.050도움말 엔카는 등록 시스템만을 제공하며, 판매자가 직접 등록한 차량의 모든 책임은 판매자에게 있습니다. 신고하기 회사소개인재채용클린엔카지점안내엔카직영성능점검장안내매매지원이용약관고객센터디스플레이광고개인정보처리방침금융소비자보호원격지원서비스 네이버 블로그 인스타그램 유튜브 페이스북 패밀리사이트 O2O를 잇는 신뢰와 기술로 차량을 사고 파는 모습의 진화를 만듭니다 고객센터 : 1599-5455FAX : 02-754-8768대표메일 : trust@encar.com주소 : 서울특별시 중구 통일로2길 16, 18~19층(순화동) 사업자 등록번호 : 104-86-54476통신판매업신고 : 제2014-서울중구-0393호대표자 : 김상범Copyright © 엔카닷컴(주) 내 차를 최고가에 팔고, 믿고 사는 가장 좋은 방법. 엔카닷컴(주) 엔카닷컴(주)는 통신판매중개자로서 통신판매의 당사자가 아니며, 상품·거래정보, 거래에 대하여 책임을 지지 않습니다."
41465267,YF 쏘나타Y20 탑와인스페셜 연식,10/09식,92398,가솔린,서울,8,https://fem.encar.com/cars/detail/41465267?advClickPosition=mweb_mhightlight_g72_t400&listAdvType=mhighlight&type=detail&view_type=normal,"엔카 기본정보 옵션정보 차량상태 보증현황 판매자 정보 딜러 셀프등록 로그인/회원가입 채팅 전체메뉴 열기 등록번호 41465267조회수 349찜 7 신고하기 프린트 공유하기 찜하기 #HOT#COOL#양호 엔카 실촬영 이전이미지 다음이미지 1 / 20 사진 모두보기 YF 쏘나타Y20 탑와인스페셜 연식 10/09식 (11년형) 연형정보 주행거리 92,398km 연료 가솔린 차량번호 57로8093 자세히 옵션 정보더보기 주요옵션 옵션 설명 보기 선루프 있음 헤드램프 (HID) 없음 주차감지센서 있음 후방카메라 있음 자동에어컨 있음 스마트키 있음 내비게이션 있음 열선시트 있음 통풍시트 있음 가죽시트 있음 38개 옵션 모두보기 이 차만의 옵션더보기 화이트 크리스탈(WHC) 외장컬러 8만원 스포티 패키지선택옵션설명 자세히보기 45만원 3피스 타입 파노라마 썬루프(전동식 롤 블라인드) 115만원 모젠 프리미엄 WIDE 내비게이션(외장형 앰프, 서브우퍼, 음성인식, 후방카메라, 후방 주차 가이드 시스템 포함) 220만원 차량 상태 성능점검을 등록한 차량이에요 제시번호 : 2026005615 교환 1 판금 1 부식 없음 성능기록부 자세히보기 차량이력 내차 피해 총 2,249,780원 (1회) 타차 가해 없음 특이 사항 없음 차량이력 자세히 보기 보증 현황 제조사 보증제조사보증도움말 일반/차체 엔진/미션 엔카금융 1분만에 한도/금리 비교 다양한 금융사의 금리를 비교해보세요 방문없이 조회가 가능해요 신용점수에 영향이 없어요 금리 비교하기 판매자 정보 판매자정보사진 (주)에이엠지모터스김윤태매매 판매자 정보 판매중24판매완료19 인천 서구 염곡로 52 종사원증번호 IM23-00308상사/조합정보 구매 가이드 허위매물 대처 압류 및 저당 처리 성능 상태 점검기록부 차량 금액 외 별도 수수료 차량 이전등록 차량 체크사항 알림등록 비슷한 조건의 동일한 모델이 신규매물로 등록되면 알려드릴까요? 알림등록 450만원 총비용계산기 보험료 계산 대출상품 조회 리스상품 조회 보험이력 1건 성능점검내역 일반/엔카직영 신차대비 14% 신차가격표 판매자 문의하기 중고차시세 팔린매물 동급매물 엔카 중고차론 금융사 비교하고 제휴 추가할인 금리 4.9% 부터~ 닫기 허위매물 단속 및 매매관련 분쟁 처리 등을 위해 050안심번호로문의하면 전화번호와 통화내용이 엔카에 자동 저장됩니다.050도움말 엔카는 등록 시스템만을 제공하며, 판매자가 직접 등록한 차량의 모든 책임은 판매자에게 있습니다. 신고하기 회사소개인재채용클린엔카지점안내엔카직영성능점검장안내매매지원이용약관고객센터디스플레이광고개인정보처리방침금융소비자보호원격지원서비스 네이버 블로그 인스타그램 유튜브 페이스북 패밀리사이트 O2O를 잇는 신뢰와 기술로 차량을 사고 파는 모습의 진화를 만듭니다 고객센터 : 1599-5455FAX : 02-754-8768대표메일 : trust@encar.com주소 : 서울특별시 중구 통일로2길 16, 18~19층(순화동) 사업자 등록번호 : 104-86-54476통신판매업신고 : 제2014-서울중구-0393호대표자 : 김상범Copyright © 엔카닷컴(주) 내 차를 최고가에 팔고, 믿고 사는 가장 좋은 방법. 엔카닷컴(주) 엔카닷컴(주)는 통신판매중개자로서 통신판매의 당사자가 아니며, 상품·거래정보, 거래에 대하여 책임을 지지 않습니다."
41352503,YF 쏘나타LPI 프리미어(장애인용) 연식,09/11식,136374,LPG(일반인 구입),서울,350,https://fem.encar.com/cars/detail/41352503?advClickPosition=mweb_mhightlight_g73_t400&listAdvType=mhighlight&type=detail&view_type=normal,"엔카 기본정보 옵션정보 차량상태 보증현황 판매자 정보 딜러 셀프등록 로그인/회원가입 채팅 전체메뉴 열기 등록번호 41352503조회수 424찜 4 신고하기 프린트 공유하기 찜하기 #HOT#COOL#양호 엔카 실촬영 이전이미지 다음이미지 1 / 20 사진 모두보기 YF 쏘나타LPI 프리미어(장애인용) 연식 09/11식 (10년형) 연형정보 주행거리 136,374km 연료 LPG(일반인 구입) 차량번호 62머0575 자세히 옵션 정보더보기 주요옵션 옵션 설명 보기 선루프 없음 헤드램프 (HID) 없음 주차감지센서 있음 후방카메라 없음 자동에어컨 있음 스마트키 있음 내비게이션 있음 열선시트 있음 통풍시트 없음 가죽시트 있음 24개 옵션 모두보기 차량 상태 성능점검을 등록한 차량이에요 제시번호 : 2025116758 교환 2 판금 1 부식 없음 성능기록부 자세히보기 차량이력 내차 피해 총 3,381,586원 (6회) 타차 가해 총 11,517,772원 (6회) 특이 사항 없음 차량이력 자세히 보기 보증 현황 제조사 보증제조사보증도움말 일반/차체 엔진/미션 엔카금융 1분만에 한도/금리 비교 다양한 금융사의 금리를 비교해보세요 방문없이 조회가 가능해요 신용점수에 영향이 없어요 금리 비교하기 판매자 정보 판매자정보사진 드림카마켓정의택매매 판매자 정보 판매중75판매완료549 광주 서구 종사원증번호 16-062-00057상사/조합정보 구매 가이드 허위매물 대처 압류 및 저당 처리 성능 상태 점검기록부 차량 금액 외 별도 수수료 차량 이전등록 차량 체크사항 알림등록 비슷한 조건의 동일한 모델이 신규매물로 등록되면 알려드릴까요? 알림등록 350만원 총비용계산기 보험료 계산 대출상품 조회 리스상품 조회 보험이력 12건 성능점검내역 일반/엔카직영 신차가격표 판매자 문의하기 중고차시세 팔린매물 동급매물 엔카 중고차론 금융사 비교하고 제휴 추가할인 금리 4.9% 부터~ 닫기 허위매물 단속 및 매매관련 분쟁 처리 등을 위해 050안심번호로문의하면 전화번호와 통화내용이 엔카에 자동 저장됩니다.050도움말 엔카는 등록 시스템만을 제공하며, 판매자가 직접 등록한 차량의 모든 책임은 판매자에게 있습니다. 신고하기 회사소개인재채용클린엔카지점안내엔카직영성능점검장안내매매지원이용약관고객센터디스플레이광고개인정보처리방침금융소비자보호원격지원서비스 네이버 블로그 인스타그램 유튜브 페이스북 패밀리사이트 O2O를 잇는 신뢰와 기술로 차량을 사고 파는 모습의 진화를 만듭니다 고객센터 : 1599-5455FAX : 02-754-8768대표메일 : trust@encar.com주소 : 서울특별시 중구 통일로2길 16, 18~19층(순화동) 사업자 등록번호 : 104-86-54476통신판매업신고 : 제2014-서울중구-0393호대표자 : 김상범Copyright © 엔카닷컴(주) 내 차를 최고가에 팔고, 믿고 사는 가장 좋은 방법. 엔카닷컴(주) 엔카닷컴(주)는 통신판매중개자로서 통신판매의 당사자가 아니며, 상품·거래정보, 거래에 대하여 책임을 지지 않습니다."
41423024,YF 쏘나타Y20 프리미어고급형 연식,09/11식,83550,가솔린,서울,25,https://fem.encar.com/cars/detail/41423024?advClickPosition=mweb_mhightlight_g74_t400&listAdvType=mhighlight&type=detail&view_type=normal,"엔카 기본정보 옵션정보 차량상태 보증현황 판매자 정보 딜러 셀프등록 로그인/회원가입 채팅 전체메뉴 열기 등록번호 41423024조회수 260찜 3 신고하기 프린트 공유하기 찜하기 #HOT#COOL#양호 엔카 실촬영 이전이미지 다음이미지 1 / 20 사진 모두보기 YF 쏘나타Y20 프리미어고급형 연식 09/11식 (10년형) 연형정보 주행거리 83,550km 연료 가솔린 차량번호 25누3239 자세히 옵션 정보더보기 주요옵션 옵션 설명 보기 선루프 없음 헤드램프 (HID) 없음 주차감지센서 있음 후방카메라 있음 자동에어컨 있음 스마트키 있음 내비게이션 없음 열선시트 있음 통풍시트 없음 가죽시트 있음 28개 옵션 모두보기 이 차만의 옵션더보기 하이패스 시스템(ECM 룸미러 포함) 25만원 Intelligent DMB 네비게이션(외장형 앰프, 써브 우퍼, 음성 인식, 후방카메라, 후방 주차 가이드 시스템 포함) 160만원 차량 상태 성능점검을 등록한 차량이에요 제시번호 : 2604900410 교환 없음 판금 1 부식 없음 성능기록부 자세히보기 차량이력 내차 피해 총 4,686,436원 (7회) 타차 가해 총 1,221,920원 (1회) 특이 사항 없음 차량이력 자세히 보기 보증 현황 제조사 보증제조사보증도움말 일반/차체 엔진/미션 엔카금융 1분만에 한도/금리 비교 다양한 금융사의 금리를 비교해보세요 방문없이 조회가 가능해요 신용점수에 영향이 없어요 금리 비교하기 판매자 정보 판매자정보사진 (유)홍길동상사김선희매매 판매자 정보 판매중18판매완료80 광주 서구 종사원증번호 1006200738상사/조합정보 구매 가이드 허위매물 대처 압류 및 저당 처리 성능 상태 점검기록부 차량 금액 외 별도 수수료 차량 이전등록 차량 체크사항 알림등록 비슷한 조건의 동일한 모델이 신규매물로 등록되면 알려드릴까요? 알림등록 450만원 총비용계산기 보험료 계산 대출상품 조회 리스상품 조회 보험이력 8건 성능점검내역 일반/엔카직영 신차대비 16% 신차가격표 판매자 문의하기 중고차시세 팔린매물 동급매물 엔카 중고차론 금융사 비교하고 제휴 추가할인 금리 4.9% 부터~ 닫기 허위매물 단속 및 매매관련 분쟁 처리 등을 위해 050안심번호로문의하면 전화번호와 통화내용이 엔카에 자동 저장됩니다.050도움말 엔카는 등록 시스템만을 제공하며, 판매자가 직접 등록한 차량의 모든 책임은 판매자에게 있습니다. 신고하기 회사소개인재채용클린엔카지점안내엔카직영성능점검장안내매매지원이용약관고객센터디스플레이광고개인정보처리방침금융소비자보호원격지원서비스 네이버 블로그 인스타그램 유튜브 페이스북 패밀리사이트 O2O를 잇는 신뢰와 기술로 차량을 사고 파는 모습의 진화를 만듭니다 고객센터 : 1599-5455FAX : 02-754-8768대표메일 : trust@encar.com주소 : 서울특별시 중구 통일로2길 16, 18~19층(순화동) 사업자 등록번호 : 104-86-54476통신판매업신고 : 제2014-서울중구-0393호대표자 : 김상범Copyright © 엔카닷컴(주) 내 차를 최고가에 팔고, 믿고 사는 가장 좋은 방법. 엔카닷컴(주) 엔카닷컴(주)는 통신판매중개자로서 통신판매의 당사자가 아니며, 상품·거래정보, 거래에 대하여 책임을 지지 않습니다."
41298166,YF 쏘나타Y20 프리미어 연식,12/01식,136509,가솔린,서울,8,https://fem.encar.com/cars/detail/41298166?advClickPosition=mweb_mhightlight_g75_t400&listAdvType=mhighlight&type=detail&view_type=hs_ad,"엔카 기본정보 옵션정보 차량상태 보증현황 엔카서비스 딜러 셀프등록 로그인/회원가입 채팅 전체메뉴 열기 엔카진단+ 엔카믿고 등록번호 41288981조회수 34찜 20 신고하기 프린트 공유하기 찜하기 이전이미지 다음이미지 1 / 20 사진 모두보기 YF 쏘나타Y20 프리미어 연식 12/01식 연형정보 주행거리 136,509km 연료 가솔린 차량번호 59거7110 자세히 엔카가 아래 사항을 모두 진단 하였습니다 툴팁 엔카진단+ 프레임무사고 확인 내외부차량 관리 상태 확인 엔카를 통한 구매는 환불을 보장합니다 엔카믿고 차량확인 시원하는 곳으로 배송 구매 시7일간 타보고 환불가능 옵션 정보더보기 주요옵션 옵션 설명 보기 선루프 없음 헤드램프 (HID) 없음 주차감지센서 있음 후방카메라 있음 자동에어컨 있음 스마트키 있음 내비게이션 있음 열선시트 있음 통풍시트 없음 가죽시트 있음 32개 옵션 모두보기 이 차만의 옵션더보기 화이트 크리스탈(WHC) 외장컬러 8만원 Intelligent DMB 네비게이션(외장형 앰프, 서브 우퍼, 음성 인식, 후방카메라, 후방주차가이드 시스템 포함) 160만원 이 차를 추천하는 이유더보기 고속도로 주행중 위험 구간중 하나인 톨게이트에서 보다 안전하고 편안한 드라이빙을 도와주는 하이패스가 장착 되어 있는 차량입니다. 실물로 만나보세요 차량 상태 엔카진단+ 엔카가 무사고 진단을 했어요 프레임 진단 정상 외부패널 진단 정상 엔카진단 자세히 보기 엔카가 차량상태를 확인했어요 더보기 외관 스크래치, 등화장치, 타이어 상태, 실내 냄새까지 엔카 진단센터에서 직접 확인했어요. 차량 키 개수 1개 틴팅(앞 유리) 있음 타이어트레드 잔량 (앞) 툴팁 5mm 타이어트레드 잔량 (뒤) 툴팁 6mm 더보기 차량관리상태 모두보기 성능점검을 등록한 차량이에요 제시번호 : 20253158641561 교환 없음 판금 없음 부식 없음 성능기록부 자세히보기 차량이력 내차 피해 총 344,436원 (1회) 타차 가해 없음 특이 사항 없음 차량이력 자세히 보기 보증 현황 제조사 보증제조사보증도움말 일반/차체 엔진/미션 엔카보증 성능보험보험사제공성능보험도움말 30일/2,000km 약 60개 부품 보증 (법적 의무 가입대상) 엔카종합보증엔카제공엔카종합보증도움말 ~180일/10,000km 약 160개 부품 보증, 가입 시 보상한도 내 무제한 보증 수리 엔카를 통해 구매하기 엔카믿고 제공혜택 차량확인 시원하는 곳으로 배송 구매 시7일간 타보고 환불가능 집앞으로 배송받기 엔카 전담 상담원 엔카 매니저 고객님과 꼼꼼히 상담 후 배송해드린 차량을 7일간 타보세요. 대출 상담부터 스크래치 확인까지 1:1로 엔카매니저가 모두 도와드리는 서비스 입니다. 판매자 정보 엔카금융 1분만에 한도/금리 비교 다양한 금융사의 금리를 비교해보세요 방문없이 조회가 가능해요 신용점수에 영향이 없어요 금리 비교하기 구매 가이드 허위매물 대처 압류 및 저당 처리 성능 상태 점검기록부 차량 금액 외 별도 수수료 차량 이전등록 차량 체크사항 알림등록 비슷한 조건의 동일한 모델이 신규매물로 등록되면 알려드릴까요? 알림등록 480만원 총비용계산기 보험료 계산 대출상품 조회 리스상품 조회 보험이력 1건 성능점검내역 일반/엔카직영 신차대비 -% 신차가격표 문의하기 엔카를 통해 구매하기 중고차시세 팔린매물 동급매물 엔카 중고차론 금융사 비교하고 제휴 추가할인 금리 4.9% 부터~ 닫기 허위매물 단속 및 매매관련 분쟁 처리 등을 위해 050안심번호로문의하면 전화번호와 통화내용이 엔카에 자동 저장됩니다.050도움말 회사소개인재채용클린엔카지점안내엔카직영성능점검장안내매매지원이용약관고객센터디스플레이광고개인정보처리방침금융소비자보호원격지원서비스 네이버 블로그 인스타그램 유튜브 페이스북 패밀리사이트 O2O를 잇는 신뢰와 기술로 차량을 사고 파는 모습의 진화를 만듭니다 고객센터 : 1599-5455FAX : 02-754-8768대표메일 : trust@encar.com주소 : 서울특별시 중구 통일로2길 16, 18~19층(순화동) 사업자 등록번호 : 104-86-54476통신판매업신고 : 제2014-서울중구-0393호대표자 : 김상범Copyright © 엔카닷컴(주) 내 차를 최고가에 팔고, 믿고 사는 가장 좋은 방법. 엔카닷컴(주) 엔카닷컴(주)는 통신판매중개자로서 통신판매의 당사자가 아니며, 상품·거래정보, 거래에 대하여 책임을 지지 않습니다."
41288981,YF 쏘나타Y20 프리미어 연식,12/01식,136509,가솔린,서울,8,https://fem.encar.com/cars/detail/41288981?advClickPosition=mweb_mhightlight_g76_t400&listAdvType=mhighlight&type=detail&view_type=checked,"엔카 기본정보 옵션정보 차량상태 보증현황 판매자 정보 딜러 셀프등록 로그인/회원가입 채팅 전체메뉴 열기 엔카진단+ 등록번호 41288981조회수 35찜 0 신고하기 프린트 공유하기 찜하기 이전이미지 다음이미지 1 / 20 사진 모두보기 YF 쏘나타Y20 프리미어 연식 12/01식 연형정보 주행거리 136,509km 연료 가솔린 차량번호 59거7110 자세히 엔카가 아래 사항을 모두 진단 하였습니다 툴팁 엔카진단+ 프레임무사고 확인 내외부차량 관리 상태 확인 옵션 정보더보기 주요옵션 옵션 설명 보기 선루프 없음 헤드램프 (HID) 없음 주차감지센서 있음 후방카메라 있음 자동에어컨 있음 스마트키 있음 내비게이션 있음 열선시트 있음 통풍시트 없음 가죽시트 있음 32개 옵션 모두보기 이 차만의 옵션더보기 화이트 크리스탈(WHC) 외장컬러 8만원 Intelligent DMB 네비게이션(외장형 앰프, 서브 우퍼, 음성 인식, 후방카메라, 후방주차가이드 시스템 포함) 160만원 이 차를 추천하는 이유더보기 고속도로 주행중 위험 구간중 하나인 톨게이트에서 보다 안전하고 편안한 드라이빙을 도와주는 하이패스가 장착 되어 있는 차량입니다. 실물로 만나보세요 차량 상태 엔카진단+ 엔카가 무사고 진단을 했어요 프레임 진단 정상 외부패널 진단 정상 엔카진단 자세히 보기 엔카가 차량상태를 확인했어요 더보기 외관 스크래치, 등화장치, 타이어 상태, 실내 냄새까지 엔카 진단센터에서 직접 확인했어요. 차량 키 개수 1개 틴팅(앞 유리) 있음 타이어트레드 잔량 (앞) 툴팁 5mm 타이어트레드 잔량 (뒤) 툴팁 6mm 더보기 차량관리상태 모두보기 성능점검을 등록한 차량이에요 제시번호 : 20253158641561 교환 없음 판금 없음 부식 없음 성능기록부 자세히보기 차량이력 내차 피해 총 344,436원 (1회) 타차 가해 없음 특이 사항 없음 차량이력 자세히 보기 보증 현황 제조사 보증제조사보증도움말 일반/차체 엔진/미션 엔카금융 1분만에 한도/금리 비교 다양한 금융사의 금리를 비교해보세요 방문없이 조회가 가능해요 신용점수에 영향이 없어요 금리 비교하기 판매자 정보 판매자정보사진 스마일모터스나기원매매 판매자 정보 판매중6판매완료30 광주 서구 종사원증번호 23-062-00022상사/조합정보 이 차량을 '엔카믿고'로 신청하시면 엔카가 거래 과정을 함께 합니다. 엔카에 거래 도움받기 구매 가이드 허위매물 대처 압류 및 저당 처리 성능 상태 점검기록부 차량 금액 외 별도 수수료 차량 이전등록 차량 체크사항 알림등록 비슷한 조건의 동일한 모델이 신규매물로 등록되면 알려드릴까요? 알림등록 480만원 총비용계산기 보험료 계산 대출상품 조회 리스상품 조회 보험이력 1건 성능점검내역 일반/엔카직영 신차대비 -% 신차가격표 판매자 문의하기 중고차시세 팔린매물 동급매물 엔카 중고차론 금융사 비교하고 제휴 추가할인 금리 4.9% 부터~ 닫기 허위매물 단속 및 매매관련 분쟁 처리 등을 위해 050안심번호로문의하면 전화번호와 통화내용이 엔카에 자동 저장됩니다.050도움말 엔카는 등록 시스템만을 제공하며, 판매자가 직접 등록한 차량의 모든 책임은 판매자에게 있습니다. 신고하기 회사소개인재채용클린엔카지점안내엔카직영성능점검장안내매매지원이용약관고객센터디스플레이광고개인정보처리방침금융소비자보호원격지원서비스 네이버 블로그 인스타그램 유튜브 페이스북 패밀리사이트 O2O를 잇는 신뢰와 기술로 차량을 사고 파는 모습의 진화를 만듭니다 고객센터 : 1599-5455FAX : 02-754-8768대표메일 : trust@encar.com주소 : 서울특별시 중구 통일로2길 16, 18~19층(순화동) 사업자 등록번호 : 104-86-54476통신판매업신고 : 제2014-서울중구-0393호대표자 : 김상범Copyright © 엔카닷컴(주) 내 차를 최고가에 팔고, 믿고 사는 가장 좋은 방법. 엔카닷컴(주) 엔카닷컴(주)는 통신판매중개자로서 통신판매의 당사자가 아니며, 상품·거래정보, 거래에 대하여 책임을 지지 않습니다."
41503109,YF 쏘나타Y20 프라임 연식,12/02식,83827,가솔린,서울,610,https://fem.encar.com/cars/detail/41503109?advClickPosition=mweb_mhightlight_g77_t400&listAdvType=mhighlight&type=detail&view_type=hs_ad,"엔카 기본정보 옵션정보 차량상태 보증현황 엔카서비스 딜러 셀프등록 로그인/회원가입 채팅 전체메뉴 열기 엔카진단+ 엔카믿고 등록번호 41497877조회수 173찜 6 신고하기 프린트 공유하기 찜하기 이전이미지 다음이미지 1 / 20 사진 모두보기 YF 쏘나타Y20 프라임 연식 12/02식 연형정보 주행거리 83,827km 연료 가솔린 차량번호 16너9330 자세히 엔카가 아래 사항을 모두 진단 하였습니다 툴팁 엔카진단+ 프레임무사고 확인 내외부차량 관리 상태 확인 엔카를 통한 구매는 환불을 보장합니다 엔카믿고 차량확인 시원하는 곳으로 배송 구매 시7일간 타보고 환불가능 옵션 정보더보기 주요옵션 옵션 설명 보기 선루프 없음 헤드램프 (HID) 없음 주차감지센서 있음 후방카메라 있음 자동에어컨 없음 스마트키 있음 내비게이션 없음 열선시트 있음 통풍시트 없음 가죽시트 있음 22개 옵션 모두보기 이 차를 추천하는 이유더보기 타이어4본 보시는것과같이 신품급 트레드상태를 유지하고 있어 특별한 일없다면 몇년은 걱정없이 주행하실수있겠네요! 연식대비 주행거리도 짧으며 키2개,차량설명서 보유! 차량 상태 엔카진단+ 엔카가 무사고 진단을 했어요 프레임 진단 정상 외부패널 진단 정상 엔카진단 자세히 보기 엔카가 차량상태를 확인했어요 더보기 외관 스크래치, 등화장치, 타이어 상태, 실내 냄새까지 엔카 진단센터에서 직접 확인했어요. 차량 키 개수 2개 틴팅(앞 유리) 있음 타이어트레드 잔량 (앞) 툴팁 8mm 타이어트레드 잔량 (뒤) 툴팁 8mm 더보기 차량관리상태 모두보기 성능점검을 등록한 차량이에요 제시번호 : 206446 교환 없음 판금 없음 부식 없음 성능기록부 자세히보기 차량이력 내차 피해 총 3,686,761원 (7회) 타차 가해 총 899,787원 (1회) 특이 사항 없음 차량이력 자세히 보기 보증 현황 제조사 보증제조사보증도움말 일반/차체 엔진/미션 엔카보증 성능보험보험사제공성능보험도움말 30일/2,000km 약 60개 부품 보증 (법적 의무 가입대상) 엔카종합보증엔카제공엔카종합보증도움말 ~180일/10,000km 약 160개 부품 보증, 가입 시 보상한도 내 무제한 보증 수리 엔카를 통해 구매하기 엔카믿고 제공혜택 차량확인 시원하는 곳으로 배송 구매 시7일간 타보고 환불가능 집앞으로 배송받기 엔카 전담 상담원 엔카 매니저 고객님과 꼼꼼히 상담 후 배송해드린 차량을 7일간 타보세요. 대출 상담부터 스크래치 확인까지 1:1로 엔카매니저가 모두 도와드리는 서비스 입니다. 판매자 정보 엔카금융 1분만에 한도/금리 비교 다양한 금융사의 금리를 비교해보세요 방문없이 조회가 가능해요 신용점수에 영향이 없어요 금리 비교하기 구매 가이드 허위매물 대처 압류 및 저당 처리 성능 상태 점검기록부 차량 금액 외 별도 수수료 차량 이전등록 차량 체크사항 알림등록 비슷한 조건의 동일한 모델이 신규매물로 등록되면 알려드릴까요? 알림등록 610만원 총비용계산기 보험료 계산 대출상품 조회 리스상품 조회 보험이력 8건 성능점검내역 일반/엔카직영 신차대비 -% 신차가격표 문의하기 엔카를 통해 구매하기 중고차시세 팔린매물 동급매물 엔카 중고차론 금융사 비교하고 제휴 추가할인 금리 4.9% 부터~ 닫기 허위매물 단속 및 매매관련 분쟁 처리 등을 위해 050안심번호로문의하면 전화번호와 통화내용이 엔카에 자동 저장됩니다.050도움말 회사소개인재채용클린엔카지점안내엔카직영성능점검장안내매매지원이용약관고객센터디스플레이광고개인정보처리방침금융소비자보호원격지원서비스 네이버 블로그 인스타그램 유튜브 페이스북 패밀리사이트 O2O를 잇는 신뢰와 기술로 차량을 사고 파는 모습의 진화를 만듭니다 고객센터 : 1599-5455FAX : 02-754-8768대표메일 : trust@encar.com주소 : 서울특별시 중구 통일로2길 16, 18~19층(순화동) 사업자 등록번호 : 104-86-54476통신판매업신고 : 제2014-서울중구-0393호대표자 : 김상범Copyright © 엔카닷컴(주) 내 차를 최고가에 팔고, 믿고 사는 가장 좋은 방법. 엔카닷컴(주) 엔카닷컴(주)는 통신판매중개자로서 통신판매의 당사자가 아니며, 상품·거래정보, 거래에 대하여 책임을 지지 않습니다."
41639589,YF 쏘나타Y20 프라임블랙 연식,10/10식,58565,가솔린,서울,70,https://fem.encar.com/cars/detail/41639589?advClickPosition=mweb_mhightlight_g78_t400&listAdvType=mhighlight&type=detail&view_type=checked,"엔카 기본정보 옵션정보 차량상태 보증현황 판매자 정보 딜러 셀프등록 로그인/회원가입 채팅 전체메뉴 열기 엔카진단 등록번호 41639589조회수 22찜 0 신고하기 프린트 공유하기 찜하기 이전이미지 다음이미지 1 / 20 사진 모두보기 YF 쏘나타Y20 프라임블랙 연식 10/10식 (11년형) 연형정보 주행거리 58,565km 연료 가솔린 차량번호 30머7265 자세히 엔카가 아래 사항을 모두 진단 하였습니다 툴팁 엔카진단 프레임무사고 확인 옵션 정보더보기 주요옵션 옵션 설명 보기 선루프 없음 헤드램프 (HID) 없음 주차감지센서 있음 후방카메라 있음 자동에어컨 있음 스마트키 있음 내비게이션 있음 열선시트 있음 통풍시트 없음 가죽시트 있음 31개 옵션 모두보기 이 차만의 옵션더보기 버튼시동 스마트키 시스템(도어 웰컴 라이팅 포함) 70만원 Intelligent DMB 네비게이션(외장형 앰프, 서브 우퍼, 음성 인식, 후방카메라, 후방주차가이드 시스템 포함) 160만원 이 차를 추천하는 이유더보기 YF소나타 차량으로 등록된 연식대비 짧은 주행거리로 인해 실내 컨디션이 좋은 차량이에요. 남은 주행거리는 새 주인과 바로 달릴 준비가 되어 있어요! 차량 상태 엔카진단 엔카가 무사고 진단을 했어요 프레임 진단 정상 외부패널 진단 교환 엔카진단 자세히 보기 성능점검을 등록한 차량이에요 제시번호 : 20261100315 교환 2 판금 없음 부식 없음 성능기록부 자세히보기 차량이력 내차 피해 총 2,039,230원 (2회) 타차 가해 총 1,642,562원 (3회) 특이 사항 없음 차량이력 자세히 보기 보증 현황 제조사 보증제조사보증도움말 일반/차체 엔진/미션 엔카금융 1분만에 한도/금리 비교 다양한 금융사의 금리를 비교해보세요 방문없이 조회가 가능해요 신용점수에 영향이 없어요 금리 비교하기 판매자 정보 판매자정보사진 제로모터스심규남매매 판매자 정보 판매중52판매완료302 경기 수원시 권선구 종사원증번호 GC24-01437상사/조합정보 구매 가이드 허위매물 대처 압류 및 저당 처리 성능 상태 점검기록부 차량 금액 외 별도 수수료 차량 이전등록 차량 체크사항 알림등록 비슷한 조건의 동일한 모델이 신규매물로 등록되면 알려드릴까요? 알림등록 490만원 총비용계산기 보험료 계산 대출상품 조회 리스상품 조회 보험이력 5건 성능점검내역 일반/엔카직영 신차대비 -% 신차가격표 판매자 문의하기 중고차시세 팔린매물 동급매물 엔카 중고차론 금융사 비교하고 제휴 추가할인 금리 4.9% 부터~ 닫기 허위매물 단속 및 매매관련 분쟁 처리 등을 위해 050안심번호로문의하면 전화번호와 통화내용이 엔카에 자동 저장됩니다.050도움말 엔카는 등록 시스템만을 제공하며, 판매자가 직접 등록한 차량의 모든 책임은 판매자에게 있습니다. 신고하기 회사소개인재채용클린엔카지점안내엔카직영성능점검장안내매매지원이용약관고객센터디스플레이광고개인정보처리방침금융소비자보호원격지원서비스 네이버 블로그 인스타그램 유튜브 페이스북 패밀리사이트 O2O를 잇는 신뢰와 기술로 차량을 사고 파는 모습의 진화를 만듭니다 고객센터 : 1599-5455FAX : 02-754-8768대표메일 : trust@encar.com주소 : 서울특별시 중구 통일로2길 16, 18~19층(순화동) 사업자 등록번호 : 104-86-54476통신판매업신고 : 제2014-서울중구-0393호대표자 : 김상범Copyright © 엔카닷컴(주) 내 차를 최고가에 팔고, 믿고 사는 가장 좋은 방법. 엔카닷컴(주) 엔카닷컴(주)는 통신판매중개자로서 통신판매의 당사자가 아니며, 상품·거래정보, 거래에 대하여 책임을 지지 않습니다."
41497877,YF 쏘나타Y20 프라임 연식,12/02식,83827,가솔린,서울,610,https://fem.encar.com/cars/detail/41497877?advClickPosition=mweb_mhightlight_g79_t400&listAdvType=mhighlight&type=detail&view_type=checked,"엔카 기본정보 옵션정보 차량상태 보증현황 판매자 정보 딜러 셀프등록 로그인/회원가입 채팅 전체메뉴 열기 엔카진단+ 등록번호 41497877조회수 174찜 2 신고하기 프린트 공유하기 찜하기 이전이미지 다음이미지 1 / 20 사진 모두보기 YF 쏘나타Y20 프라임 연식 12/02식 연형정보 주행거리 83,827km 연료 가솔린 차량번호 16너9330 자세히 엔카가 아래 사항을 모두 진단 하였습니다 툴팁 엔카진단+ 프레임무사고 확인 내외부차량 관리 상태 확인 옵션 정보더보기 주요옵션 옵션 설명 보기 선루프 없음 헤드램프 (HID) 없음 주차감지센서 있음 후방카메라 있음 자동에어컨 없음 스마트키 있음 내비게이션 없음 열선시트 있음 통풍시트 없음 가죽시트 있음 22개 옵션 모두보기 이 차를 추천하는 이유더보기 타이어4본 보시는것과같이 신품급 트레드상태를 유지하고 있어 특별한 일없다면 몇년은 걱정없이 주행하실수있겠네요! 연식대비 주행거리도 짧으며 키2개,차량설명서 보유! 차량 상태 엔카진단+ 엔카가 무사고 진단을 했어요 프레임 진단 정상 외부패널 진단 정상 엔카진단 자세히 보기 엔카가 차량상태를 확인했어요 더보기 외관 스크래치, 등화장치, 타이어 상태, 실내 냄새까지 엔카 진단센터에서 직접 확인했어요. 차량 키 개수 2개 틴팅(앞 유리) 있음 타이어트레드 잔량 (앞) 툴팁 8mm 타이어트레드 잔량 (뒤) 툴팁 8mm 더보기 차량관리상태 모두보기 성능점검을 등록한 차량이에요 제시번호 : 206446 교환 없음 판금 없음 부식 없음 성능기록부 자세히보기 차량이력 내차 피해 총 3,686,761원 (7회) 타차 가해 총 899,787원 (1회) 특이 사항 없음 차량이력 자세히 보기 보증 현황 제조사 보증제조사보증도움말 일반/차체 엔진/미션 엔카금융 1분만에 한도/금리 비교 다양한 금융사의 금리를 비교해보세요 방문없이 조회가 가능해요 신용점수에 영향이 없어요 금리 비교하기 판매자 정보 판매자정보사진 달인모터스김민성매매 판매자 정보 판매중13판매완료77 충북 청주시 청원구 2순환로 50 종사원증번호 14-043-00292상사/조합정보 이 차량을 '엔카믿고'로 신청하시면 엔카가 거래 과정을 함께 합니다. 엔카에 거래 도움받기 구매 가이드 허위매물 대처 압류 및 저당 처리 성능 상태 점검기록부 차량 금액 외 별도 수수료 차량 이전등록 차량 체크사항 알림등록 비슷한 조건의 동일한 모델이 신규매물로 등록되면 알려드릴까요? 알림등록 610만원 총비용계산기 보험료 계산 대출상품 조회 리스상품 조회 보험이력 8건 성능점검내역 일반/엔카직영 신차대비 -% 신차가격표 판매자 문의하기 중고차시세 팔린매물 동급매물 엔카 중고차론 금융사 비교하고 제휴 추가할인 금리 4.9% 부터~ 닫기 허위매물 단속 및 매매관련 분쟁 처리 등을 위해 050안심번호로문의하면 전화번호와 통화내용이 엔카에 자동 저장됩니다.050도움말 엔카는 등록 시스템만을 제공하며, 판매자가 직접 등록한 차량의 모든 책임은 판매자에게 있습니다. 신고하기 회사소개인재채용클린엔카지점안내엔카직영성능점검장안내매매지원이용약관고객센터디스플레이광고개인정보처리방침금융소비자보호원격지원서비스 네이버 블로그 인스타그램 유튜브 페이스북 패밀리사이트 O2O를 잇는 신뢰와 기술로 차량을 사고 파는 모습의 진화를 만듭니다 고객센터 : 1599-5455FAX : 02-754-8768대표메일 : trust@encar.com주소 : 서울특별시 중구 통일로2길 16, 18~19층(순화동) 사업자 등록번호 : 104-86-54476통신판매업신고 : 제2014-서울중구-0393호대표자 : 김상범Copyright © 엔카닷컴(주) 내 차를 최고가에 팔고, 믿고 사는 가장 좋은 방법. 엔카닷컴(주) 엔카닷컴(주)는 통신판매중개자로서 통신판매의 당사자가 아니며, 상품·거래정보, 거래에 대하여 책임을 지지 않습니다."
41485303,YF 쏘나타Y20 프라임최고급형 연식,10/02식,112010,가솔린,서울,8,https://fem.encar.com/cars/detail/41485303?advClickPosition=mweb_mhightlight_g80_t400&listAdvType=mhighlight&type=detail&view_type=checked,"엔카 기본정보 옵션정보 차량상태 보증현황 판매자 정보 딜러 셀프등록 로그인/회원가입 채팅 전체메뉴 열기 엔카진단 등록번호 41485303조회수 125찜 2 신고하기 프린트 공유하기 찜하기 이전이미지 다음이미지 1 / 20 사진 모두보기 YF 쏘나타Y20 프라임최고급형 연식 10/02식 연형정보 주행거리 112,010km 연료 가솔린 차량번호 69구8516 자세히 엔카가 아래 사항을 모두 진단 하였습니다 툴팁 엔카진단 프레임무사고 확인 옵션 정보더보기 주요옵션 옵션 설명 보기 선루프 없음 헤드램프 (HID) 없음 주차감지센서 있음 후방카메라 없음 자동에어컨 있음 스마트키 있음 내비게이션 없음 열선시트 있음 통풍시트 없음 가죽시트 있음 25개 옵션 모두보기 이 차만의 옵션더보기 화이트 크리스탈(WHC) 외장컬러 8만원 이 차를 추천하는 이유더보기 연식이 지나다보면 헤드램프쪽에 스크래치, 습기등 손상이 생길수있지만 운전석,동승석 모두 깔끔한 컨디션을 자랑합니다! 외관상 보기에도 좋으며 키도 2개 보유중이네요! 차량 상태 엔카진단 엔카가 무사고 진단을 했어요 프레임 진단 정상 외부패널 진단 교환 엔카진단 자세히 보기 성능점검을 등록한 차량이에요 제시번호 : 2015641616 교환 1 판금 없음 부식 없음 성능기록부 자세히보기 차량이력 내차 피해 총 2,460,515원 (2회) 타차 가해 총 2,130,806원 (1회) 특이 사항 없음 차량이력 자세히 보기 보증 현황 제조사 보증제조사보증도움말 일반/차체 엔진/미션 엔카금융 1분만에 한도/금리 비교 다양한 금융사의 금리를 비교해보세요 방문없이 조회가 가능해요 신용점수에 영향이 없어요 금리 비교하기 판매자 정보 판매자정보사진 달인모터스김민성매매 판매자 정보 판매중13판매완료77 충북 청주시 청원구 2순환로 50 종사원증번호 14-043-00292상사/조합정보 구매 가이드 허위매물 대처 압류 및 저당 처리 성능 상태 점검기록부 차량 금액 외 별도 수수료 차량 이전등록 차량 체크사항 알림등록 비슷한 조건의 동일한 모델이 신규매물로 등록되면 알려드릴까요? 알림등록 450만원 총비용계산기 보험료 계산 대출상품 조회 리스상품 조회 보험이력 3건 성능점검내역 일반/엔카직영 신차대비 -% 신차가격표 판매자 문의하기 중고차시세 팔린매물 동급매물 엔카 중고차론 금융사 비교하고 제휴 추가할인 금리 4.9% 부터~ 닫기 허위매물 단속 및 매매관련 분쟁 처리 등을 위해 050안심번호로문의하면 전화번호와 통화내용이 엔카에 자동 저장됩니다.050도움말 엔카는 등록 시스템만을 제공하며, 판매자가 직접 등록한 차량의 모든 책임은 판매자에게 있습니다. 신고하기 회사소개인재채용클린엔카지점안내엔카직영성능점검장안내매매지원이용약관고객센터디스플레이광고개인정보처리방침금융소비자보호원격지원서비스 네이버 블로그 인스타그램 유튜브 페이스북 패밀리사이트 O2O를 잇는 신뢰와 기술로 차량을 사고 파는 모습의 진화를 만듭니다 고객센터 : 1599-5455FAX : 02-754-8768대표메일 : trust@encar.com주소 : 서울특별시 중구 통일로2길 16, 18~19층(순화동) 사업자 등록번호 : 104-86-54476통신판매업신고 : 제2014-서울중구-0393호대표자 : 김상범Copyright © 엔카닷컴(주) 내 차를 최고가에 팔고, 믿고 사는 가장 좋은 방법. 엔카닷컴(주) 엔카닷컴(주)는 통신판매중개자로서 통신판매의 당사자가 아니며, 상품·거래정보, 거래에 대하여 책임을 지지 않습니다."
39481791,YF 쏘나타Y20 프라임최고급형 연식,10/04식,113086,가솔린,서울,132,https://fem.encar.com/cars/detail/39481791?advClickPosition=mweb_mhightlight_g81_t400&listAdvType=mhighlight&type=detail&view_type=checked,"엔카 기본정보 옵션정보 차량상태 보증현황 판매자 정보 딜러 셀프등록 로그인/회원가입 채팅 전체메뉴 열기 엔카진단 등록번호 39481791조회수 104찜 3 신고하기 프린트 공유하기 찜하기 ◈무사고◈엔진보링완료!(132만원)◈경정비완료!◈차키2개◈전동미러◈버튼시 이전이미지 다음이미지 1 / 20 사진 모두보기 YF 쏘나타Y20 프라임최고급형 연식 10/04식 연형정보 주행거리 113,086km 연료 가솔린 차량번호 31보8294 자세히 엔카가 아래 사항을 모두 진단 하였습니다 툴팁 엔카진단 프레임무사고 확인 옵션 정보더보기 주요옵션 옵션 설명 보기 선루프 없음 헤드램프 (HID) 없음 주차감지센서 있음 후방카메라 없음 자동에어컨 있음 스마트키 있음 내비게이션 없음 열선시트 있음 통풍시트 없음 가죽시트 있음 27개 옵션 모두보기 이 차만의 옵션더보기 화이트 크리스탈(WHC) 외장컬러 8만원 이 차를 추천하는 이유더보기 10년식 차량이지만 약 11만키로대의 연식대비 짧은 주행거리를 가진만큼 연식대비 비교적 깔끔한 관리상태를 보여주는 차량이네요! 차량 상태 엔카진단 엔카가 무사고 진단을 했어요 프레임 진단 정상 외부패널 진단 교환 엔카진단 자세히 보기 성능점검을 등록한 차량이에요 제시번호 : 2025015633 교환 3 판금 1 부식 없음 성능기록부 자세히보기 차량이력 내차 피해 총 1,009,850원 (2회) 타차 가해 총 423,320원 (1회) 특이 사항 없음 차량이력 자세히 보기 보증 현황 제조사 보증제조사보증도움말 일반/차체 엔진/미션 엔카금융 1분만에 한도/금리 비교 다양한 금융사의 금리를 비교해보세요 방문없이 조회가 가능해요 신용점수에 영향이 없어요 금리 비교하기 판매자 정보 판매자정보사진 정우5호점 대표김대희매매 판매자 정보 판매중71판매완료267 인천 미추홀구 염전로 381 종사원증번호 IC24-00133상사/조합정보 구매 가이드 허위매물 대처 압류 및 저당 처리 성능 상태 점검기록부 차량 금액 외 별도 수수료 차량 이전등록 차량 체크사항 알림등록 비슷한 조건의 동일한 모델이 신규매물로 등록되면 알려드릴까요? 알림등록 399만원 총비용계산기 보험료 계산 대출상품 조회 리스상품 조회 보험이력 3건 성능점검내역 일반/엔카직영 신차대비 -% 신차가격표 판매자 문의하기 중고차시세 팔린매물 동급매물 엔카 중고차론 금융사 비교하고 제휴 추가할인 금리 4.9% 부터~ 닫기 허위매물 단속 및 매매관련 분쟁 처리 등을 위해 050안심번호로문의하면 전화번호와 통화내용이 엔카에 자동 저장됩니다.050도움말 엔카는 등록 시스템만을 제공하며, 판매자가 직접 등록한 차량의 모든 책임은 판매자에게 있습니다. 신고하기 회사소개인재채용클린엔카지점안내엔카직영성능점검장안내매매지원이용약관고객센터디스플레이광고개인정보처리방침금융소비자보호원격지원서비스 네이버 블로그 인스타그램 유튜브 페이스북 패밀리사이트 O2O를 잇는 신뢰와 기술로 차량을 사고 파는 모습의 진화를 만듭니다 고객센터 : 1599-5455FAX : 02-754-8768대표메일 : trust@encar.com주소 : 서울특별시 중구 통일로2길 16, 18~19층(순화동) 사업자 등록번호 : 104-86-54476통신판매업신고 : 제2014-서울중구-0393호대표자 : 김상범Copyright © 엔카닷컴(주) 내 차를 최고가에 팔고, 믿고 사는 가장 좋은 방법. 엔카닷컴(주) 엔카닷컴(주)는 통신판매중개자로서 통신판매의 당사자가 아니며, 상품·거래정보, 거래에 대하여 책임을 지지 않습니다."
41169467,YF 쏘나타Y20 프리미어 연식,12/05식,170333,가솔린,서울,490,https://fem.encar.com/cars/detail/41169467?advClickPosition=mweb_mhightlight_g82_t400&listAdvType=mhighlight&type=detail&view_type=hs_ad,"엔카 기본정보 옵션정보 차량상태 보증현황 엔카서비스 딜러 셀프등록 로그인/회원가입 채팅 전체메뉴 열기 엔카진단+ 엔카믿고 등록번호 41164780조회수 63찜 7 신고하기 프린트 공유하기 찜하기 이전이미지 다음이미지 1 / 20 사진 모두보기 YF 쏘나타Y20 프리미어 연식 12/05식 연형정보 주행거리 170,333km 연료 가솔린 차량번호 23루8127 자세히 엔카가 아래 사항을 모두 진단 하였습니다 툴팁 엔카진단+ 프레임무사고 확인 내외부차량 관리 상태 확인 엔카를 통한 구매는 환불을 보장합니다 엔카믿고 차량확인 시원하는 곳으로 배송 구매 시7일간 타보고 환불가능 옵션 정보더보기 주요옵션 옵션 설명 보기 선루프 없음 헤드램프 (HID) 없음 주차감지센서 있음 후방카메라 있음 자동에어컨 있음 스마트키 있음 내비게이션 있음 열선시트 있음 통풍시트 없음 가죽시트 있음 31개 옵션 모두보기 이 차를 추천하는 이유더보기 비교적 양호한 실내 외관과 함께 앞좌석 열선시트 장착으로 겨울에도 따뜻하게 주행할 수 있어 추천해 드리는 차량입니다 직접 만나 보세요 차량 상태 엔카진단+ 엔카가 무사고 진단을 했어요 프레임 진단 정상 외부패널 진단 정상 엔카진단 자세히 보기 엔카가 차량상태를 확인했어요 더보기 외관 스크래치, 등화장치, 타이어 상태, 실내 냄새까지 엔카 진단센터에서 직접 확인했어요. 차량 키 개수 1개 틴팅(앞 유리) 없음 타이어트레드 잔량 (앞) 툴팁 6mm 타이어트레드 잔량 (뒤) 툴팁 4mm 더보기 차량관리상태 모두보기 성능점검을 등록한 차량이에요 제시번호 : 2025115873 교환 없음 판금 없음 부식 없음 성능기록부 자세히보기 차량이력 내차 피해 없음 타차 가해 없음 특이 사항 없음 차량이력 자세히 보기 보증 현황 제조사 보증제조사보증도움말 일반/차체 엔진/미션 엔카보증 성능보험보험사제공성능보험도움말 30일/2,000km 약 60개 부품 보증 (법적 의무 가입대상) 엔카종합보증엔카제공엔카종합보증도움말 ~180일/10,000km 약 160개 부품 보증, 가입 시 보상한도 내 무제한 보증 수리 엔카를 통해 구매하기 엔카믿고 제공혜택 차량확인 시원하는 곳으로 배송 구매 시7일간 타보고 환불가능 집앞으로 배송받기 엔카 전담 상담원 엔카 매니저 고객님과 꼼꼼히 상담 후 배송해드린 차량을 7일간 타보세요. 대출 상담부터 스크래치 확인까지 1:1로 엔카매니저가 모두 도와드리는 서비스 입니다. 판매자 정보 엔카금융 1분만에 한도/금리 비교 다양한 금융사의 금리를 비교해보세요 방문없이 조회가 가능해요 신용점수에 영향이 없어요 금리 비교하기 구매 가이드 허위매물 대처 압류 및 저당 처리 성능 상태 점검기록부 차량 금액 외 별도 수수료 차량 이전등록 차량 체크사항 알림등록 비슷한 조건의 동일한 모델이 신규매물로 등록되면 알려드릴까요? 알림등록 490만원 총비용계산기 보험료 계산 대출상품 조회 리스상품 조회 보험이력 0건 성능점검내역 일반/엔카직영 신차대비 -% 신차가격표 문의하기 엔카를 통해 구매하기 중고차시세 팔린매물 동급매물 엔카 중고차론 금융사 비교하고 제휴 추가할인 금리 4.9% 부터~ 닫기 허위매물 단속 및 매매관련 분쟁 처리 등을 위해 050안심번호로문의하면 전화번호와 통화내용이 엔카에 자동 저장됩니다.050도움말 회사소개인재채용클린엔카지점안내엔카직영성능점검장안내매매지원이용약관고객센터디스플레이광고개인정보처리방침금융소비자보호원격지원서비스 네이버 블로그 인스타그램 유튜브 페이스북 패밀리사이트 O2O를 잇는 신뢰와 기술로 차량을 사고 파는 모습의 진화를 만듭니다 고객센터 : 1599-5455FAX : 02-754-8768대표메일 : trust@encar.com주소 : 서울특별시 중구 통일로2길 16, 18~19층(순화동) 사업자 등록번호 : 104-86-54476통신판매업신고 : 제2014-서울중구-0393호대표자 : 김상범Copyright © 엔카닷컴(주) 내 차를 최고가에 팔고, 믿고 사는 가장 좋은 방법. 엔카닷컴(주) 엔카닷컴(주)는 통신판매중개자로서 통신판매의 당사자가 아니며, 상품·거래정보, 거래에 대하여 책임을 지지 않습니다."
41485788,YF 쏘나타Y20 프리미어 연식,11/11식,102037,가솔린,서울,115,https://fem.encar.com/cars/detail/41485788?advClickPosition=mweb_mhightlight_g83_t400&listAdvType=mhighlight&type=detail&view_type=checked,"엔카 기본정보 옵션정보 차량상태 보증현황 판매자 정보 딜러 셀프등록 로그인/회원가입 채팅 전체메뉴 열기 엔카진단 등록번호 41485788조회수 1,041찜 48 신고하기 프린트 공유하기 찜하기 이전이미지 다음이미지 1 / 20 사진 모두보기 YF 쏘나타Y20 프리미어 연식 11/11식 (12년형) 연형정보 주행거리 102,037km 연료 가솔린 차량번호 60거9654 자세히 엔카가 아래 사항을 모두 진단 하였습니다 툴팁 엔카진단 프레임무사고 확인 옵션 정보더보기 주요옵션 옵션 설명 보기 선루프 있음 헤드램프 (HID) 없음 주차감지센서 있음 후방카메라 있음 자동에어컨 있음 스마트키 있음 내비게이션 있음 열선시트 있음 통풍시트 없음 가죽시트 있음 32개 옵션 모두보기 이 차만의 옵션더보기 3피스 타입 파노라마 썬루프(전동식 롤 블라인드) 115만원 이 차를 추천하는 이유더보기 주행거리 대비 실내의 컨디션은 준수하며 스마트키까지 2개를 보유 중인 차량으로 분실 및 가족 간의 차량 공유성 또한 편리합니다. 차량 상태 엔카진단 엔카가 무사고 진단을 했어요 프레임 진단 정상 외부패널 진단 정상 엔카진단 자세히 보기 성능점검을 등록한 차량이에요 제시번호 : 9860013104 본 차량의 성능 점검 기록부는 판매자가 사진으로 등록했습니다. 성능기록부 자세히보기 차량이력 내차 피해 없음 타차 가해 없음 특이 사항 없음 차량이력 자세히 보기 보증 현황 제조사 보증제조사보증도움말 일반/차체 엔진/미션 엔카금융 1분만에 한도/금리 비교 다양한 금융사의 금리를 비교해보세요 방문없이 조회가 가능해요 신용점수에 영향이 없어요 금리 비교하기 판매자 정보 판매자정보사진 화이트모터스박용기매매 판매자 정보 판매중33판매완료53 경기 부천시 원미구 신상로 25 종사원증번호 GG25-00467상사/조합정보 구매 가이드 허위매물 대처 압류 및 저당 처리 성능 상태 점검기록부 차량 금액 외 별도 수수료 차량 이전등록 차량 체크사항 알림등록 비슷한 조건의 동일한 모델이 신규매물로 등록되면 알려드릴까요? 알림등록 370만원 총비용계산기 보험료 계산 대출상품 조회 리스상품 조회 보험이력 0건 성능점검내역 일반/엔카직영 신차대비 -% 신차가격표 판매자 문의하기 중고차시세 팔린매물 동급매물 엔카 중고차론 금융사 비교하고 제휴 추가할인 금리 4.9% 부터~ 닫기 허위매물 단속 및 매매관련 분쟁 처리 등을 위해 050안심번호로문의하면 전화번호와 통화내용이 엔카에 자동 저장됩니다.050도움말 엔카는 등록 시스템만을 제공하며, 판매자가 직접 등록한 차량의 모든 책임은 판매자에게 있습니다. 신고하기 회사소개인재채용클린엔카지점안내엔카직영성능점검장안내매매지원이용약관고객센터디스플레이광고개인정보처리방침금융소비자보호원격지원서비스 네이버 블로그 인스타그램 유튜브 페이스북 패밀리사이트 O2O를 잇는 신뢰와 기술로 차량을 사고 파는 모습의 진화를 만듭니다 고객센터 : 1599-5455FAX : 02-754-8768대표메일 : trust@encar.com주소 : 서울특별시 중구 통일로2길 16, 18~19층(순화동) 사업자 등록번호 : 104-86-54476통신판매업신고 : 제2014-서울중구-0393호대표자 : 김상범Copyright © 엔카닷컴(주) 내 차를 최고가에 팔고, 믿고 사는 가장 좋은 방법. 엔카닷컴(주) 엔카닷컴(주)는 통신판매중개자로서 통신판매의 당사자가 아니며, 상품·거래정보, 거래에 대하여 책임을 지지 않습니다."
41342700,YF 쏘나타LPI 프리미어 연식,11/02식,168372,LPG(일반인 구입),서울,269,https://fem.encar.com/cars/detail/41342700?advClickPosition=mweb_mhightlight_g84_t400&listAdvType=mhighlight&type=detail&view_type=normal,"엔카 기본정보 옵션정보 차량상태 보증현황 판매자 정보 딜러 셀프등록 로그인/회원가입 채팅 전체메뉴 열기 등록번호 41342700조회수 1,663찜 26 신고하기 프린트 공유하기 찜하기 #HOT#COOL#양호 엔카 실촬영 이전이미지 다음이미지 1 / 20 사진 모두보기 YF 쏘나타LPI 프리미어 연식 11/02식 연형정보 주행거리 168,372km 연료 LPG(일반인 구입) 차량번호 58고7595 자세히 옵션 정보더보기 주요옵션 옵션 설명 보기 선루프 없음 헤드램프 (HID) 없음 주차감지센서 없음 후방카메라 있음 자동에어컨 있음 스마트키 없음 내비게이션 있음 열선시트 있음 통풍시트 없음 가죽시트 있음 19개 옵션 모두보기 차량 상태 성능점검을 등록한 차량이에요 제시번호 : 6780650247 교환 3 판금 2 부식 없음 성능기록부 자세히보기 차량이력 내차 피해 총 6,756,471원 (6회) 타차 가해 총 315,059원 (1회) 특이 사항 없음 차량이력 자세히 보기 보증 현황 제조사 보증제조사보증도움말 일반/차체 엔진/미션 엔카금융 1분만에 한도/금리 비교 다양한 금융사의 금리를 비교해보세요 방문없이 조회가 가능해요 신용점수에 영향이 없어요 금리 비교하기 판매자 정보 판매자정보사진 서울모터스김대영매매 판매자 정보 판매중8판매완료17 경기 부천시 오정구 송내대로 450 종사원증번호 gg25-00453상사/조합정보 구매 가이드 허위매물 대처 압류 및 저당 처리 성능 상태 점검기록부 차량 금액 외 별도 수수료 차량 이전등록 차량 체크사항 알림등록 비슷한 조건의 동일한 모델이 신규매물로 등록되면 알려드릴까요? 알림등록 269만원 총비용계산기 보험료 계산 대출상품 조회 리스상품 조회 보험이력 7건 성능점검내역 일반/엔카직영 신차가격표 판매자 문의하기 중고차시세 팔린매물 동급매물 엔카 중고차론 금융사 비교하고 제휴 추가할인 금리 4.9% 부터~ 닫기 허위매물 단속 및 매매관련 분쟁 처리 등을 위해 050안심번호로문의하면 전화번호와 통화내용이 엔카에 자동 저장됩니다.050도움말 엔카는 등록 시스템만을 제공하며, 판매자가 직접 등록한 차량의 모든 책임은 판매자에게 있습니다. 신고하기 회사소개인재채용클린엔카지점안내엔카직영성능점검장안내매매지원이용약관고객센터디스플레이광고개인정보처리방침금융소비자보호원격지원서비스 네이버 블로그 인스타그램 유튜브 페이스북 패밀리사이트 O2O를 잇는 신뢰와 기술로 차량을 사고 파는 모습의 진화를 만듭니다 고객센터 : 1599-5455FAX : 02-754-8768대표메일 : trust@encar.com주소 : 서울특별시 중구 통일로2길 16, 18~19층(순화동) 사업자 등록번호 : 104-86-54476통신판매업신고 : 제2014-서울중구-0393호대표자 : 김상범Copyright © 엔카닷컴(주) 내 차를 최고가에 팔고, 믿고 사는 가장 좋은 방법. 엔카닷컴(주) 엔카닷컴(주)는 통신판매중개자로서 통신판매의 당사자가 아니며, 상품·거래정보, 거래에 대하여 책임을 지지 않습니다."
41164780,YF 쏘나타Y20 프리미어 연식,12/05식,170333,가솔린,서울,490,https://fem.encar.com/cars/detail/41164780?advClickPosition=mweb_mhightlight_g85_t400&listAdvType=mhighlight&type=detail&view_type=checked,"엔카 기본정보 옵션정보 차량상태 보증현황 판매자 정보 딜러 셀프등록 로그인/회원가입 채팅 전체메뉴 엔카진단+ 등록번호 41164780조회수 64찜 0 신고하기 프린트 공유하기 찜하기 이전이미지 다음이미지 1 / 20 사진 모두보기 YF 쏘나타Y20 프리미어 연식 12/05식 연형정보 주행거리 170,333km 연료 가솔린 차량번호 23루8127 자세히 엔카가 아래 사항을 모두 진단 하였습니다 툴팁 엔카진단+ 프레임무사고 확인 내외부차량 관리 상태 확인 옵션 정보더보기 주요옵션 옵션 설명 보기 선루프 없음 헤드램프 (HID) 없음 주차감지센서 있음 후방카메라 있음 자동에어컨 있음 스마트키 있음 내비게이션 있음 열선시트 있음 통풍시트 없음 가죽시트 있음 31개 옵션 모두보기 이 차를 추천하는 이유더보기 비교적 양호한 실내 외관과 함께 앞좌석 열선시트 장착으로 겨울에도 따뜻하게 주행할 수 있어 추천해 드리는 차량입니다 직접 만나 보세요 차량 상태 엔카진단+ 엔카가 무사고 진단을 했어요 프레임 진단 정상 외부패널 진단 정상 엔카진단 자세히 보기 엔카가 차량상태를 확인했어요 더보기 외관 스크래치, 등화장치, 타이어 상태, 실내 냄새까지 엔카 진단센터에서 직접 확인했어요. 차량 키 개수 1개 틴팅(앞 유리) 없음 타이어트레드 잔량 (앞) 툴팁 6mm 타이어트레드 잔량 (뒤) 툴팁 4mm 더보기 차량관리상태 모두보기 성능점검을 등록한 차량이에요 제시번호 : 2025115873 교환 없음 판금 없음 부식 없음 성능기록부 자세히보기 차량이력 내차 피해 없음 타차 가해 없음 특이 사항 없음 차량이력 자세히 보기 보증 현황 제조사 보증제조사보증도움말 일반/차체 엔진/미션 엔카금융 1분만에 한도/금리 비교 다양한 금융사의 금리를 비교해보세요 방문없이 조회가 가능해요 신용점수에 영향이 없어요 금리 비교하기 판매자 정보 판매자정보사진 (주)더바른모터스박준매매 판매자 정보 판매중77판매완료191 광주 서구 종사원증번호 2406200163상사/조합정보 이 차량을 '엔카믿고'로 신청하시면 엔카가 거래 과정을 함께 합니다. 엔카에 거래 도움받기 구매 가이드 허위매물 대처 압류 및 저당 처리 성능 상태 점검기록부 차량 금액 외 별도 수수료 차량 이전등록 차량 체크사항 알림등록 비슷한 조건의 동일한 모델이 신규매물로 등록되면 알려드릴까요? 알림등록 490만원 총비용계산기 보험료 계산 대출상품 조회 리스상품 조회 보험이력 0건 성능점검내역 일반/엔카직영 신차대비 -% 신차가격표 판매자 문의하기 중고차시세 팔린매물 동급매물 엔카 중고차론 금융사 비교하고 제휴 추가할인 금리 4.9% 부터~ 닫기 허위매물 단속 및 매매관련 분쟁 처리 등을 위해 050안심번호로문의하면 전화번호와 통화내용이 엔카에 자동 저장됩니다.050도움말 엔카는 등록 시스템만을 제공하며, 판매자가 직접 등록한 차량의 모든 책임은 판매자에게 있습니다. 신고하기 회사소개인재채용클린엔카지점안내엔카직영성능점검장안내매매지원이용약관고객센터디스플레이광고개인정보처리방침금융소비자보호원격지원서비스 네이버 블로그 인스타그램 유튜브 페이스북 패밀리사이트 O2O를 잇는 신뢰와 기술로 차량을 사고 파는 모습의 진화를 만듭니다 고객센터 : 1599-5455FAX : 02-754-8768대표메일 : trust@encar.com주소 : 서울특별시 중구 통일로2길 16, 18~19층(순화동) 사업자 등록번호 : 104-86-54476통신판매업신고 : 제2014-서울중구-0393호대표자 : 김상범Copyright © 엔카닷컴(주) 내 차를 최고가에 팔고, 믿고 사는 가장 좋은 방법. 엔카닷컴(주) 엔카닷컴(주)는 통신판매중개자로서 통신판매의 당사자가 아니며, 상품·거래정보, 거래에 대하여 책임을 지지 않습니다."
41467989,YF 쏘나타Y20 그랜드 연식,10/02식,88234,가솔린,서울,15,https://fem.encar.com/cars/detail/41467989?advClickPosition=mweb_mhightlight_g86_t400&listAdvType=mhighlight&type=detail&view_type=checked,"엔카 기본정보 옵션정보 차량상태 보증현황 판매자 정보 딜러 셀프등록 로그인/회원가입 채팅 전체메뉴 열기 엔카진단 등록번호 41467989조회수 406찜 13 신고하기 프린트 공유하기 찜하기 이전이미지 다음이미지 1 / 20 사진 모두보기 YF 쏘나타Y20 그랜드 연식 10/02식 연형정보 주행거리 88,234km 연료 가솔린 차량번호 14소6635 자세히 엔카가 아래 사항을 모두 진단 하였습니다 툴팁 엔카진단 프레임무사고 확인 옵션 정보더보기 주요옵션 옵션 설명 보기 선루프 없음 헤드램프 (HID) 없음 주차감지센서 있음 후방카메라 있음 자동에어컨 없음 스마트키 없음 내비게이션 없음 열선시트 있음 통풍시트 없음 가죽시트 있음 20개 옵션 모두보기 이 차만의 옵션더보기 후방 주차보조 시스템 15만원 6단 자동변속기 + 풋 파킹 브레이크 + 경제운전 안전 시스템 + 후석 에어벤트 170만원 이 차를 추천하는 이유더보기 이 차량의 경우 연식 대비 실내와 외관 전체적으로 양호한 컨디션을 이루고 있으며 가성비 매물을 찾으시는 분들에게 추천해 드리는 차량입니다. 차량 상태 엔카진단 엔카가 무사고 진단을 했어요 프레임 진단 정상 외부패널 진단 정상 엔카진단 자세히 보기 성능점검을 등록한 차량이에요 제시번호 : 4400044598 본 차량의 성능 점검 기록부는 판매자가 사진으로 등록했습니다. 성능기록부 자세히보기 차량이력 내차 피해 총 477,800원 (1회) 타차 가해 총 1,265,687원 (2회) 특이 사항 없음 차량이력 자세히 보기 보증 현황 제조사 보증제조사보증도움말 일반/차체 엔진/미션 엔카금융 1분만에 한도/금리 비교 다양한 금융사의 금리를 비교해보세요 방문없이 조회가 가능해요 신용점수에 영향이 없어요 금리 비교하기 판매자 정보 판매자정보사진 조은중고차 황지만매매 판매자 정보 판매중1판매완료29 경기 의정부시 종사원증번호 gg2400464상사/조합정보 구매 가이드 허위매물 대처 압류 및 저당 처리 성능 상태 점검기록부 차량 금액 외 별도 수수료 차량 이전등록 차량 체크사항 알림등록 비슷한 조건의 동일한 모델이 신규매물로 등록되면 알려드릴까요? 알림등록 390만원 총비용계산기 보험료 계산 대출상품 조회 리스상품 조회 보험이력 3건 성능점검내역 일반/엔카직영 신차대비 -% 신차가격표 판매자 문의하기 중고차시세 팔린매물 동급매물 엔카 중고차론 금융사 비교하고 제휴 추가할인 금리 4.9% 부터~ 닫기 허위매물 단속 및 매매관련 분쟁 처리 등을 위해 050안심번호로문의하면 전화번호와 통화내용이 엔카에 자동 저장됩니다.050도움말 엔카는 등록 시스템만을 제공하며, 판매자가 직접 등록한 차량의 모든 책임은 판매자에게 있습니다. 신고하기 회사소개인재채용클린엔카지점안내엔카직영성능점검장안내매매지원이용약관고객센터디스플레이광고개인정보처리방침금융소비자보호원격지원서비스 네이버 블로그 인스타그램 유튜브 페이스북 패밀리사이트 O2O를 잇는 신뢰와 기술로 차량을 사고 파는 모습의 진화를 만듭니다 고객센터 : 1599-5455FAX : 02-754-8768대표메일 : trust@encar.com주소 : 서울특별시 중구 통일로2길 16, 18~19층(순화동) 사업자 등록번호 : 104-86-54476통신판매업신고 : 제2014-서울중구-0393호대표자 : 김상범Copyright © 엔카닷컴(주) 내 차를 최고가에 팔고, 믿고 사는 가장 좋은 방법. 엔카닷컴(주) 엔카닷컴(주)는 통신판매중개자로서 통신판매의 당사자가 아니며, 상품·거래정보, 거래에 대하여 책임을 지지 않습니다."
41149837,YF 쏘나타Y20 탑고급형 연식,09/10식,192799,가솔린,서울,219,https://fem.encar.com/cars/detail/41149837?advClickPosition=mweb_mhightlight_g87_t400&listAdvType=mhighlight&type=detail&view_type=normal,"엔카 기본정보 옵션정보 차량상태 보증현황 판매자 정보 딜러 셀프등록 로그인/회원가입 채팅 전체메뉴 열기 등록번호 41149837조회수 502찜 9 신고하기 프린트 공유하기 찜하기 #양호#HOT#COOL 엔카 실촬영 이전이미지 다음이미지 1 / 20 사진 모두보기 YF 쏘나타Y20 탑고급형 연식 09/10식 (10년형) 연형정보 주행거리 192,799km 연료 가솔린 차량번호 60저3454 자세히 옵션 정보더보기 주요옵션 옵션 설명 보기 선루프 없음 헤드램프 (HID) 없음 주차감지센서 있음 후방카메라 있음 자동에어컨 있음 스마트키 있음 내비게이션 있음 열선시트 있음 통풍시트 없음 가죽시트 있음 30개 옵션 모두보기 차량 상태 성능점검을 등록한 차량이에요 제시번호 : 2025225859 교환 6 판금 없음 부식 없음 성능기록부 자세히보기 차량이력 내차 피해 총 5,203,767원 (3회) 타차 가해 총 880,983원 (1회) 특이 사항 없음 차량이력 자세히 보기 보증 현황 제조사 보증제조사보증도움말 일반/차체 엔진/미션 엔카금융 1분만에 한도/금리 비교 다양한 금융사의 금리를 비교해보세요 방문없이 조회가 가능해요 신용점수에 영향이 없어요 금리 비교하기 판매자 정보 판매자정보사진 카팡이윤준매매 판매자 정보 판매중139판매완료1279 경기 부천시 오정구 송내대로 450 종사원증번호 GG2500482상사/조합정보 구매 가이드 허위매물 대처 압류 및 저당 처리 성능 상태 점검기록부 차량 금액 외 별도 수수료 차량 이전등록 차량 체크사항 알림등록 비슷한 조건의 동일한 모델이 신규매물로 등록되면 알려드릴까요? 알림등록 219만원 총비용계산기 보험료 계산 대출상품 조회 리스상품 조회 보험이력 4건 성능점검내역 일반/엔카직영 신차대비 8% 신차가격표 판매자 문의하기 중고차시세 팔린매물 동급매물 엔카 중고차론 금융사 비교하고 제휴 추가할인 금리 4.9% 부터~ 닫기 허위매물 단속 및 매매관련 분쟁 처리 등을 위해 050안심번호로문의하면 전화번호와 통화내용이 엔카에 자동 저장됩니다.050도움말 엔카는 등록 시스템만을 제공하며, 판매자가 직접 등록한 차량의 모든 책임은 판매자에게 있습니다. 신고하기 회사소개인재채용클린엔카지점안내엔카직영성능점검장안내매매지원이용약관고객센터디스플레이광고개인정보처리방침금융소비자보호원격지원서비스 네이버 블로그 인스타그램 유튜브 페이스북 패밀리사이트 O2O를 잇는 신뢰와 기술로 차량을 사고 파는 모습의 진화를 만듭니다 고객센터 : 1599-5455FAX : 02-754-8768대표메일 : trust@encar.com주소 : 서울특별시 중구 통일로2길 16, 18~19층(순화동) 사업자 등록번호 : 104-86-54476통신판매업신고 : 제2014-서울중구-0393호대표자 : 김상범Copyright © 엔카닷컴(주) 내 차를 최고가에 팔고, 믿고 사는 가장 좋은 방법. 엔카닷컴(주) 엔카닷컴(주)는 통신판매중개자로서 통신판매의 당사자가 아니며, 상품·거래정보, 거래에 대하여 책임을 지지 않습니다."
41569840,YF 쏘나타LPI 프리미어(장애인용) 연식,11/10식,148487,LPG(일반인 구입),서울,369,https://fem.encar.com/cars/detail/41569840?advClickPosition=mweb_mhightlight_g88_t400&listAdvType=mhighlight&type=detail&view_type=normal,"엔카 기본정보 옵션정보 차량상태 보증현황 판매자 정보 딜러 셀프등록 로그인/회원가입 채팅 전체메뉴 열기 등록번호 41569840조회수 473찜 1 신고하기 프린트 공유하기 찜하기 #HOT#COOL#양호 엔카 실촬영 이전이미지 다음이미지 1 / 20 사진 모두보기 YF 쏘나타LPI 프리미어(장애인용) 연식 11/10식 (12년형) 연형정보 주행거리 148,487km 연료 LPG(일반인 구입) 차량번호 32러2593 자세히 옵션 정보더보기 주요옵션 옵션 설명 보기 선루프 없음 헤드램프 (HID) 없음 주차감지센서 있음 후방카메라 있음 자동에어컨 없음 스마트키 있음 내비게이션 있음 열선시트 있음 통풍시트 있음 가죽시트 있음 27개 옵션 모두보기 차량 상태 성능점검을 등록한 차량이에요 제시번호 : 202502007406 교환 8 판금 없음 부식 없음 성능기록부 자세히보기 차량이력 내차 피해 총 8,955,966원 (5회) 타차 가해 총 10,917,363원 (8회) 특이 사항 없음 차량이력 자세히 보기 보증 현황 제조사 보증제조사보증도움말 일반/차체 엔진/미션 엔카금융 1분만에 한도/금리 비교 다양한 금융사의 금리를 비교해보세요 방문없이 조회가 가능해요 신용점수에 영향이 없어요 금리 비교하기 판매자 정보 판매자정보사진 스마일모터스김은숙매매 판매자 정보 판매중16판매완료63 전북 익산시 종사원증번호 JB24-00164상사/조합정보 구매 가이드 허위매물 대처 압류 및 저당 처리 성능 상태 점검기록부 차량 금액 외 별도 수수료 차량 이전등록 차량 체크사항 알림등록 비슷한 조건의 동일한 모델이 신규매물로 등록되면 알려드릴까요? 알림등록 369만원 총비용계산기 보험료 계산 대출상품 조회 리스상품 조회 보험이력 13건 성능점검내역 일반/엔카직영 신차가격표 판매자 문의하기 중고차시세 팔린매물 동급매물 엔카 중고차론 금융사 비교하고 제휴 추가할인 금리 4.9% 부터~ 닫기 허위매물 단속 및 매매관련 분쟁 처리 등을 위해 050안심번호로문의하면 전화번호와 통화내용이 엔카에 자동 저장됩니다.050도움말 엔카는 등록 시스템만을 제공하며, 판매자가 직접 등록한 차량의 모든 책임은 판매자에게 있습니다. 신고하기 회사소개인재채용클린엔카지점안내엔카직영성능점검장안내매매지원이용약관고객센터디스플레이광고개인정보처리방침금융소비자보호원격지원서비스 네이버 블로그 인스타그램 유튜브 페이스북 패밀리사이트 O2O를 잇는 신뢰와 기술로 차량을 사고 파는 모습의 진화를 만듭니다 고객센터 : 1599-5455FAX : 02-754-8768대표메일 : trust@encar.com주소 : 서울특별시 중구 통일로2길 16, 18~19층(순화동) 사업자 등록번호 : 104-86-54476통신판매업신고 : 제2014-서울중구-0393호대표자 : 김상범Copyright © 엔카닷컴(주) 내 차를 최고가에 팔고, 믿고 사는 가장 좋은 방법. 엔카닷컴(주) 엔카닷컴(주)는 통신판매중개자로서 통신판매의 당사자가 아니며, 상품·거래정보, 거래에 대하여 책임을 지지 않습니다."
41528990,YF 쏘나타F24 GDI최고급형 연식,10/03식,169616,가솔린,서울,37,https://fem.encar.com/cars/detail/41528990?advClickPosition=mweb_mhightlight_g89_t400&listAdvType=mhighlight&type=detail&view_type=checked,"엔카 기본정보 옵션정보 차량상태 보증현황 판매자 정보 딜러 셀프등록 로그인/회원가입 채팅 전체메뉴 열기 엔카진단 등록번호 41528990조회수 193찜 3 신고하기 프린트 공유하기 찜하기 이전이미지 다음이미지 1 / 20 사진 모두보기 YF 쏘나타F24 GDI최고급형 연식 10/03식 연형정보 주행거리 169,616km 연료 가솔린 차량번호 28가0471 자세히 엔카가 아래 사항을 모두 진단 하였습니다 툴팁 엔카진단 프레임무사고 확인 옵션 정보더보기 주요옵션 옵션 설명 보기 선루프 있음 헤드램프 (HID) 있음 주차감지센서 있음 후방카메라 있음 자동에어컨 있음 스마트키 있음 내비게이션 있음 열선시트 있음 통풍시트 없음 가죽시트 있음 37개 옵션 모두보기 이 차만의 옵션더보기 스포티 패키지(18인치 알로이 휠 & 타이어, 타이어 공기압 경보장치, 패들 쉬프트) 37만원 3피스 타입 파노라마 썬루프(전동식 롤 블라인드) 122만원 모젠 프리미엄 WIDE 내비게이션(JBL 프리미엄 사운드, 음성인식, 후방카메라, 후방 주차 가이드 시스템 포함, 후방 디스플레이 룸미러 삭제) 170만원 이 차를 추천하는 이유더보기 대한민국 어디든지 쏘나타와 함께 떠날 수 있는 네비게이션이 추가된 차량입니다. 쉽고 빠른 길 안내를 받아 목적지까지 편안하게 떠나보세요! 차량 상태 엔카진단 엔카가 무사고 진단을 했어요 프레임 진단 정상 외부패널 진단 교환 엔카진단 자세히 보기 성능점검을 등록한 차량이에요 제시번호 : 2026023618 본 차량의 성능 점검 기록부는 판매자가 사진으로 등록했습니다. 성능기록부 자세히보기 차량이력 내차 피해 총 4,695,630원 (7회) 타차 가해 총 2,960,970원 (4회) 특이 사항 없음 차량이력 자세히 보기 보증 현황 제조사 보증제조사보증도움말 일반/차체 엔진/미션 엔카금융 1분만에 한도/금리 비교 다양한 금융사의 금리를 비교해보세요 방문없이 조회가 가능해요 신용점수에 영향이 없어요 금리 비교하기 판매자 정보 판매자정보사진 (주)국민상사이운기매매 판매자 정보 판매중66판매완료394 인천 서구 봉수대로 158 종사원증번호 IM24-00055상사/조합정보 구매 가이드 허위매물 대처 압류 및 저당 처리 성능 상태 점검기록부 차량 금액 외 별도 수수료 차량 이전등록 차량 체크사항 알림등록 비슷한 조건의 동일한 모델이 신규매물로 등록되면 알려드릴까요? 알림등록 390만원 총비용계산기 보험료 계산 대출상품 조회 리스상품 조회 보험이력 11건 성능점검내역 일반/엔카직영 신차대비 -% 신차가격표 판매자 문의하기 중고차시세 팔린매물 동급매물 엔카 중고차론 금융사 비교하고 제휴 추가할인 금리 4.9% 부터~ 닫기 허위매물 단속 및 매매관련 분쟁 처리 등을 위해 050안심번호로문의하면 전화번호와 통화내용이 엔카에 자동 저장됩니다.050도움말 엔카는 등록 시스템만을 제공하며, 판매자가 직접 등록한 차량의 모든 책임은 판매자에게 있습니다. 신고하기 회사소개인재채용클린엔카지점안내엔카직영성능점검장안내매매지원이용약관고객센터디스플레이광고개인정보처리방침금융소비자보호원격지원서비스 네이버 블로그 인스타그램 유튜브 페이스북 패밀리사이트 O2O를 잇는 신뢰와 기술로 차량을 사고 파는 모습의 진화를 만듭니다 고객센터 : 1599-5455FAX : 02-754-8768대표메일 : trust@encar.com주소 : 서울특별시 중구 통일로2길 16, 18~19층(순화동) 사업자 등록번호 : 104-86-54476통신판매업신고 : 제2014-서울중구-0393호대표자 : 김상범Copyright © 엔카닷컴(주) 내 차를 최고가에 팔고, 믿고 사는 가장 좋은 방법. 엔카닷컴(주) 엔카닷컴(주)는 통신판매중개자로서 통신판매의 당사자가 아니며, 상품·거래정보, 거래에 대하여 책임을 지지 않습니다."
41615613,YF 쏘나타Y20 프리미어 연식,11/08식,92562,가솔린,서울,8,https://fem.encar.com/cars/detail/41615613?advClickPosition=mweb_mhightlight_g90_t400&listAdvType=mhighlight&type=detail&view_type=hs_ad,"엔카 기본정보 옵션정보 차량상태 보증현황 엔카서비스 딜러 셀프등록 로그인/회원가입 채팅 전체메뉴 열기 엔카진단++ 엔카믿고 등록번호 41612560조회수 188찜 15 신고하기 프린트 공유하기 찜하기 이전이미지 다음이미지 1 / 20 사진 모두보기 YF 쏘나타Y20 프리미어 연식 11/08식 (12년형) 연형정보 주행거리 92,562km 연료 가솔린 차량번호 37소5775 자세히 엔카가 아래 사항을 모두 진단 하였습니다 툴팁 엔카진단++ 프레임무사고 확인 내외부차량 관리 상태 확인 성능엔카 진단 우수 등급 확인 엔카를 통한 구매는 환불을 보장합니다 엔카믿고 차량확인 시원하는 곳으로 배송 구매 시7일간 타보고 환불가능 구매 후90일/5000km 성능보증 제공 옵션 정보더보기 주요옵션 옵션 설명 보기 선루프 없음 헤드램프 (HID) 없음 주차감지센서 있음 후방카메라 있음 자동에어컨 있음 스마트키 있음 내비게이션 없음 열선시트 있음 통풍시트 없음 가죽시트 있음 30개 옵션 모두보기 이 차만의 옵션더보기 화이트 크리스탈(WHC) 외장컬러선택옵션설명 자세히보기 8만원 이 차를 추천하는 이유더보기 배터리 방전 걱정에 구매를 고민하셨나요? 해당 차량은 25년식 배터리 장착으로 방전 걱정을 덜어주며 소모품 교체비까지 절감이 가능합니다! :) 차량 상태 엔카진단++ 엔카가 무사고 진단을 했어요 프레임 진단 정상 외부패널 진단 교환 엔카진단 자세히 보기 엔카가 차량상태를 확인했어요 더보기 외관 스크래치, 등화장치, 타이어 상태, 실내 냄새까지 엔카 진단센터에서 직접 확인했어요. 차량 키 개수 2개 틴팅(앞 유리) 있음 타이어트레드 잔량 (앞) 툴팁 3mm 타이어트레드 잔량 (뒤) 툴팁 5mm 더보기 차량관리상태 모두보기 엔카진단 우수 등급을 확인했어요 원동기, 변속기 정상여부, 차량 상태가 양호한 차량만 우수 등급을 받을 수 있습니다. 엔카믿고 계약 시스템으로 차량을 구매하시면 90일 또는 5,000km까지 엔카성능보증을 제공합니다엔카성능보증 도움말 성능장에서 직접 하부점검을 한 차량입니다. 진단 우수 등급 자세히보기 성능점검을 등록한 차량이에요 제시번호 : 2026030425 교환 1 판금 1 부식 없음 성능기록부 자세히보기 차량이력 내차 피해 총 2,106,240원 (4회) 타차 가해 없음 특이 사항 없음 차량이력 자세히 보기 보증 현황 제조사 보증제조사보증도움말 일반/차체 엔진/미션 엔카보증 성능보험보험사제공성능보험도움말 30일/2,000km 약 60개 부품 보증 (법적 의무 가입대상) 엔카성능보증엔카제공엔카성능보증도움말 90일/5,000km 약 60개 부품 보증, 엔카믿고 계약서로 구매 시 비용 없이 추가 제공 엔카종합보증엔카제공엔카종합보증도움말 ~180일/10,000km 약 160개 부품 보증, 가입 시 보상한도 내 무제한 보증 수리 엔카를 통해 구매하기 엔카믿고 제공혜택 차량확인 시원하는 곳으로 배송 구매 시7일간 타보고 환불가능 구매 후90일/5000km 성능보증 제공 집앞으로 배송받기 엔카 전담 상담원 엔카 매니저 고객님과 꼼꼼히 상담 후 배송해드린 차량을 7일간 타보세요. 대출 상담부터 스크래치 확인까지 1:1로 엔카매니저가 모두 도와드리는 서비스 입니다. 판매자 정보 엔카금융 1분만에 한도/금리 비교 다양한 금융사의 금리를 비교해보세요 방문없이 조회가 가능해요 신용점수에 영향이 없어요 금리 비교하기 구매 가이드 허위매물 대처 압류 및 저당 처리 성능 상태 점검기록부 차량 금액 외 별도 수수료 차량 이전등록 차량 체크사항 알림등록 비슷한 조건의 동일한 모델이 신규매물로 등록되면 알려드릴까요? 알림등록 470만원 총비용계산기 보험료 계산 대출상품 조회 리스상품 조회 보험이력 4건 성능점검내역 일반/엔카직영 신차대비 -% 신차가격표 문의하기 엔카를 통해 구매하기 중고차시세 팔린매물 동급매물 엔카 중고차론 금융사 비교하고 제휴 추가할인 금리 4.9% 부터~ 닫기 허위매물 단속 및 매매관련 분쟁 처리 등을 위해 050안심번호로문의하면 전화번호와 통화내용이 엔카에 자동 저장됩니다.050도움말 회사소개인재채용클린엔카지점안내엔카직영성능점검장안내매매지원이용약관고객센터디스플레이광고개인정보처리방침금융소비자보호원격지원서비스 네이버 블로그 인스타그램 유튜브 페이스북 패밀리사이트 O2O를 잇는 신뢰와 기술로 차량을 사고 파는 모습의 진화를 만듭니다 고객센터 : 1599-5455FAX : 02-754-8768대표메일 : trust@encar.com주소 : 서울특별시 중구 통일로2길 16, 18~19층(순화동) 사업자 등록번호 : 104-86-54476통신판매업신고 : 제2014-서울중구-0393호대표자 : 김상범Copyright © 엔카닷컴(주) 내 차를 최고가에 팔고, 믿고 사는 가장 좋은 방법. 엔카닷컴(주) 엔카닷컴(주)는 통신판매중개자로서 통신판매의 당사자가 아니며, 상품·거래정보, 거래에 대하여 책임을 지지 않습니다."
41612560,YF 쏘나타Y20 프리미어 연식,11/08식,92562,가솔린,서울,8,https://fem.encar.com/cars/detail/41612560?advClickPosition=mweb_mhightlight_g91_t400&listAdvType=mhighlight&type=detail&view_type=checked,"엔카 기본정보 옵션정보 차량상태 보증현황 판매자 정보 딜러 셀프등록 로그인/회원가입 채팅 전체메뉴 열기 엔카진단++ 등록번호 41612560조회수 188찜 4 신고하기 프린트 공유하기 찜하기 이전이미지 다음이미지 1 / 20 사진 모두보기 YF 쏘나타Y20 프리미어 연식 11/08식 (12년형) 연형정보 주행거리 92,562km 연료 가솔린 차량번호 37소5775 자세히 엔카가 아래 사항을 모두 진단 하였습니다 툴팁 엔카진단++ 프레임무사고 확인 내외부차량 관리 상태 확인 성능엔카 진단 우수 등급 확인 옵션 정보더보기 주요옵션 옵션 설명 보기 선루프 없음 헤드램프 (HID) 없음 주차감지센서 있음 후방카메라 있음 자동에어컨 있음 스마트키 있음 내비게이션 없음 열선시트 있음 통풍시트 없음 가죽시트 있음 30개 옵션 모두보기 이 차만의 옵션더보기 화이트 크리스탈(WHC) 외장컬러선택옵션설명 자세히보기 8만원 이 차를 추천하는 이유더보기 배터리 방전 걱정에 구매를 고민하셨나요? 해당 차량은 25년식 배터리 장착으로 방전 걱정을 덜어주며 소모품 교체비까지 절감이 가능합니다! :) 차량 상태 엔카진단++ 엔카가 무사고 진단을 했어요 프레임 진단 정상 외부패널 진단 교환 엔카진단 자세히 보기 엔카가 차량상태를 확인했어요 더보기 외관 스크래치, 등화장치, 타이어 상태, 실내 냄새까지 엔카 진단센터에서 직접 확인했어요. 차량 키 개수 2개 틴팅(앞 유리) 있음 타이어트레드 잔량 (앞) 툴팁 3mm 타이어트레드 잔량 (뒤) 툴팁 5mm 더보기 차량관리상태 모두보기 엔카진단 우수 등급을 확인했어요 원동기, 변속기 정상여부, 차량 상태가 양호한 차량만 우수 등급을 받을 수 있습니다. 엔카믿고 계약 시스템으로 차량을 구매하시면 90일 또는 5,000km까지 엔카성능보증을 제공합니다엔카성능보증 도움말 성능장에서 직접 하부점검을 한 차량입니다. 진단 우수 등급 자세히보기 성능점검을 등록한 차량이에요 제시번호 : 2026030425 교환 1 판금 1 부식 없음 성능기록부 자세히보기 차량이력 내차 피해 총 2,106,240원 (4회) 타차 가해 없음 특이 사항 없음 차량이력 자세히 보기 보증 현황 제조사 보증제조사보증도움말 일반/차체 엔진/미션 엔카보증 성능보험보험사제공성능보험도움말 30일/2,000km 약 60개 부품 보증 (법적 의무 가입대상) 엔카성능보증엔카제공엔카성능보증도움말 90일/5,000km 약 60개 부품 보증, 엔카믿고 계약서로 구매 시 비용 없이 추가 제공 엔카금융 1분만에 한도/금리 비교 다양한 금융사의 금리를 비교해보세요 방문없이 조회가 가능해요 신용점수에 영향이 없어요 금리 비교하기 판매자 정보 판매자정보사진 오토파크 모터스박영달매매 판매자 정보 판매중4판매완료17 부산 금정구 반송로 425 종사원증번호 2505137920상사/조합정보 이 차량을 '엔카믿고'로 신청하시면 엔카가 거래 과정을 함께 합니다. 엔카에 거래 도움받기 구매 가이드 허위매물 대처 압류 및 저당 처리 성능 상태 점검기록부 차량 금액 외 별도 수수료 차량 이전등록 차량 체크사항 알림등록 비슷한 조건의 동일한 모델이 신규매물로 등록되면 알려드릴까요? 알림등록 470만원 총비용계산기 보험료 계산 대출상품 조회 리스상품 조회 보험이력 4건 성능점검내역 일반/엔카직영 신차대비 -% 신차가격표 판매자 문의하기 중고차시세 팔린매물 동급매물 엔카 중고차론 금융사 비교하고 제휴 추가할인 금리 4.9% 부터~ 닫기 허위매물 단속 및 매매관련 분쟁 처리 등을 위해 050안심번호로문의하면 전화번호와 통화내용이 엔카에 자동 저장됩니다.050도움말 엔카는 등록 시스템만을 제공하며, 판매자가 직접 등록한 차량의 모든 책임은 판매자에게 있습니다. 신고하기 회사소개인재채용클린엔카지점안내엔카직영성능점검장안내매매지원이용약관고객센터디스플레이광고개인정보처리방침금융소비자보호원격지원서비스 네이버 블로그 인스타그램 유튜브 페이스북 패밀리사이트 O2O를 잇는 신뢰와 기술로 차량을 사고 파는 모습의 진화를 만듭니다 고객센터 : 1599-5455FAX : 02-754-8768대표메일 : trust@encar.com주소 : 서울특별시 중구 통일로2길 16, 18~19층(순화동) 사업자 등록번호 : 104-86-54476통신판매업신고 : 제2014-서울중구-0393호대표자 : 김상범Copyright © 엔카닷컴(주) 내 차를 최고가에 팔고, 믿고 사는 가장 좋은 방법. 엔카닷컴(주) 엔카닷컴(주)는 통신판매중개자로서 통신판매의 당사자가 아니며, 상품·거래정보, 거래에 대하여 책임을 지지 않습니다."
41619458,YF 쏘나타Y20 프라임블랙 연식,10/09식,91699,가솔린,서울,480,https://fem.encar.com/cars/detail/41619458?advClickPosition=mweb_mhightlight_g92_t400&listAdvType=mhighlight&type=detail&view_type=checked,"엔카 기본정보 옵션정보 차량상태 보증현황 판매자 정보 딜러 셀프등록 로그인/회원가입 채팅 전체메뉴 열기 엔카진단 등록번호 41619458조회수 11찜 0 신고하기 프린트 공유하기 찜하기 이전이미지 다음이미지 1 / 20 사진 모두보기 YF 쏘나타Y20 프라임블랙 연식 10/09식 (11년형) 연형정보 주행거리 91,699km 연료 가솔린 차량번호 56거4855 자세히 엔카가 아래 사항을 모두 진단 하였습니다 툴팁 엔카진단 프레임무사고 확인 옵션 정보더보기 주요옵션 옵션 설명 보기 선루프 없음 헤드램프 (HID) 없음 주차감지센서 있음 후방카메라 없음 자동에어컨 있음 스마트키 없음 내비게이션 있음 열선시트 있음 통풍시트 없음 가죽시트 있음 29개 옵션 모두보기 이 차를 추천하는 이유더보기 연식에 비해 비교적 짧은 10만km 이내의 주행거리를 보유한 쏘나타 차량입니다. 아이나비 네비게이션이 매립으로 시공되어 있어 목적지까지 안전한 주행이 가능해요. 차량 상태 엔카진단 엔카가 무사고 진단을 했어요 프레임 진단 정상 외부패널 진단 정상 엔카진단 자세히 보기 차량이력 내차 피해 총 707,738원 (2회) 타차 가해 없음 특이 사항 없음 차량이력 자세히 보기 보증 현황 제조사 보증제조사보증도움말 일반/차체 엔진/미션 엔카금융 1분만에 한도/금리 비교 다양한 금융사의 금리를 비교해보세요 방문없이 조회가 가능해요 신용점수에 영향이 없어요 금리 비교하기 판매자 정보 판매자정보사진 드림카김영호매매 판매자 정보 판매중11판매완료38 서울 양천구 화곡로 6 종사원증번호 SE25-00509상사/조합정보 구매 가이드 허위매물 대처 압류 및 저당 처리 성능 상태 점검기록부 차량 금액 외 별도 수수료 차량 이전등록 차량 체크사항 알림등록 비슷한 조건의 동일한 모델이 신규매물로 등록되면 알려드릴까요? 알림등록 480만원 총비용계산기 보험료 계산 대출상품 조회 리스상품 조회 보험이력 2건 성능점검내역 미등록 신차대비 -% 신차가격표 판매자 문의하기 중고차시세 팔린매물 동급매물 엔카 중고차론 금융사 비교하고 제휴 추가할인 금리 4.9% 부터~ 닫기 허위매물 단속 및 매매관련 분쟁 처리 등을 위해 050안심번호로문의하면 전화번호와 통화내용이 엔카에 자동 저장됩니다.050도움말 엔카는 등록 시스템만을 제공하며, 판매자가 직접 등록한 차량의 모든 책임은 판매자에게 있습니다. 신고하기 회사소개인재채용클린엔카지점안내엔카직영성능점검장안내매매지원이용약관고객센터디스플레이광고개인정보처리방침금융소비자보호원격지원서비스 네이버 블로그 인스타그램 유튜브 페이스북 패밀리사이트 O2O를 잇는 신뢰와 기술로 차량을 사고 파는 모습의 진화를 만듭니다 고객센터 : 1599-5455FAX : 02-754-8768대표메일 : trust@encar.com주소 : 서울특별시 중구 통일로2길 16, 18~19층(순화동) 사업자 등록번호 : 104-86-54476통신판매업신고 : 제2014-서울중구-0393호대표자 : 김상범Copyright © 엔카닷컴(주) 내 차를 최고가에 팔고, 믿고 사는 가장 좋은 방법. 엔카닷컴(주) 엔카닷컴(주)는 통신판매중개자로서 통신판매의 당사자가 아니며, 상품·거래정보, 거래에 대하여 책임을 지지 않습니다."
41634804,YF 쏘나타LPI 프리미어(장애인용) 연식,11/05식,234675,LPG(일반인 구입),서울,330,https://fem.encar.com/cars/detail/41634804?advClickPosition=mweb_mhightlight_g93_t400&listAdvType=mhighlight&type=detail&view_type=normal,"엔카 기본정보 옵션정보 차량상태 보증현황 판매자 정보 딜러 셀프등록 로그인/회원가입 채팅 전체메뉴 열기 등록번호 41634804조회수 30찜 1 신고하기 프린트 공유하기 찜하기 #HOT#COOL#양호 엔카 실촬영 이전이미지 다음이미지 1 / 20 사진 모두보기 YF 쏘나타LPI 프리미어(장애인용) 연식 11/05식 연형정보 주행거리 234,675km 연료 LPG(일반인 구입) 차량번호 54오7729 자세히 옵션 정보더보기 주요옵션 옵션 설명 보기 선루프 없음 헤드램프 (HID) 없음 주차감지센서 있음 후방카메라 있음 자동에어컨 있음 스마트키 있음 내비게이션 있음 열선시트 있음 통풍시트 없음 가죽시트 있음 28개 옵션 모두보기 차량 상태 성능점검을 등록한 차량이에요 제시번호 : 20260310 교환 없음 판금 1 부식 없음 성능기록부 자세히보기 차량이력 내차 피해 총 200,000원 (1회) 타차 가해 총 1,050,310원 (3회) 특이 사항 없음 차량이력 자세히 보기 보증 현황 제조사 보증제조사보증도움말 일반/차체 엔진/미션 엔카금융 1분만에 한도/금리 비교 다양한 금융사의 금리를 비교해보세요 방문없이 조회가 가능해요 신용점수에 영향이 없어요 금리 비교하기 판매자 정보 판매자정보사진 효자상사류정매매 판매자 정보 판매중7판매완료23 전북 전주시 완산구 종사원증번호 JN25-00030상사/조합정보 구매 가이드 허위매물 대처 압류 및 저당 처리 성능 상태 점검기록부 차량 금액 외 별도 수수료 차량 이전등록 차량 체크사항 알림등록 비슷한 조건의 동일한 모델이 신규매물로 등록되면 알려드릴까요? 알림등록 330만원 총비용계산기 보험료 계산 대출상품 조회 리스상품 조회 보험이력 4건 성능점검내역 일반/엔카직영 신차가격표 판매자 문의하기 중고차시세 팔린매물 동급매물 엔카 중고차론 금융사 비교하고 제휴 추가할인 금리 4.9% 부터~ 닫기 허위매물 단속 및 매매관련 분쟁 처리 등을 위해 050안심번호로문의하면 전화번호와 통화내용이 엔카에 자동 저장됩니다.050도움말 엔카는 등록 시스템만을 제공하며, 판매자가 직접 등록한 차량의 모든 책임은 판매자에게 있습니다. 신고하기 회사소개인재채용클린엔카지점안내엔카직영성능점검장안내매매지원이용약관고객센터디스플레이광고개인정보처리방침금융소비자보호원격지원서비스 네이버 블로그 인스타그램 유튜브 페이스북 패밀리사이트 O2O를 잇는 신뢰와 기술로 차량을 사고 파는 모습의 진화를 만듭니다 고객센터 : 1599-5455FAX : 02-754-8768대표메일 : trust@encar.com주소 : 서울특별시 중구 통일로2길 16, 18~19층(순화동) 사업자 등록번호 : 104-86-54476통신판매업신고 : 제2014-서울중구-0393호대표자 : 김상범Copyright © 엔카닷컴(주) 내 차를 최고가에 팔고, 믿고 사는 가장 좋은 방법. 엔카닷컴(주) 엔카닷컴(주)는 통신판매중개자로서 통신판매의 당사자가 아니며, 상품·거래정보, 거래에 대하여 책임을 지지 않습니다."
41431154,YF 쏘나타LPI 디럭스 연식,10/08식,173771,LPG(일반인 구입),서울,310,https://fem.encar.com/cars/detail/41431154?advClickPosition=mweb_mhightlight_g94_t400&listAdvType=mhighlight&type=detail&view_type=normal,"엔카 기본정보 옵션정보 차량상태 보증현황 판매자 정보 딜러 셀프등록 로그인/회원가입 채팅 전체메뉴 열기 등록번호 41431154조회수 292찜 1 신고하기 프린트 공유하기 찜하기 #HOT#COOL#양호 엔카 실촬영 이전이미지 다음이미지 1 / 20 사진 모두보기 YF 쏘나타LPI 디럭스 연식 10/08식 (11년형) 연형정보 주행거리 173,771km 연료 LPG(일반인 구입) 차량번호 65노5031 자세히 옵션 정보더보기 주요옵션 옵션 설명 보기 선루프 없음 헤드램프 (HID) 없음 주차감지센서 있음 후방카메라 없음 자동에어컨 없음 스마트키 없음 내비게이션 없음 열선시트 없음 통풍시트 없음 가죽시트 있음 11개 옵션 모두보기 차량 상태 성능점검을 등록한 차량이에요 제시번호 : 2026003157 본 차량의 성능 점검 기록부는 판매자가 사진으로 등록했습니다. 성능기록부 자세히보기 차량이력 내차 피해 총 1,842,932원 (3회) 타차 가해 총 1,051,000원 (1회) 특이 사항 렌트 이력 차량이력 자세히 보기 보증 현황 제조사 보증제조사보증도움말 일반/차체 엔진/미션 엔카금융 1분만에 한도/금리 비교 다양한 금융사의 금리를 비교해보세요 방문없이 조회가 가능해요 신용점수에 영향이 없어요 금리 비교하기 판매자 정보 판매자정보사진 아크모터스김병문매매 판매자 정보 판매중30판매완료22 경북 영천시 금호로 461 종사원증번호 2505401076상사/조합정보 구매 가이드 허위매물 대처 압류 및 저당 처리 성능 상태 점검기록부 차량 금액 외 별도 수수료 차량 이전등록 차량 체크사항 알림등록 비슷한 조건의 동일한 모델이 신규매물로 등록되면 알려드릴까요? 알림등록 310만원 총비용계산기 보험료 계산 대출상품 조회 리스상품 조회 보험이력 4건 성능점검내역 일반/엔카직영 신차가격표 판매자 문의하기 중고차시세 팔린매물 동급매물 엔카 중고차론 금융사 비교하고 제휴 추가할인 금리 4.9% 부터~ 닫기 허위매물 단속 및 매매관련 분쟁 처리 등을 위해 050안심번호로문의하면 전화번호와 통화내용이 엔카에 자동 저장됩니다.050도움말 엔카는 등록 시스템만을 제공하며, 판매자가 직접 등록한 차량의 모든 책임은 판매자에게 있습니다. 신고하기 회사소개인재채용클린엔카지점안내엔카직영성능점검장안내매매지원이용약관고객센터디스플레이광고개인정보처리방침금융소비자보호원격지원서비스 네이버 블로그 인스타그램 유튜브 페이스북 패밀리사이트 O2O를 잇는 신뢰와 기술로 차량을 사고 파는 모습의 진화를 만듭니다 고객센터 : 1599-5455FAX : 02-754-8768대표메일 : trust@encar.com주소 : 서울특별시 중구 통일로2길 16, 18~19층(순화동) 사업자 등록번호 : 104-86-54476통신판매업신고 : 제2014-서울중구-0393호대표자 : 김상범Copyright © 엔카닷컴(주) 내 차를 최고가에 팔고, 믿고 사는 가장 좋은 방법. 엔카닷컴(주) 엔카닷컴(주)는 통신판매중개자로서 통신판매의 당사자가 아니며, 상품·거래정보, 거래에 대하여 책임을 지지 않습니다."
41338634,YF 쏘나타LPI 럭셔리 연식,11/06식,165874,LPG(일반인 구입),서울,355,https://fem.encar.com/cars/detail/41338634?advClickPosition=mweb_mhightlight_g95_t400&listAdvType=mhighlight&type=detail&view_type=checked,"엔카 기본정보 옵션정보 차량상태 보증현황 판매자 정보 딜러 셀프등록 로그인/회원가입 채팅 전체메뉴 열기 엔카진단 등록번호 41338634조회수 458찜 7 신고하기 프린트 공유하기 찜하기 이전이미지 다음이미지 1 / 20 사진 모두보기 YF 쏘나타LPI 럭셔리 연식 11/06식 연형정보 주행거리 165,874km 연료 LPG(일반인 구입) 차량번호 53고4711 자세히 엔카가 아래 사항을 모두 진단 하였습니다 툴팁 엔카진단 프레임무사고 확인 옵션 정보더보기 주요옵션 옵션 설명 보기 선루프 없음 헤드램프 (HID) 없음 주차감지센서 있음 후방카메라 있음 자동에어컨 없음 스마트키 없음 내비게이션 있음 열선시트 없음 통풍시트 없음 가죽시트 있음 18개 옵션 모두보기 이 차를 추천하는 이유더보기 적산거리 대비 준수한 실내외 컨디션을 유지중이며 후방카메라를 장착하여 안전성을 더한 차량을 실물로 만나보시길 추천드립니다! 차량 상태 엔카진단 엔카가 무사고 진단을 했어요 프레임 진단 정상 외부패널 진단 교환 엔카진단 자세히 보기 성능점검을 등록한 차량이에요 제시번호 : 9830024964 본 차량의 성능 점검 기록부는 판매자가 사진으로 등록했습니다. 성능기록부 자세히보기 차량이력 내차 피해 총 1,301,621원 (2회) 타차 가해 총 3,951,494원 (1회) 특이 사항 렌트 이력 차량이력 자세히 보기 보증 현황 제조사 보증제조사보증도움말 일반/차체 엔진/미션 엔카금융 1분만에 한도/금리 비교 다양한 금융사의 금리를 비교해보세요 방문없이 조회가 가능해요 신용점수에 영향이 없어요 금리 비교하기 판매자 정보 판매자정보사진 차만사이종태매매 판매자 정보 판매중5판매완료46 경기 수원시 권선구 권선로 343 종사원증번호 GC24-03311상사/조합정보 구매 가이드 허위매물 대처 압류 및 저당 처리 성능 상태 점검기록부 차량 금액 외 별도 수수료 차량 이전등록 차량 체크사항 알림등록 비슷한 조건의 동일한 모델이 신규매물로 등록되면 알려드릴까요? 알림등록 355만원 총비용계산기 보험료 계산 대출상품 조회 리스상품 조회 보험이력 3건 성능점검내역 일반/엔카직영 신차가격표 판매자 문의하기 중고차시세 팔린매물 동급매물 엔카 중고차론 금융사 비교하고 제휴 추가할인 금리 4.9% 부터~ 닫기 허위매물 단속 및 매매관련 분쟁 처리 등을 위해 050안심번호로문의하면 전화번호와 통화내용이 엔카에 자동 저장됩니다.050도움말 엔카는 등록 시스템만을 제공하며, 판매자가 직접 등록한 차량의 모든 책임은 판매자에게 있습니다. 신고하기 회사소개인재채용클린엔카지점안내엔카직영성능점검장안내매매지원이용약관고객센터디스플레이광고개인정보처리방침금융소비자보호원격지원서비스 네이버 블로그 인스타그램 유튜브 페이스북 패밀리사이트 O2O를 잇는 신뢰와 기술로 차량을 사고 파는 모습의 진화를 만듭니다 고객센터 : 1599-5455FAX : 02-754-8768대표메일 : trust@encar.com주소 : 서울특별시 중구 통일로2길 16, 18~19층(순화동) 사업자 등록번호 : 104-86-54476통신판매업신고 : 제2014-서울중구-0393호대표자 : 김상범Copyright © 엔카닷컴(주) 내 차를 최고가에 팔고, 믿고 사는 가장 좋은 방법. 엔카닷컴(주) 엔카닷컴(주)는 통신판매중개자로서 통신판매의 당사자가 아니며, 상품·거래정보, 거래에 대하여 책임을 지지 않습니다."
41468328,YF 쏘나타LPI 탑 연식,12/06식,208068,LPG(일반인 구입),서울,330,https://fem.encar.com/cars/detail/41468328?advClickPosition=mweb_mhightlight_g97_t400&listAdvType=mhighlight&type=detail&view_type=checked,"엔카 기본정보 옵션정보 차량상태 보증현황 판매자 정보 딜러 셀프등록 로그인/회원가입 채팅 전체메뉴 열기 엔카진단 등록번호 41468328조회수 442찜 8 신고하기 프린트 공유하기 찜하기 이전이미지 다음이미지 1 / 20 사진 모두보기 YF 쏘나타LPI 탑 연식 12/06식 연형정보 주행거리 208,068km 연료 LPG(일반인 구입) 차량번호 66고5018 자세히 엔카가 아래 사항을 모두 진단 하였습니다 툴팁 엔카진단 프레임무사고 확인 옵션 정보더보기 주요옵션 옵션 설명 보기 선루프 없음 헤드램프 (HID) 없음 주차감지센서 있음 후방카메라 없음 자동에어컨 있음 스마트키 있음 내비게이션 없음 열선시트 있음 통풍시트 없음 가죽시트 있음 24개 옵션 모두보기 이 차를 추천하는 이유더보기 ECM 하이패스 룸미러로 야간 눈부심은 줄이고 톨게이트 통과는 더 간편해진 YF쏘나타, 작은 편의 사양 하나로 주행 만족도가 확실히 달라지겠네요~! 차량 상태 엔카진단 엔카가 무사고 진단을 했어요 프레임 진단 정상 외부패널 진단 정상 엔카진단 자세히 보기 성능점검을 등록한 차량이에요 제시번호 : 20261054855 교환 1 판금 없음 부식 없음 성능기록부 자세히보기 차량이력 내차 피해 총 2,819,460원 (3회) 타차 가해 총 1,713,475원 (2회) 특이 사항 렌트 이력 차량이력 자세히 보기 보증 현황 제조사 보증제조사보증도움말 일반/차체 엔진/미션 엔카금융 1분만에 한도/금리 비교 다양한 금융사의 금리를 비교해보세요 방문없이 조회가 가능해요 신용점수에 영향이 없어요 금리 비교하기 판매자 정보 판매자정보사진 수성자동차박재영매매 판매자 정보 판매중18판매완료125 경기 수원시 권선구 평동로79번길 45 종사원증번호 GC26-00814상사/조합정보 구매 가이드 허위매물 대처 압류 및 저당 처리 성능 상태 점검기록부 차량 금액 외 별도 수수료 차량 이전등록 차량 체크사항 알림등록 비슷한 조건의 동일한 모델이 신규매물로 등록되면 알려드릴까요? 알림등록 330만원 총비용계산기 보험료 계산 대출상품 조회 리스상품 조회 보험이력 5건 성능점검내역 일반/엔카직영 신차가격표 판매자 문의하기 중고차시세 팔린매물 동급매물 엔카 중고차론 금융사 비교하고 제휴 추가할인 금리 4.9% 부터~ 닫기 허위매물 단속 및 매매관련 분쟁 처리 등을 위해 050안심번호로문의하면 전화번호와 통화내용이 엔카에 자동 저장됩니다.050도움말 엔카는 등록 시스템만을 제공하며, 판매자가 직접 등록한 차량의 모든 책임은 판매자에게 있습니다. 신고하기 회사소개인재채용클린엔카지점안내엔카직영성능점검장안내매매지원이용약관고객센터디스플레이광고개인정보처리방침금융소비자보호원격지원서비스 네이버 블로그 인스타그램 유튜브 페이스북 패밀리사이트 O2O를 잇는 신뢰와 기술로 차량을 사고 파는 모습의 진화를 만듭니다 고객센터 : 1599-5455FAX : 02-754-8768대표메일 : trust@encar.com주소 : 서울특별시 중구 통일로2길 16, 18~19층(순화동) 사업자 등록번호 : 104-86-54476통신판매업신고 : 제2014-서울중구-0393호대표자 : 김상범Copyright © 엔카닷컴(주) 내 차를 최고가에 팔고, 믿고 사는 가장 좋은 방법. 엔카닷컴(주) 엔카닷컴(주)는 통신판매중개자로서 통신판매의 당사자가 아니며, 상품·거래정보, 거래에 대하여 책임을 지지 않습니다."
41427794,YF 쏘나타LPI 프리미어 연식,11/07식,174406,LPG(일반인 구입),서울,360,https://fem.encar.com/cars/detail/41427794?advClickPosition=mweb_mhightlight_g98_t400&listAdvType=mhighlight&type=detail&view_type=checked,"엔카 기본정보 옵션정보 차량상태 보증현황 판매자 정보 딜러 셀프등록 로그인/회원가입 채팅 전체메뉴 열기 엔카진단 등록번호 41427794조회수 202찜 3 신고하기 프린트 공유하기 찜하기 이전이미지 다음이미지 1 / 20 사진 모두보기 YF 쏘나타LPI 프리미어 연식 11/07식 연형정보 주행거리 174,406km 연료 LPG(일반인 구입) 차량번호 12너9319 자세히 엔카가 아래 사항을 모두 진단 하였습니다 툴팁 엔카진단 프레임무사고 확인 옵션 정보더보기 주요옵션 옵션 설명 보기 선루프 없음 헤드램프 (HID) 없음 주차감지센서 없음 후방카메라 있음 자동에어컨 있음 스마트키 없음 내비게이션 있음 열선시트 없음 통풍시트 없음 가죽시트 있음 19개 옵션 모두보기 이 차를 추천하는 이유더보기 빠르고 안전한 길안내를 도와주는 애프터마켓 네비게이션이 장착 되어 있어 보다 편안하고 안락한 주행환경을 제공하며 연식대비 양호한 컨디션을 보여주는 차량 입니다 차량 상태 엔카진단 엔카가 무사고 진단을 했어요 프레임 진단 정상 외부패널 진단 교환 엔카진단 자세히 보기 성능점검을 등록한 차량이에요 제시번호 : 2026007796 교환 1 판금 없음 부식 없음 성능기록부 자세히보기 차량이력 내차 피해 총 3,552,792원 (7회) 타차 가해 총 2,686,200원 (2회) 특이 사항 없음 차량이력 자세히 보기 보증 현황 제조사 보증제조사보증도움말 일반/차체 엔진/미션 엔카금융 1분만에 한도/금리 비교 다양한 금융사의 금리를 비교해보세요 방문없이 조회가 가능해요 신용점수에 영향이 없어요 금리 비교하기 판매자 정보 판매자정보사진 케이원모터스정명호매매 판매자 정보 판매중184판매완료874 광주 서구 매월1로62번길 24 종사원증번호 13-062-00121상사/조합정보 구매 가이드 허위매물 대처 압류 및 저당 처리 성능 상태 점검기록부 차량 금액 외 별도 수수료 차량 이전등록 차량 체크사항 알림등록 비슷한 조건의 동일한 모델이 신규매물로 등록되면 알려드릴까요? 알림등록 360만원 총비용계산기 보험료 계산 대출상품 조회 리스상품 조회 보험이력 9건 성능점검내역 일반/엔카직영 신차가격표 판매자 문의하기 중고차시세 팔린매물 동급매물 엔카 중고차론 금융사 비교하고 제휴 추가할인 금리 4.9% 부터~ 닫기 허위매물 단속 및 매매관련 분쟁 처리 등을 위해 050안심번호로문의하면 전화번호와 통화내용이 엔카에 자동 저장됩니다.050도움말 엔카는 등록 시스템만을 제공하며, 판매자가 직접 등록한 차량의 모든 책임은 판매자에게 있습니다. 신고하기 회사소개인재채용클린엔카지점안내엔카직영성능점검장안내매매지원이용약관고객센터디스플레이광고개인정보처리방침금융소비자보호원격지원서비스 네이버 블로그 인스타그램 유튜브 페이스북 패밀리사이트 O2O를 잇는 신뢰와 기술로 차량을 사고 파는 모습의 진화를 만듭니다 고객센터 : 1599-5455FAX : 02-754-8768대표메일 : trust@encar.com주소 : 서울특별시 중구 통일로2길 16, 18~19층(순화동) 사업자 등록번호 : 104-86-54476통신판매업신고 : 제2014-서울중구-0393호대표자 : 김상범Copyright © 엔카닷컴(주) 내 차를 최고가에 팔고, 믿고 사는 가장 좋은 방법. 엔카닷컴(주) 엔카닷컴(주)는 통신판매중개자로서 통신판매의 당사자가 아니며, 상품·거래정보, 거래에 대하여 책임을 지지 않습니다."
41143628,YF 쏘나타LPI 프리미어 연식,10/03식,183427,LPG(일반인 구입),서울,370,https://fem.encar.com/cars/detail/41143628?advClickPosition=mweb_mhightlight_g99_t400&listAdvType=mhighlight&type=detail&view_type=checked,"엔카 기본정보 옵션정보 차량상태 보증현황 판매자 정보 딜러 셀프등록 로그인/회원가입 채팅 전체메뉴 열기 엔카진단 등록번호 41143628조회수 73찜 2 신고하기 프린트 공유하기 찜하기 이전이미지 다음이미지 1 / 20 사진 모두보기 YF 쏘나타LPI 프리미어 연식 10/03식 연형정보 주행거리 183,427km 연료 LPG(일반인 구입) 차량번호 48어1373 자세히 엔카가 아래 사항을 모두 진단 하였습니다 툴팁 엔카진단 프레임무사고 확인 옵션 정보더보기 주요옵션 옵션 설명 보기 선루프 없음 헤드램프 (HID) 없음 주차감지센서 있음 후방카메라 있음 자동에어컨 있음 스마트키 없음 내비게이션 있음 열선시트 없음 통풍시트 없음 가죽시트 있음 19개 옵션 모두보기 이 차를 추천하는 이유더보기 장착된 타이어도 4짝 모두 트레드 잔량 전면 6mm, 후면 7mm 이상으로 차량 구매 이후에도 교체 걱정 없이 안전한 주행을 즉시 즐길 수 있는 차량입니다! 차량 상태 엔카진단 엔카가 무사고 진단을 했어요 프레임 진단 정상 외부패널 진단 교환 엔카진단 자세히 보기 성능점검을 등록한 차량이에요 제시번호 : 2025133478 교환 2 판금 없음 부식 없음 성능기록부 자세히보기 차량이력 내차 피해 총 3,916,285원 (4회) 타차 가해 총 1,402,996원 (2회) 특이 사항 없음 차량이력 자세히 보기 보증 현황 제조사 보증제조사보증도움말 일반/차체 엔진/미션 엔카금융 1분만에 한도/금리 비교 다양한 금융사의 금리를 비교해보세요 방문없이 조회가 가능해요 신용점수에 영향이 없어요 금리 비교하기 판매자 정보 판매자정보사진 차차차모터스진창욱매매 판매자 정보 판매중41판매완료211 경남 창원시 마산회원구 종사원증번호 15-055-00027상사/조합정보 구매 가이드 허위매물 대처 압류 및 저당 처리 성능 상태 점검기록부 차량 금액 외 별도 수수료 차량 이전등록 차량 체크사항 알림등록 비슷한 조건의 동일한 모델이 신규매물로 등록되면 알려드릴까요? 알림등록 370만원 총비용계산기 보험료 계산 대출상품 조회 리스상품 조회 보험이력 6건 성능점검내역 일반/엔카직영 신차가격표 판매자 문의하기 중고차시세 팔린매물 동급매물 엔카 중고차론 금융사 비교하고 제휴 추가할인 금리 4.9% 부터~ 닫기 허위매물 단속 및 매매관련 분쟁 처리 등을 위해 050안심번호로문의하면 전화번호와 통화내용이 엔카에 자동 저장됩니다.050도움말 엔카는 등록 시스템만을 제공하며, 판매자가 직접 등록한 차량의 모든 책임은 판매자에게 있습니다. 신고하기 회사소개인재채용클린엔카지점안내엔카직영성능점검장안내매매지원이용약관고객센터디스플레이광고개인정보처리방침금융소비자보호원격지원서비스 네이버 블로그 인스타그램 유튜브 페이스북 패밀리사이트 O2O를 잇는 신뢰와 기술로 차량을 사고 파는 모습의 진화를 만듭니다 고객센터 : 1599-5455FAX : 02-754-8768대표메일 : trust@encar.com주소 : 서울특별시 중구 통일로2길 16, 18~19층(순화동) 사업자 등록번호 : 104-86-54476통신판매업신고 : 제2014-서울중구-0393호대표자 : 김상범Copyright © 엔카닷컴(주) 내 차를 최고가에 팔고, 믿고 사는 가장 좋은 방법. 엔카닷컴(주) 엔카닷컴(주)는 통신판매중개자로서 통신판매의 당사자가 아니며, 상품·거래정보, 거래에 대하여 책임을 지지 않습니다."
41642680,YF 쏘나타Y20 탑고급형 연식,09/10식,106493,가솔린,서울,399,https://fem.encar.com/cars/detail/41642680?advClickPosition=mweb_mhightlight_g100_t400&listAdvType=mhighlight&type=detail&view_type=checked,"엔카 기본정보 옵션정보 차량상태 보증현황 판매자 정보 딜러 셀프등록 로그인/회원가입 채팅 전체메뉴 열기 엔카진단 등록번호 41642680조회수 18찜 2 신고하기 프린트 공유하기 찜하기 이전이미지 다음이미지 1 / 20 사진 모두보기 YF 쏘나타Y20 탑고급형 연식 09/10식 (10년형) 연형정보 주행거리 106,493km 연료 가솔린 차량번호 35다2716 자세히 엔카가 아래 사항을 모두 진단 하였습니다 툴팁 엔카진단 프레임무사고 확인 옵션 정보더보기 주요옵션 옵션 설명 보기 선루프 없음 헤드램프 (HID) 없음 주차감지센서 있음 후방카메라 있음 자동에어컨 있음 스마트키 있음 내비게이션 있음 열선시트 있음 통풍시트 없음 가죽시트 있음 31개 옵션 모두보기 이 차를 추천하는 이유더보기 현대의 국민차 쏘나타 차량입니다. 연식 대비 실내외 관리가 잘 되어 컨디션이 양호하구요! 사회초년생이나 운전 초보분들에게도 아주 좋은 차량입니다! 차량 상태 엔카진단 엔카가 무사고 진단을 했어요 프레임 진단 정상 외부패널 진단 교환 엔카진단 자세히 보기 성능점검을 등록한 차량이에요 제시번호 : 4400045144 교환 1 판금 없음 부식 없음 성능기록부 자세히보기 차량이력 내차 피해 총 788,459원 (1회) 타차 가해 없음 특이 사항 없음 차량이력 자세히 보기 보증 현황 제조사 보증제조사보증도움말 일반/차체 엔진/미션 엔카금융 1분만에 한도/금리 비교 다양한 금융사의 금리를 비교해보세요 방문없이 조회가 가능해요 신용점수에 영향이 없어요 금리 비교하기 판매자 정보 판매자정보사진 153 모터스이승조매매 판매자 정보 판매중13판매완료53 경기 의정부시 종사원증번호 GG17-03232상사/조합정보 구매 가이드 허위매물 대처 압류 및 저당 처리 성능 상태 점검기록부 차량 금액 외 별도 수수료 차량 이전등록 차량 체크사항 알림등록 비슷한 조건의 동일한 모델이 신규매물로 등록되면 알려드릴까요? 알림등록 399만원 총비용계산기 보험료 계산 대출상품 조회 리스상품 조회 보험이력 1건 성능점검내역 일반/엔카직영 신차대비 -% 신차가격표 판매자 문의하기 중고차시세 팔린매물 동급매물 엔카 중고차론 금융사 비교하고 제휴 추가할인 금리 4.9% 부터~ 닫기 허위매물 단속 및 매매관련 분쟁 처리 등을 위해 050안심번호로문의하면 전화번호와 통화내용이 엔카에 자동 저장됩니다.050도움말 엔카는 등록 시스템만을 제공하며, 판매자가 직접 등록한 차량의 모든 책임은 판매자에게 있습니다. 신고하기 회사소개인재채용클린엔카지점안내엔카직영성능점검장안내매매지원이용약관고객센터디스플레이광고개인정보처리방침금융소비자보호원격지원서비스 네이버 블로그 인스타그램 유튜브 페이스북 패밀리사이트 O2O를 잇는 신뢰와 기술로 차량을 사고 파는 모습의 진화를 만듭니다 고객센터 : 1599-5455FAX : 02-754-8768대표메일 : trust@encar.com주소 : 서울특별시 중구 통일로2길 16, 18~19층(순화동) 사업자 등록번호 : 104-86-54476통신판매업신고 : 제2014-서울중구-0393호대표자 : 김상범Copyright © 엔카닷컴(주) 내 차를 최고가에 팔고, 믿고 사는 가장 좋은 방법. 엔카닷컴(주) 엔카닷컴(주)는 통신판매중개자로서 통신판매의 당사자가 아니며, 상품·거래정보, 거래에 대하여 책임을 지지 않습니다."
41520433,YF 쏘나타LPI 탑 연식,11/08식,148172,LPG(일반인 구입),서울,430,https://fem.encar.com/cars/detail/41520433?advClickPosition=mweb_mhightlight_g102_t400&listAdvType=mhighlight&type=detail&view_type=normal,"엔카 기본정보 옵션정보 차량상태 보증현황 판매자 정보 딜러 셀프등록 로그인/회원가입 채팅 전체메뉴 열기 등록번호 41520433조회수 330찜 6 신고하기 프린트 공유하기 찜하기 #LPG#특옵션#HOT 엔카 실촬영 / 버튼시동 / 내비게이션 / 열선시트 / 누우엔진 이전이미지 다음이미지 1 / 20 사진 모두보기 YF 쏘나타LPI 탑 연식 11/08식 (12년형) 연형정보 주행거리 148,172km 연료 LPG(일반인 구입) 차량번호 19어2845 자세히 옵션 정보더보기 주요옵션 옵션 설명 보기 선루프 없음 헤드램프 (HID) 없음 주차감지센서 있음 후방카메라 있음 자동에어컨 있음 스마트키 있음 내비게이션 있음 열선시트 있음 통풍시트 없음 가죽시트 있음 25개 옵션 모두보기 차량 상태 성능점검을 등록한 차량이에요 제시번호 : 2026012720 교환 1 판금 없음 부식 없음 성능기록부 자세히보기 차량이력 내차 피해 총 3,283,789원 (4회) 타차 가해 총 1,348,227원 (2회) 특이 사항 없음 차량이력 자세히 보기 보증 현황 제조사 보증제조사보증도움말 일반/차체 엔진/미션 엔카금융 1분만에 한도/금리 비교 다양한 금융사의 금리를 비교해보세요 방문없이 조회가 가능해요 신용점수에 영향이 없어요 금리 비교하기 판매자 정보 판매자정보사진 (주)다산모터스황정하매매 판매자 정보 판매중19판매완료210 광주 서구 종사원증번호 2406200240상사/조합정보 구매 가이드 허위매물 대처 압류 및 저당 처리 성능 상태 점검기록부 차량 금액 외 별도 수수료 차량 이전등록 차량 체크사항 알림등록 비슷한 조건의 동일한 모델이 신규매물로 등록되면 알려드릴까요? 알림등록 430만원 총비용계산기 보험료 계산 대출상품 조회 리스상품 조회 보험이력 6건 성능점검내역 일반/엔카직영 신차가격표 판매자 문의하기 중고차시세 팔린매물 동급매물 엔카 중고차론 금융사 비교하고 제휴 추가할인 금리 4.9% 부터~ 닫기 허위매물 단속 및 매매관련 분쟁 처리 등을 위해 050안심번호로문의하면 전화번호와 통화내용이 엔카에 자동 저장됩니다.050도움말 엔카는 등록 시스템만을 제공하며, 판매자가 직접 등록한 차량의 모든 책임은 판매자에게 있습니다. 신고하기 회사소개인재채용클린엔카지점안내엔카직영성능점검장안내매매지원이용약관고객센터디스플레이광고개인정보처리방침금융소비자보호원격지원서비스 네이버 블로그 인스타그램 유튜브 페이스북 패밀리사이트 O2O를 잇는 신뢰와 기술로 차량을 사고 파는 모습의 진화를 만듭니다 고객센터 : 1599-5455FAX : 02-754-8768대표메일 : trust@encar.com주소 : 서울특별시 중구 통일로2길 16, 18~19층(순화동) 사업자 등록번호 : 104-86-54476통신판매업신고 : 제2014-서울중구-0393호대표자 : 김상범Copyright © 엔카닷컴(주) 내 차를 최고가에 팔고, 믿고 사는 가장 좋은 방법. 엔카닷컴(주) 엔카닷컴(주)는 통신판매중개자로서 통신판매의 당사자가 아니며, 상품·거래정보, 거래에 대하여 책임을 지지 않습니다."
41318119,YF 쏘나타LPI 탑 연식,10/06식,144096,LPG(일반인 구입),서울,530,https://fem.encar.com/cars/detail/41318119?advClickPosition=mweb_mhightlight_g103_t400&listAdvType=mhighlight&type=detail&view_type=normal,"엔카 기본정보 옵션정보 차량상태 보증현황 판매자 정보 딜러 셀프등록 로그인/회원가입 채팅 전체메뉴 등록번호 41318119조회수 14찜 0 신고하기 프린트 공유하기 찜하기 #최저가#정비OK#24시간상담 최저가.차량상태최상.경정비완료 이전이미지 다음이미지 1 / 18 사진 모두보기 YF 쏘나타LPI 탑 연식 10/06식 연형정보 주행거리 144,096km 연료 LPG(일반인 구입) 차량번호 58노3684 자세히 옵션 정보더보기 주요옵션 옵션 설명 보기 선루프 없음 헤드램프 (HID) 있음 주차감지센서 있음 후방카메라 있음 자동에어컨 있음 스마트키 있음 내비게이션 있음 열선시트 있음 통풍시트 없음 가죽시트 있음 34개 옵션 모두보기 차량 상태 성능점검을 등록한 차량이에요 제시번호 : 202045343545 교환 없음 판금 2 부식 없음 성능기록부 자세히보기 보증 현황 제조사 보증제조사보증도움말 일반/차체 엔진/미션 엔카금융 1분만에 한도/금리 비교 다양한 금융사의 금리를 비교해보세요 방문없이 조회가 가능해요 신용점수에 영향이 없어요 금리 비교하기 판매자 정보 판매자정보사진 수원중고차김상태매매 판매자 정보 판매중12판매완료79 경기 수원시 권선구 권선로 308-5 종사원증번호 sw14-00092상사/조합정보 구매 가이드 허위매물 대처 압류 및 저당 처리 성능 상태 점검기록부 차량 금액 외 별도 수수료 차량 이전등록 차량 체크사항 알림등록 비슷한 조건의 동일한 모델이 신규매물로 등록되면 알려드릴까요? 알림등록 530만원 총비용계산기 보험료 계산 대출상품 조회 리스상품 조회 보험이력 공개 성능점검내역 일반/엔카직영 신차가격표 판매자 문의하기 중고차시세 팔린매물 동급매물 엔카 중고차론 금융사 비교하고 제휴 추가할인 금리 4.9% 부터~ 닫기 허위매물 단속 및 매매관련 분쟁 처리 등을 위해 050안심번호로문의하면 전화번호와 통화내용이 엔카에 자동 저장됩니다.050도움말 엔카는 등록 시스템만을 제공하며, 판매자가 직접 등록한 차량의 모든 책임은 판매자에게 있습니다. 신고하기 회사소개인재채용클린엔카지점안내엔카직영성능점검장안내매매지원이용약관고객센터디스플레이광고개인정보처리방침금융소비자보호원격지원서비스 네이버 블로그 인스타그램 유튜브 페이스북 패밀리사이트 O2O를 잇는 신뢰와 기술로 차량을 사고 파는 모습의 진화를 만듭니다 고객센터 : 1599-5455FAX : 02-754-8768대표메일 : trust@encar.com주소 : 서울특별시 중구 통일로2길 16, 18~19층(순화동) 사업자 등록번호 : 104-86-54476통신판매업신고 : 제2014-서울중구-0393호대표자 : 김상범Copyright © 엔카닷컴(주) 내 차를 최고가에 팔고, 믿고 사는 가장 좋은 방법. 엔카닷컴(주) 엔카닷컴(주)는 통신판매중개자로서 통신판매의 당사자가 아니며, 상품·거래정보, 거래에 대하여 책임을 지지 않습니다."
41634963,YF 쏘나타Y20 프리미어고급형 연식,09/09식,59919,가솔린,서울,480,https://fem.encar.com/cars/detail/41634963?advClickPosition=mweb_mhightlight_g104_t400&listAdvType=mhighlight&type=detail&view_type=normal,"엔카 기본정보 옵션정보 차량상태 보증현황 판매자 정보 딜러 셀프등록 로그인/회원가입 채팅 전체메뉴 열기 등록번호 41634963조회수 42찜 0 신고하기 프린트 공유하기 찜하기 #HOT#COOL#양호 엔카 실촬영 이전이미지 다음이미지 1 / 20 사진 모두보기 YF 쏘나타Y20 프리미어고급형 연식 09/09식 (10년형) 연형정보 주행거리 59,919km 연료 가솔린 차량번호 64러3302 자세히 옵션 정보더보기 주요옵션 옵션 설명 보기 선루프 없음 헤드램프 (HID) 없음 주차감지센서 있음 후방카메라 있음 자동에어컨 있음 스마트키 있음 내비게이션 있음 열선시트 있음 통풍시트 없음 가죽시트 있음 28개 옵션 모두보기 차량 상태 성능점검을 등록한 차량이에요 제시번호 : 2026026143 교환 2 판금 없음 부식 없음 성능기록부 자세히보기 차량이력 내차 피해 총 2,139,150원 (1회) 타차 가해 없음 특이 사항 없음 차량이력 자세히 보기 보증 현황 제조사 보증제조사보증도움말 일반/차체 엔진/미션 엔카금융 1분만에 한도/금리 비교 다양한 금융사의 금리를 비교해보세요 방문없이 조회가 가능해요 신용점수에 영향이 없어요 금리 비교하기 판매자 정보 판매자정보사진 (주)광현임정만매매 판매자 정보 판매중1판매완료10 서울 강남구 종사원증번호 SE22-00059상사/조합정보 구매 가이드 허위매물 대처 압류 및 저당 처리 성능 상태 점검기록부 차량 금액 외 별도 수수료 차량 이전등록 차량 체크사항 알림등록 비슷한 조건의 동일한 모델이 신규매물로 등록되면 알려드릴까요? 알림등록 480만원 총비용계산기 보험료 계산 대출상품 조회 리스상품 조회 보험이력 1건 성능점검내역 일반/엔카직영 신차대비 19% 신차가격표 판매자 문의하기 중고차시세 팔린매물 동급매물 엔카 중고차론 금융사 비교하고 제휴 추가할인 금리 4.9% 부터~ 닫기 허위매물 단속 및 매매관련 분쟁 처리 등을 위해 050안심번호로문의하면 전화번호와 통화내용이 엔카에 자동 저장됩니다.050도움말 엔카는 등록 시스템만을 제공하며, 판매자가 직접 등록한 차량의 모든 책임은 판매자에게 있습니다. 신고하기 회사소개인재채용클린엔카지점안내엔카직영성능점검장안내매매지원이용약관고객센터디스플레이광고개인정보처리방침금융소비자보호원격지원서비스 네이버 블로그 인스타그램 유튜브 페이스북 패밀리사이트 O2O를 잇는 신뢰와 기술로 차량을 사고 파는 모습의 진화를 만듭니다 고객센터 : 1599-5455FAX : 02-754-8768대표메일 : trust@encar.com주소 : 서울특별시 중구 통일로2길 16, 18~19층(순화동) 사업자 등록번호 : 104-86-54476통신판매업신고 : 제2014-서울중구-0393호대표자 : 김상범Copyright © 엔카닷컴(주) 내 차를 최고가에 팔고, 믿고 사는 가장 좋은 방법. 엔카닷컴(주) 엔카닷컴(주)는 통신판매중개자로서 통신판매의 당사자가 아니며, 상품·거래정보, 거래에 대하여 책임을 지지 않습니다."
41577485,YF 쏘나타Y20 프리미어최고급형 연식,10/02식,122920,가솔린,서울,390,https://fem.encar.com/cars/detail/41577485?advClickPosition=mweb_mhightlight_g105_t400&listAdvType=mhighlight&type=detail&view_type=checked,"엔카 기본정보 옵션정보 차량상태 보증현황 판매자 정보 딜러 셀프등록 로그인/회원가입 채팅 전체메뉴 열기 엔카진단 등록번호 41577485조회수 48찜 2 신고하기 프린트 공유하기 찜하기 이전이미지 다음이미지 1 / 20 사진 모두보기 YF 쏘나타Y20 프리미어최고급형 연식 10/02식 연형정보 주행거리 122,920km 연료 가솔린 차량번호 40루8408 자세히 엔카가 아래 사항을 모두 진단 하였습니다 툴팁 엔카진단 프레임무사고 확인 옵션 정보더보기 주요옵션 옵션 설명 보기 선루프 없음 헤드램프 (HID) 없음 주차감지센서 있음 후방카메라 있음 자동에어컨 있음 스마트키 있음 내비게이션 있음 열선시트 있음 통풍시트 없음 가죽시트 있음 29개 옵션 모두보기 이 차를 추천하는 이유더보기 매립형 네비게이션이 장착되어 초행길도 문제없이 길 안내를 받을 수 있으며 보조스마트키도 보유하고 있어 키 분실 시 빠른 대처가 가능한 차량입니다! 차량 상태 엔카진단 엔카가 무사고 진단을 했어요 프레임 진단 정상 외부패널 진단 정상 엔카진단 자세히 보기 성능점검을 등록한 차량이에요 제시번호 : 21345987 교환 없음 판금 없음 부식 없음 성능기록부 자세히보기 차량이력 내차 피해 없음 타차 가해 총 776,710원 (1회) 특이 사항 없음 차량이력 자세히 보기 보증 현황 제조사 보증제조사보증도움말 일반/차체 엔진/미션 엔카금융 1분만에 한도/금리 비교 다양한 금융사의 금리를 비교해보세요 방문없이 조회가 가능해요 신용점수에 영향이 없어요 금리 비교하기 판매자 정보 판매자정보사진 무결점 카모터스오우영매매 판매자 정보 판매중10판매완료80 경기 수원시 권선구 권선로 308-5 종사원증번호 GC18-00425상사/조합정보 구매 가이드 허위매물 대처 압류 및 저당 처리 성능 상태 점검기록부 차량 금액 외 별도 수수료 차량 이전등록 차량 체크사항 알림등록 비슷한 조건의 동일한 모델이 신규매물로 등록되면 알려드릴까요? 알림등록 390만원 총비용계산기 보험료 계산 대출상품 조회 리스상품 조회 보험이력 1건 성능점검내역 일반/엔카직영 신차대비 -% 신차가격표 판매자 문의하기 중고차시세 팔린매물 동급매물 엔카 중고차론 금융사 비교하고 제휴 추가할인 금리 4.9% 부터~ 닫기 허위매물 단속 및 매매관련 분쟁 처리 등을 위해 050안심번호로문의하면 전화번호와 통화내용이 엔카에 자동 저장됩니다.050도움말 엔카는 등록 시스템만을 제공하며, 판매자가 직접 등록한 차량의 모든 책임은 판매자에게 있습니다. 신고하기 회사소개인재채용클린엔카지점안내엔카직영성능점검장안내매매지원이용약관고객센터디스플레이광고개인정보처리방침금융소비자보호원격지원서비스 네이버 블로그 인스타그램 유튜브 페이스북 패밀리사이트 O2O를 잇는 신뢰와 기술로 차량을 사고 파는 모습의 진화를 만듭니다 고객센터 : 1599-5455FAX : 02-754-8768대표메일 : trust@encar.com주소 : 서울특별시 중구 통일로2길 16, 18~19층(순화동) 사업자 등록번호 : 104-86-54476통신판매업신고 : 제2014-서울중구-0393호대표자 : 김상범Copyright © 엔카닷컴(주) 내 차를 최고가에 팔고, 믿고 사는 가장 좋은 방법. 엔카닷컴(주) 엔카닷컴(주)는 통신판매중개자로서 통신판매의 당사자가 아니며, 상품·거래정보, 거래에 대하여 책임을 지지 않습니다."
40231635,YF 쏘나타Y20 프리미어 연식,11/06식,48128,가솔린,서울,550,https://fem.encar.com/cars/detail/40231635?advClickPosition=mweb_mhightlight_g106_t400&listAdvType=mhighlight&type=detail&view_type=hs_ad,"엔카 기본정보 옵션정보 차량상태 보증현황 엔카서비스 딜러 셀프등록 로그인/회원가입 채팅 전체메뉴 엔카진단+ 엔카믿고 등록번호 40219416조회수 363찜 30 신고하기 프린트 공유하기 찜하기 이전이미지 다음이미지 1 / 20 사진 모두보기 YF 쏘나타Y20 프리미어 연식 11/06식 연형정보 주행거리 48,128km 연료 가솔린 차량번호 43누4696 자세히 엔카가 아래 사항을 모두 진단 하였습니다 툴팁 엔카진단+ 프레임무사고 확인 내외부차량 관리 상태 확인 엔카를 통한 구매는 환불을 보장합니다 엔카믿고 차량확인 시원하는 곳으로 배송 구매 시7일간 타보고 환불가능 옵션 정보더보기 주요옵션 옵션 설명 보기 선루프 없음 헤드램프 (HID) 없음 주차감지센서 있음 후방카메라 있음 자동에어컨 있음 스마트키 있음 내비게이션 있음 열선시트 있음 통풍시트 없음 가죽시트 있음 32개 옵션 모두보기 이 차를 추천하는 이유더보기 연식 대비 4만키로대의 짧은 주행거리를 유지중인 차량입니다! 그만큼 사용감도 잘 느껴지지 않으며 깔끔한 컨디션과 아이나비까지 장착되어 편리한 주행을 선사합니다! 차량 상태 엔카진단+ 엔카가 무사고 진단을 했어요 프레임 진단 정상 외부패널 진단 정상 엔카진단 자세히 보기 엔카가 차량상태를 확인했어요 더보기 외관 스크래치, 등화장치, 타이어 상태, 실내 냄새까지 엔카 진단센터에서 직접 확인했어요. 차량 키 개수 2개 틴팅(앞 유리) 없음 타이어트레드 잔량 (앞) 툴팁 6mm 타이어트레드 잔량 (뒤) 툴팁 7mm 더보기 차량관리상태 모두보기 성능점검을 등록한 차량이에요 제시번호 : 2025101482 교환 없음 판금 1 부식 없음 성능기록부 자세히보기 차량이력 내차 피해 총 4,110,656원 (5회) 타차 가해 없음 특이 사항 없음 차량이력 자세히 보기 보증 현황 제조사 보증제조사보증도움말 일반/차체 엔진/미션 엔카보증 성능보험보험사제공성능보험도움말 30일/2,000km 약 60개 부품 보증 (법적 의무 가입대상) 엔카종합보증엔카제공엔카종합보증도움말 ~180일/10,000km 약 160개 부품 보증, 가입 시 보상한도 내 무제한 보증 수리 엔카를 통해 구매하기 엔카믿고 제공혜택 차량확인 시원하는 곳으로 배송 구매 시7일간 타보고 환불가능 집앞으로 배송받기 엔카 전담 상담원 엔카 매니저 고객님과 꼼꼼히 상담 후 배송해드린 차량을 7일간 타보세요. 대출 상담부터 스크래치 확인까지 1:1로 엔카매니저가 모두 도와드리는 서비스 입니다. 판매자 정보 엔카금융 1분만에 한도/금리 비교 다양한 금융사의 금리를 비교해보세요 방문없이 조회가 가능해요 신용점수에 영향이 없어요 금리 비교하기 구매 가이드 허위매물 대처 압류 및 저당 처리 성능 상태 점검기록부 차량 금액 외 별도 수수료 차량 이전등록 차량 체크사항 알림등록 비슷한 조건의 동일한 모델이 신규매물로 등록되면 알려드릴까요? 알림등록 550만원 총비용계산기 보험료 계산 대출상품 조회 리스상품 조회 보험이력 5건 성능점검내역 일반/엔카직영 신차대비 -% 신차가격표 문의하기 엔카를 통해 구매하기 중고차시세 팔린매물 동급매물 엔카 중고차론 금융사 비교하고 제휴 추가할인 금리 4.9% 부터~ 닫기 허위매물 단속 및 매매관련 분쟁 처리 등을 위해 050안심번호로문의하면 전화번호와 통화내용이 엔카에 자동 저장됩니다.050도움말 회사소개인재채용클린엔카지점안내엔카직영성능점검장안내매매지원이용약관고객센터디스플레이광고개인정보처리방침금융소비자보호원격지원서비스 네이버 블로그 인스타그램 유튜브 페이스북 패밀리사이트 O2O를 잇는 신뢰와 기술로 차량을 사고 파는 모습의 진화를 만듭니다 고객센터 : 1599-5455FAX : 02-754-8768대표메일 : trust@encar.com주소 : 서울특별시 중구 통일로2길 16, 18~19층(순화동) 사업자 등록번호 : 104-86-54476통신판매업신고 : 제2014-서울중구-0393호대표자 : 김상범Copyright © 엔카닷컴(주) 내 차를 최고가에 팔고, 믿고 사는 가장 좋은 방법. 엔카닷컴(주) 엔카닷컴(주)는 통신판매중개자로서 통신판매의 당사자가 아니며, 상품·거래정보, 거래에 대하여 책임을 지지 않습니다."
41415148,YF 쏘나타Y20 프리미어 연식,10/11식,115521,가솔린,서울,160,https://fem.encar.com/cars/detail/41415148?advClickPosition=mweb_mhightlight_g107_t400&listAdvType=mhighlight&type=detail&view_type=checked,"엔카 기본정보 옵션정보 차량상태 보증현황 판매자 정보 딜러 셀프등록 로그인/회원가입 채팅 전체메뉴 엔카진단 등록번호 41415148조회수 427찜 13 신고하기 프린트 공유하기 찜하기 이전이미지 다음이미지 1 / 20 사진 모두보기 YF 쏘나타Y20 프리미어 연식 10/11식 (11년형) 연형정보 주행거리 115,521km 연료 가솔린 차량번호 26우4153 자세히 엔카가 아래 사항을 모두 진단 하였습니다 툴팁 엔카진단 프레임무사고 확인 옵션 정보더보기 주요옵션 옵션 설명 보기 선루프 없음 헤드램프 (HID) 없음 주차감지센서 있음 후방카메라 있음 자동에어컨 있음 스마트키 있음 내비게이션 없음 열선시트 있음 통풍시트 없음 가죽시트 있음 31개 옵션 모두보기 이 차만의 옵션더보기 Intelligent DMB 네비게이션(외장형 앰프, 서브 우퍼, 음성 인식, 후방카메라, 후방 주차 가이드 시스템 포함) 160만원 이 차를 추천하는 이유더보기 연식 대비 짧은 주행거리로 차량 사용감이 적은 것이 장점입니다. 전반적인 컨디션이 깔끔하게 유지되어 있으며, 실내외 관리 상태에서도 세심한 관리 이력이 느껴집니다. 차량 상태 엔카진단 엔카가 무사고 진단을 했어요 프레임 진단 정상 외부패널 진단 정상 엔카진단 자세히 보기 성능점검을 등록한 차량이에요 제시번호 : 20260202 교환 없음 판금 없음 부식 없음 성능기록부 자세히보기 차량이력 내차 피해 총 313,000원 (1회) 타차 가해 총 335,369원 (1회) 특이 사항 없음 차량이력 자세히 보기 보증 현황 제조사 보증제조사보증도움말 일반/차체 엔진/미션 엔카금융 1분만에 한도/금리 비교 다양한 금융사의 금리를 비교해보세요 방문없이 조회가 가능해요 신용점수에 영향이 없어요 금리 비교하기 판매자 정보 판매자정보사진 (주)준모터스한대승매매 판매자 정보 판매중26판매완료27 경기 수원시 권선구 평동로79번길 45 종사원증번호 GC25-04412상사/조합정보 구매 가이드 허위매물 대처 압류 및 저당 처리 성능 상태 점검기록부 차량 금액 외 별도 수수료 차량 이전등록 차량 체크사항 알림등록 비슷한 조건의 동일한 모델이 신규매물로 등록되면 알려드릴까요? 알림등록 380만원 총비용계산기 보험료 계산 대출상품 조회 리스상품 조회 보험이력 2건 성능점검내역 일반/엔카직영 신차대비 -% 신차가격표 판매자 문의하기 중고차시세 팔린매물 동급매물 엔카 중고차론 금융사 비교하고 제휴 추가할인 금리 4.9% 부터~ 닫기 허위매물 단속 및 매매관련 분쟁 처리 등을 위해 050안심번호로문의하면 전화번호와 통화내용이 엔카에 자동 저장됩니다.050도움말 엔카는 등록 시스템만을 제공하며, 판매자가 직접 등록한 차량의 모든 책임은 판매자에게 있습니다. 신고하기 회사소개인재채용클린엔카지점안내엔카직영성능점검장안내매매지원이용약관고객센터디스플레이광고개인정보처리방침금융소비자보호원격지원서비스 네이버 블로그 인스타그램 유튜브 페이스북 패밀리사이트 O2O를 잇는 신뢰와 기술로 차량을 사고 파는 모습의 진화를 만듭니다 고객센터 : 1599-5455FAX : 02-754-8768대표메일 : trust@encar.com주소 : 서울특별시 중구 통일로2길 16, 18~19층(순화동) 사업자 등록번호 : 104-86-54476통신판매업신고 : 제2014-서울중구-0393호대표자 : 김상범Copyright © 엔카닷컴(주) 내 차를 최고가에 팔고, 믿고 사는 가장 좋은 방법. 엔카닷컴(주) 엔카닷컴(주)는 통신판매중개자로서 통신판매의 당사자가 아니며, 상품·거래정보, 거래에 대하여 책임을 지지 않습니다."
40219416,YF 쏘나타Y20 프리미어 연식,11/06식,48128,가솔린,서울,550,https://fem.encar.com/cars/detail/40219416?advClickPosition=mweb_mhightlight_g108_t400&listAdvType=mhighlight&type=detail&view_type=checked,"엔카 기본정보 옵션정보 차량상태 보증현황 판매자 정보 딜러 셀프등록 로그인/회원가입 채팅 전체메뉴 열기 엔카진단+ 등록번호 40219416조회수 363찜 0 신고하기 프린트 공유하기 찜하기 이전이미지 다음이미지 1 / 20 사진 모두보기 YF 쏘나타Y20 프리미어 연식 11/06식 연형정보 주행거리 48,128km 연료 가솔린 차량번호 43누4696 자세히 엔카가 아래 사항을 모두 진단 하였습니다 툴팁 엔카진단+ 프레임무사고 확인 내외부차량 관리 상태 확인 옵션 정보더보기 주요옵션 옵션 설명 보기 선루프 없음 헤드램프 (HID) 없음 주차감지센서 있음 후방카메라 있음 자동에어컨 있음 스마트키 있음 내비게이션 있음 열선시트 있음 통풍시트 없음 가죽시트 있음 32개 옵션 모두보기 이 차를 추천하는 이유더보기 연식 대비 4만키로대의 짧은 주행거리를 유지중인 차량입니다! 그만큼 사용감도 잘 느껴지지 않으며 깔끔한 컨디션과 아이나비까지 장착되어 편리한 주행을 선사합니다! 차량 상태 엔카진단+ 엔카가 무사고 진단을 했어요 프레임 진단 정상 외부패널 진단 정상 엔카진단 자세히 보기 엔카가 차량상태를 확인했어요 더보기 외관 스크래치, 등화장치, 타이어 상태, 실내 냄새까지 엔카 진단센터에서 직접 확인했어요. 차량 키 개수 2개 틴팅(앞 유리) 없음 타이어트레드 잔량 (앞) 툴팁 6mm 타이어트레드 잔량 (뒤) 툴팁 7mm 더보기 차량관리상태 모두보기 성능점검을 등록한 차량이에요 제시번호 : 2025101482 교환 없음 판금 1 부식 없음 성능기록부 자세히보기 차량이력 내차 피해 총 4,110,656원 (5회) 타차 가해 없음 특이 사항 없음 차량이력 자세히 보기 보증 현황 제조사 보증제조사보증도움말 일반/차체 엔진/미션 엔카금융 1분만에 한도/금리 비교 다양한 금융사의 금리를 비교해보세요 방문없이 조회가 가능해요 신용점수에 영향이 없어요 금리 비교하기 판매자 정보 판매자정보사진 신한자동차이종현매매 판매자 정보 판매중13판매완료89 서울 영등포구 종사원증번호 SE-24-00489상사/조합정보 이 차량을 '엔카믿고'로 신청하시면 엔카가 거래 과정을 함께 합니다. 엔카에 거래 도움받기 구매 가이드 허위매물 대처 압류 및 저당 처리 성능 상태 점검기록부 차량 금액 외 별도 수수료 차량 이전등록 차량 체크사항 알림등록 비슷한 조건의 동일한 모델이 신규매물로 등록되면 알려드릴까요? 알림등록 550만원 총비용계산기 보험료 계산 대출상품 조회 리스상품 조회 보험이력 5건 성능점검내역 일반/엔카직영 신차대비 -% 신차가격표 판매자 문의하기 중고차시세 팔린매물 동급매물 엔카 중고차론 금융사 비교하고 제휴 추가할인 금리 4.9% 부터~ 닫기 허위매물 단속 및 매매관련 분쟁 처리 등을 위해 050안심번호로문의하면 전화번호와 통화내용이 엔카에 자동 저장됩니다.050도움말 엔카는 등록 시스템만을 제공하며, 판매자가 직접 등록한 차량의 모든 책임은 판매자에게 있습니다. 신고하기 회사소개인재채용클린엔카지점안내엔카직영성능점검장안내매매지원이용약관고객센터디스플레이광고개인정보처리방침금융소비자보호원격지원서비스 네이버 블로그 인스타그램 유튜브 페이스북 패밀리사이트 O2O를 잇는 신뢰와 기술로 차량을 사고 파는 모습의 진화를 만듭니다 고객센터 : 1599-5455FAX : 02-754-8768대표메일 : trust@encar.com주소 : 서울특별시 중구 통일로2길 16, 18~19층(순화동) 사업자 등록번호 : 104-86-54476통신판매업신고 : 제2014-서울중구-0393호대표자 : 김상범Copyright © 엔카닷컴(주) 내 차를 최고가에 팔고, 믿고 사는 가장 좋은 방법. 엔카닷컴(주) 엔카닷컴(주)는 통신판매중개자로서 통신판매의 당사자가 아니며, 상품·거래정보, 거래에 대하여 책임을 지지 않습니다."
41465178,YF 쏘나타Y20 로얄 연식,10/12식,123376,가솔린,서울,8,https://fem.encar.com/cars/detail/41465178?advClickPosition=mweb_mhightlight_g109_t400&listAdvType=mhighlight&type=detail&view_type=checked,"엔카 기본정보 옵션정보 차량상태 보증현황 판매자 정보 딜러 셀프등록 로그인/회원가입 채팅 전체메뉴 열기 엔카진단 등록번호 41465178조회수 538찜 13 신고하기 프린트 공유하기 찜하기 이전이미지 다음이미지 1 / 20 사진 모두보기 YF 쏘나타Y20 로얄 연식 10/12식 (11년형) 연형정보 주행거리 123,376km 연료 가솔린 차량번호 67수1334 자세히 엔카가 아래 사항을 모두 진단 하였습니다 툴팁 엔카진단 프레임무사고 확인 옵션 정보더보기 주요옵션 옵션 설명 보기 선루프 있음 헤드램프 (HID) 있음 주차감지센서 있음 후방카메라 있음 자동에어컨 있음 스마트키 있음 내비게이션 없음 열선시트 있음 통풍시트 있음 가죽시트 있음 38개 옵션 모두보기 이 차만의 옵션더보기 화이트 크리스탈(WHC) 외장컬러선택옵션설명 자세히보기 8만원 스포티 패키지선택옵션설명 자세히보기 45만원 3피스 타입 파노라마 썬루프(전동식 롤 블라인드) 115만원 이 차를 추천하는 이유더보기 뛰어난 가성비 모델 YF소나타입니다 해당연식에서 찾아보기 어려운 선루프, 통풍시트등 풍부한 옵션을 갖추었네요! 차량 상태 엔카진단 엔카가 무사고 진단을 했어요 프레임 진단 정상 외부패널 진단 정상 엔카진단 자세히 보기 성능점검을 등록한 차량이에요 제시번호 : 20260130 교환 없음 판금 없음 부식 없음 성능기록부 자세히보기 차량이력 내차 피해 없음 타차 가해 총 1,381,621원 (3회) 특이 사항 없음 차량이력 자세히 보기 보증 현황 제조사 보증제조사보증도움말 일반/차체 엔진/미션 엔카금융 1분만에 한도/금리 비교 다양한 금융사의 금리를 비교해보세요 방문없이 조회가 가능해요 신용점수에 영향이 없어요 금리 비교하기 판매자 정보 판매자정보사진 별모터스성명성매매 판매자 정보 판매중78판매완료638 경기 부천시 종사원증번호 GG23-00560상사/조합정보 구매 가이드 허위매물 대처 압류 및 저당 처리 성능 상태 점검기록부 차량 금액 외 별도 수수료 차량 이전등록 차량 체크사항 알림등록 비슷한 조건의 동일한 모델이 신규매물로 등록되면 알려드릴까요? 알림등록 380만원 총비용계산기 보험료 계산 대출상품 조회 리스상품 조회 보험이력 3건 성능점검내역 일반/엔카직영 신차대비 -% 신차가격표 판매자 문의하기 중고차시세 팔린매물 동급매물 엔카 중고차론 금융사 비교하고 제휴 추가할인 금리 4.9% 부터~ 닫기 허위매물 단속 및 매매관련 분쟁 처리 등을 위해 050안심번호로문의하면 전화번호와 통화내용이 엔카에 자동 저장됩니다.050도움말 엔카는 등록 시스템만을 제공하며, 판매자가 직접 등록한 차량의 모든 책임은 판매자에게 있습니다. 신고하기 회사소개인재채용클린엔카지점안내엔카직영성능점검장안내매매지원이용약관고객센터디스플레이광고개인정보처리방침금융소비자보호원격지원서비스 네이버 블로그 인스타그램 유튜브 페이스북 패밀리사이트 O2O를 잇는 신뢰와 기술로 차량을 사고 파는 모습의 진화를 만듭니다 고객센터 : 1599-5455FAX : 02-754-8768대표메일 : trust@encar.com주소 : 서울특별시 중구 통일로2길 16, 18~19층(순화동) 사업자 등록번호 : 104-86-54476통신판매업신고 : 제2014-서울중구-0393호대표자 : 김상범Copyright © 엔카닷컴(주) 내 차를 최고가에 팔고, 믿고 사는 가장 좋은 방법. 엔카닷컴(주) 엔카닷컴(주)는 통신판매중개자로서 통신판매의 당사자가 아니며, 상품·거래정보, 거래에 대하여 책임을 지지 않습니다."
41237515,YF 쏘나타Y20 프라임고급형 연식,10/01식,84194,가솔린,서울,439,https://fem.encar.com/cars/detail/41237515?advClickPosition=mweb_mhightlight_g110_t400&listAdvType=mhighlight&type=detail&view_type=checked,"엔카 기본정보 옵션정보 차량상태 보증현황 판매자 정보 딜러 셀프등록 로그인/회원가입 채팅 전체메뉴 엔카진단 등록번호 41237515조회수 163찜 1 신고하기 프린트 공유하기 찜하기 이전이미지 다음이미지 1 / 20 사진 모두보기 YF 쏘나타Y20 프라임고급형 연식 10/01식 연형정보 주행거리 84,194km 연료 가솔린 차량번호 46머8100 자세히 엔카가 아래 사항을 모두 진단 하였습니다 툴팁 엔카진단 프레임무사고 확인 옵션 정보더보기 주요옵션 옵션 설명 보기 선루프 없음 헤드램프 (HID) 없음 주차감지센서 있음 후방카메라 없음 자동에어컨 있음 스마트키 없음 내비게이션 없음 열선시트 있음 통풍시트 없음 가죽시트 없음 21개 옵션 모두보기 이 차를 추천하는 이유더보기 연식에 비해 적은 주행거리가 매력이네요! 주행거리가 적다는 건 비교적 사용이 적었다는 것일 테고 손때가 비교적 덜 탄 가성비 세단급을 찾으신다면 이 차량 어떠신가요 차량 상태 엔카진단 엔카가 무사고 진단을 했어요 프레임 진단 정상 외부패널 진단 정상 엔카진단 자세히 보기 성능점검을 등록한 차량이에요 제시번호 : 20251229 교환 없음 판금 없음 부식 없음 성능기록부 자세히보기 보증 현황 제조사 보증제조사보증도움말 일반/차체 엔진/미션 엔카금융 1분만에 한도/금리 비교 다양한 금융사의 금리를 비교해보세요 방문없이 조회가 가능해요 신용점수에 영향이 없어요 금리 비교하기 판매자 정보 판매자정보사진 에이스모터스남동원매매 판매자 정보 판매중39판매완료105 부산 남구 동명로 12 종사원증번호 23-051-37071상사/조합정보 구매 가이드 허위매물 대처 압류 및 저당 처리 성능 상태 점검기록부 차량 금액 외 별도 수수료 차량 이전등록 차량 체크사항 알림등록 비슷한 조건의 동일한 모델이 신규매물로 등록되면 알려드릴까요? 알림등록 439만원 총비용계산기 보험료 계산 대출상품 조회 리스상품 조회 보험이력 공개 성능점검내역 일반/엔카직영 신차대비 -% 신차가격표 판매자 문의하기 중고차시세 팔린매물 동급매물 엔카 중고차론 금융사 비교하고 제휴 추가할인 금리 4.9% 부터~ 닫기 허위매물 단속 및 매매관련 분쟁 처리 등을 위해 050안심번호로문의하면 전화번호와 통화내용이 엔카에 자동 저장됩니다.050도움말 엔카는 등록 시스템만을 제공하며, 판매자가 직접 등록한 차량의 모든 책임은 판매자에게 있습니다. 신고하기 회사소개인재채용클린엔카지점안내엔카직영성능점검장안내매매지원이용약관고객센터디스플레이광고개인정보처리방침금융소비자보호원격지원서비스 네이버 블로그 인스타그램 유튜브 페이스북 패밀리사이트 O2O를 잇는 신뢰와 기술로 차량을 사고 파는 모습의 진화를 만듭니다 고객센터 : 1599-5455FAX : 02-754-8768대표메일 : trust@encar.com주소 : 서울특별시 중구 통일로2길 16, 18~19층(순화동) 사업자 등록번호 : 104-86-54476통신판매업신고 : 제2014-서울중구-0393호대표자 : 김상범Copyright © 엔카닷컴(주) 내 차를 최고가에 팔고, 믿고 사는 가장 좋은 방법. 엔카닷컴(주) 엔카닷컴(주)는 통신판매중개자로서 통신판매의 당사자가 아니며, 상품·거래정보, 거래에 대하여 책임을 지지 않습니다."
41636384,YF 쏘나타LPI 프리미어(장애인용) 연식,12/02식,177806,LPG(일반인 구입),서울,450,https://fem.encar.com/cars/detail/41636384?advClickPosition=mweb_mhightlight_g111_t400&listAdvType=mhighlight&type=detail&view_type=hs_ad,"엔카 기본정보 옵션정보 차량상태 보증현황 엔카서비스 딜러 셀프등록 로그인/회원가입 채팅 전체메뉴 열기 엔카진단 엔카믿고 등록번호 41633492조회수 19찜 0 신고하기 프린트 공유하기 찜하기 이전이미지 다음이미지 1 / 20 사진 모두보기 YF 쏘나타LPI 프리미어(장애인용) 연식 12/02식 연형정보 주행거리 177,806km 연료 LPG(일반인 구입) 차량번호 16더2353 자세히 엔카가 아래 사항을 모두 진단 하였습니다 툴팁 엔카진단 프레임무사고 확인 엔카를 통한 구매는 환불을 보장합니다 엔카믿고 차량확인 시원하는 곳으로 배송 구매 시7일간 타보고 환불가능 옵션 정보더보기 주요옵션 옵션 설명 보기 선루프 없음 헤드램프 (HID) 없음 주차감지센서 있음 후방카메라 없음 자동에어컨 있음 스마트키 있음 내비게이션 있음 열선시트 있음 통풍시트 있음 가죽시트 있음 29개 옵션 모두보기 이 차를 추천하는 이유더보기 주행거리대비 양호한 내외관이 돋보이고 운전석 통풍시트, 레인센서 등 다양한 옵션들을 통해 쾌적한 주행을 도와주는 차량입니다 차량 상태 엔카진단 엔카가 무사고 진단을 했어요 프레임 진단 정상 외부패널 진단 정상 엔카진단 자세히 보기 차량이력 내차 피해 총 6,094,529원 (8회) 타차 가해 총 2,113,867원 (4회) 특이 사항 없음 차량이력 자세히 보기 보증 현황 제조사 보증제조사보증도움말 일반/차체 엔진/미션 엔카를 통해 구매하기 엔카믿고 제공혜택 차량확인 시원하는 곳으로 배송 구매 시7일간 타보고 환불가능 집앞으로 배송받기 엔카 전담 상담원 엔카 매니저 고객님과 꼼꼼히 상담 후 배송해드린 차량을 7일간 타보세요. 대출 상담부터 스크래치 확인까지 1:1로 엔카매니저가 모두 도와드리는 서비스 입니다. 판매자 정보 엔카금융 1분만에 한도/금리 비교 다양한 금융사의 금리를 비교해보세요 방문없이 조회가 가능해요 신용점수에 영향이 없어요 금리 비교하기 구매 가이드 허위매물 대처 압류 및 저당 처리 성능 상태 점검기록부 차량 금액 외 별도 수수료 차량 이전등록 차량 체크사항 알림등록 비슷한 조건의 동일한 모델이 신규매물로 등록되면 알려드릴까요? 알림등록 450만원 총비용계산기 보험료 계산 대출상품 조회 리스상품 조회 보험이력 12건 성능점검내역 미등록 신차가격표 문의하기 엔카를 통해 구매하기 중고차시세 팔린매물 동급매물 엔카 중고차론 금융사 비교하고 제휴 추가할인 금리 4.9% 부터~ 닫기 허위매물 단속 및 매매관련 분쟁 처리 등을 위해 050안심번호로문의하면 전화번호와 통화내용이 엔카에 자동 저장됩니다.050도움말 회사소개인재채용클린엔카지점안내엔카직영성능점검장안내매매지원이용약관고객센터디스플레이광고개인정보처리방침금융소비자보호원격지원서비스 네이버 블로그 인스타그램 유튜브 페이스북 패밀리사이트 O2O를 잇는 신뢰와 기술로 차량을 사고 파는 모습의 진화를 만듭니다 고객센터 : 1599-5455FAX : 02-754-8768대표메일 : trust@encar.com주소 : 서울특별시 중구 통일로2길 16, 18~19층(순화동) 사업자 등록번호 : 104-86-54476통신판매업신고 : 제2014-서울중구-0393호대표자 : 김상범Copyright © 엔카닷컴(주) 내 차를 최고가에 팔고, 믿고 사는 가장 좋은 방법. 엔카닷컴(주) 엔카닷컴(주)는 통신판매중개자로서 통신판매의 당사자가 아니며, 상품·거래정보, 거래에 대하여 책임을 지지 않습니다."
41616154,YF 쏘나타LPI 럭셔리(장애인용) 연식,12/02식,154365,LPG(일반인 구입),서울,390,https://fem.encar.com/cars/detail/41616154?advClickPosition=mweb_mhightlight_g112_t400&listAdvType=mhighlight&type=detail&view_type=normal,"엔카 기본정보 옵션정보 차량상태 보증현황 판매자 정보 딜러 셀프등록 로그인/회원가입 채팅 전체메뉴 등록번호 41616154조회수 40찜 0 신고하기 프린트 공유하기 찜하기 #HOT#COOL#양호 엔카 실촬영 이전이미지 다음이미지 1 / 20 사진 모두보기 YF 쏘나타LPI 럭셔리(장애인용) 연식 12/02식 연형정보 주행거리 154,365km 연료 LPG(일반인 구입) 차량번호 249모4762 자세히 옵션 정보더보기 주요옵션 옵션 설명 보기 선루프 없음 헤드램프 (HID) 없음 주차감지센서 있음 후방카메라 있음 자동에어컨 있음 스마트키 있음 내비게이션 있음 열선시트 있음 통풍시트 없음 가죽시트 있음 29개 옵션 모두보기 차량 상태 차량이력 내차 피해 총 7,592,209원 (7회) 타차 가해 총 1,403,229원 (2회) 특이 사항 없음 차량이력 자세히 보기 보증 현황 제조사 보증제조사보증도움말 일반/차체 엔진/미션 엔카금융 1분만에 한도/금리 비교 다양한 금융사의 금리를 비교해보세요 방문없이 조회가 가능해요 신용점수에 영향이 없어요 금리 비교하기 판매자 정보 판매자정보사진 재서모터스최우종매매 판매자 정보 판매중4판매완료8 전남 순천시 강청길 148 종사원증번호 25-061-00035상사/조합정보 구매 가이드 허위매물 대처 압류 및 저당 처리 성능 상태 점검기록부 차량 금액 외 별도 수수료 차량 이전등록 차량 체크사항 알림등록 비슷한 조건의 동일한 모델이 신규매물로 등록되면 알려드릴까요? 알림등록 390만원 총비용계산기 보험료 계산 대출상품 조회 리스상품 조회 보험이력 9건 성능점검내역 미등록 신차가격표 판매자 문의하기 중고차시세 팔린매물 동급매물 엔카 중고차론 금융사 비교하고 제휴 추가할인 금리 4.9% 부터~ 닫기 허위매물 단속 및 매매관련 분쟁 처리 등을 위해 050안심번호로문의하면 전화번호와 통화내용이 엔카에 자동 저장됩니다.050도움말 엔카는 등록 시스템만을 제공하며, 판매자가 직접 등록한 차량의 모든 책임은 판매자에게 있습니다. 신고하기 회사소개인재채용클린엔카지점안내엔카직영성능점검장안내매매지원이용약관고객센터디스플레이광고개인정보처리방침금융소비자보호원격지원서비스 네이버 블로그 인스타그램 유튜브 페이스북 패밀리사이트 O2O를 잇는 신뢰와 기술로 차량을 사고 파는 모습의 진화를 만듭니다 고객센터 : 1599-5455FAX : 02-754-8768대표메일 : trust@encar.com주소 : 서울특별시 중구 통일로2길 16, 18~19층(순화동) 사업자 등록번호 : 104-86-54476통신판매업신고 : 제2014-서울중구-0393호대표자 : 김상범Copyright © 엔카닷컴(주) 내 차를 최고가에 팔고, 믿고 사는 가장 좋은 방법. 엔카닷컴(주) 엔카닷컴(주)는 통신판매중개자로서 통신판매의 당사자가 아니며, 상품·거래정보, 거래에 대하여 책임을 지지 않습니다."
41556594,YF 쏘나타LPI 탑 연식,10/02식,232278,LPG(일반인 구입),서울,370,https://fem.encar.com/cars/detail/41556594?advClickPosition=mweb_mhightlight_g113_t400&listAdvType=mhighlight&type=detail&view_type=checked,"엔카 기본정보 옵션정보 차량상태 보증현황 판매자 정보 딜러 셀프등록 로그인/회원가입 채팅 전체메뉴 열기 엔카진단 등록번호 41556594조회수 57찜 0 신고하기 프린트 공유하기 찜하기 이전이미지 다음이미지 1 / 20 사진 모두보기 YF 쏘나타LPI 탑 연식 10/02식 연형정보 주행거리 232,278km 연료 LPG(일반인 구입) 차량번호 26러7680 자세히 엔카가 아래 사항을 모두 진단 하였습니다 툴팁 엔카진단 프레임무사고 확인 옵션 정보더보기 주요옵션 옵션 설명 보기 선루프 없음 헤드램프 (HID) 없음 주차감지센서 있음 후방카메라 있음 자동에어컨 있음 스마트키 있음 내비게이션 있음 열선시트 있음 통풍시트 없음 가죽시트 있음 26개 옵션 모두보기 이 차를 추천하는 이유더보기 고급스러운 천장 리무진 가죽 시공으로 방음에도 효과적이며 시각적으로 차량이 조금 더 멋스러워보이네요 기존에 없던 헤드업 장착 등 이점이 많은 차량으로 추천드려요 차량 상태 엔카진단 엔카가 무사고 진단을 했어요 프레임 진단 정상 외부패널 진단 정상 엔카진단 자세히 보기 차량이력 내차 피해 총 3,039,910원 (5회) 타차 가해 총 1,387,060원 (2회) 특이 사항 없음 차량이력 자세히 보기 보증 현황 제조사 보증제조사보증도움말 일반/차체 엔진/미션 엔카금융 1분만에 한도/금리 비교 다양한 금융사의 금리를 비교해보세요 방문없이 조회가 가능해요 신용점수에 영향이 없어요 금리 비교하기 판매자 정보 판매자정보사진 애니카상사고문기매매 판매자 정보 판매중21판매완료88 경북 구미시 부곡동 종사원증번호 10-054-12658상사/조합정보 구매 가이드 허위매물 대처 압류 및 저당 처리 성능 상태 점검기록부 차량 금액 외 별도 수수료 차량 이전등록 차량 체크사항 알림등록 비슷한 조건의 동일한 모델이 신규매물로 등록되면 알려드릴까요? 알림등록 370만원 총비용계산기 보험료 계산 대출상품 조회 리스상품 조회 보험이력 7건 성능점검내역 미등록 신차가격표 판매자 문의하기 중고차시세 팔린매물 동급매물 엔카 중고차론 금융사 비교하고 제휴 추가할인 금리 4.9% 부터~ 닫기 허위매물 단속 및 매매관련 분쟁 처리 등을 위해 050안심번호로문의하면 전화번호와 통화내용이 엔카에 자동 저장됩니다.050도움말 엔카는 등록 시스템만을 제공하며, 판매자가 직접 등록한 차량의 모든 책임은 판매자에게 있습니다. 신고하기 회사소개인재채용클린엔카지점안내엔카직영성능점검장안내매매지원이용약관고객센터디스플레이광고개인정보처리방침금융소비자보호원격지원서비스 네이버 블로그 인스타그램 유튜브 페이스북 패밀리사이트 O2O를 잇는 신뢰와 기술로 차량을 사고 파는 모습의 진화를 만듭니다 고객센터 : 1599-5455FAX : 02-754-8768대표메일 : trust@encar.com주소 : 서울특별시 중구 통일로2길 16, 18~19층(순화동) 사업자 등록번호 : 104-86-54476통신판매업신고 : 제2014-서울중구-0393호대표자 : 김상범Copyright © 엔카닷컴(주) 내 차를 최고가에 팔고, 믿고 사는 가장 좋은 방법. 엔카닷컴(주) 엔카닷컴(주)는 통신판매중개자로서 통신판매의 당사자가 아니며, 상품·거래정보, 거래에 대하여 책임을 지지 않습니다."
41633492,YF 쏘나타LPI 프리미어(장애인용) 연식,12/02식,177806,LPG(일반인 구입),서울,450,https://fem.encar.com/cars/detail/41633492?advClickPosition=mweb_mhightlight_g114_t400&listAdvType=mhighlight&type=detail&view_type=checked,"엔카 기본정보 옵션정보 차량상태 보증현황 판매자 정보 딜러 셀프등록 로그인/회원가입 채팅 전체메뉴 열기 엔카진단 등록번호 41633492조회수 20찜 0 신고하기 프린트 공유하기 찜하기 이전이미지 다음이미지 1 / 20 사진 모두보기 YF 쏘나타LPI 프리미어(장애인용) 연식 12/02식 연형정보 주행거리 177,806km 연료 LPG(일반인 구입) 차량번호 16더2353 자세히 엔카가 아래 사항을 모두 진단 하였습니다 툴팁 엔카진단 프레임무사고 확인 옵션 정보더보기 주요옵션 옵션 설명 보기 선루프 없음 헤드램프 (HID) 없음 주차감지센서 있음 후방카메라 없음 자동에어컨 있음 스마트키 있음 내비게이션 있음 열선시트 있음 통풍시트 있음 가죽시트 있음 29개 옵션 모두보기 이 차를 추천하는 이유더보기 주행거리대비 양호한 내외관이 돋보이고 운전석 통풍시트, 레인센서 등 다양한 옵션들을 통해 쾌적한 주행을 도와주는 차량입니다 차량 상태 엔카진단 엔카가 무사고 진단을 했어요 프레임 진단 정상 외부패널 진단 정상 엔카진단 자세히 보기 차량이력 내차 피해 총 6,094,529원 (8회) 타차 가해 총 2,113,867원 (4회) 특이 사항 없음 차량이력 자세히 보기 보증 현황 제조사 보증제조사보증도움말 일반/차체 엔진/미션 엔카금융 1분만에 한도/금리 비교 다양한 금융사의 금리를 비교해보세요 방문없이 조회가 가능해요 신용점수에 영향이 없어요 금리 비교하기 판매자 정보 판매자정보사진 신한길모터스조명훈매매 판매자 정보 판매중28판매완료103 광주 서구 매월1로62번길 16 종사원증번호 21-062-00143상사/조합정보 이 차량을 '엔카믿고'로 신청하시면 엔카가 거래 과정을 함께 합니다. 엔카에 거래 도움받기 구매 가이드 허위매물 대처 압류 및 저당 처리 성능 상태 점검기록부 차량 금액 외 별도 수수료 차량 이전등록 차량 체크사항 알림등록 비슷한 조건의 동일한 모델이 신규매물로 등록되면 알려드릴까요? 알림등록 450만원 총비용계산기 보험료 계산 대출상품 조회 리스상품 조회 보험이력 12건 성능점검내역 미등록 신차가격표 판매자 문의하기 중고차시세 팔린매물 동급매물 엔카 중고차론 금융사 비교하고 제휴 추가할인 금리 4.9% 부터~ 닫기 허위매물 단속 및 매매관련 분쟁 처리 등을 위해 050안심번호로문의하면 전화번호와 통화내용이 엔카에 자동 저장됩니다.050도움말 엔카는 등록 시스템만을 제공하며, 판매자가 직접 등록한 차량의 모든 책임은 판매자에게 있습니다. 신고하기 회사소개인재채용클린엔카지점안내엔카직영성능점검장안내매매지원이용약관고객센터디스플레이광고개인정보처리방침금융소비자보호원격지원서비스 네이버 블로그 인스타그램 유튜브 페이스북 패밀리사이트 O2O를 잇는 신뢰와 기술로 차량을 사고 파는 모습의 진화를 만듭니다 고객센터 : 1599-5455FAX : 02-754-8768대표메일 : trust@encar.com주소 : 서울특별시 중구 통일로2길 16, 18~19층(순화동) 사업자 등록번호 : 104-86-54476통신판매업신고 : 제2014-서울중구-0393호대표자 : 김상범Copyright © 엔카닷컴(주) 내 차를 최고가에 팔고, 믿고 사는 가장 좋은 방법. 엔카닷컴(주) 엔카닷컴(주)는 통신판매중개자로서 통신판매의 당사자가 아니며, 상품·거래정보, 거래에 대하여 책임을 지지 않습니다."
41591809,YF 쏘나타Y20 스포츠 연식,09/12식,177362,가솔린,서울,110,https://fem.encar.com/cars/detail/41591809?advClickPosition=mweb_mhightlight_g115_t400&listAdvType=mhighlight&type=detail&view_type=checked,"엔카 기본정보 옵션정보 차량상태 보증현황 판매자 정보 딜러 셀프등록 로그인/회원가입 채팅 전체메뉴 열기 엔카진단 등록번호 41591809조회수 53찜 0 신고하기 프린트 공유하기 찜하기 이전이미지 다음이미지 1 / 20 사진 모두보기 YF 쏘나타Y20 스포츠 연식 09/12식 (10년형) 연형정보 주행거리 177,362km 연료 가솔린 차량번호 17부7925 자세히 엔카가 아래 사항을 모두 진단 하였습니다 툴팁 엔카진단 프레임무사고 확인 옵션 정보더보기 주요옵션 옵션 설명 보기 선루프 있음 헤드램프 (HID) 없음 주차감지센서 있음 후방카메라 없음 자동에어컨 있음 스마트키 있음 내비게이션 있음 열선시트 있음 통풍시트 없음 가죽시트 있음 33개 옵션 모두보기 이 차만의 옵션더보기 Intelligent DMB 네비게이션(음성 인식, 후방카메라, 후방 주차가이드 시스템 포함) 110만원 이 차를 추천하는 이유더보기 여유로운 실내 거주성과 넉넉한 적재용량 잘 갖춰진 편의기능 그리고 기분좋은 개방감을 선사하는 파노라마 선루프까지 갖춘 차량으로 성능지상 교환 없는 차량입니다 차량 상태 엔카진단 엔카가 무사고 진단을 했어요 프레임 진단 정상 외부패널 진단 정상 엔카진단 자세히 보기 차량이력 내차 피해 총 2,077,124원 (5회) 타차 가해 없음 특이 사항 없음 차량이력 자세히 보기 보증 현황 제조사 보증제조사보증도움말 일반/차체 엔진/미션 엔카금융 1분만에 한도/금리 비교 다양한 금융사의 금리를 비교해보세요 방문없이 조회가 가능해요 신용점수에 영향이 없어요 금리 비교하기 판매자 정보 판매자정보사진 애니카상사고문기매매 판매자 정보 판매중21판매완료88 경북 구미시 부곡동 종사원증번호 10-054-12658상사/조합정보 구매 가이드 허위매물 대처 압류 및 저당 처리 성능 상태 점검기록부 차량 금액 외 별도 수수료 차량 이전등록 차량 체크사항 알림등록 비슷한 조건의 동일한 모델이 신규매물로 등록되면 알려드릴까요? 알림등록 380만원 총비용계산기 보험료 계산 대출상품 조회 리스상품 조회 보험이력 5건 성능점검내역 미등록 신차대비 -% 신차가격표 판매자 문의하기 중고차시세 팔린매물 동급매물 엔카 중고차론 금융사 비교하고 제휴 추가할인 금리 4.9% 부터~ 닫기 허위매물 단속 및 매매관련 분쟁 처리 등을 위해 050안심번호로문의하면 전화번호와 통화내용이 엔카에 자동 저장됩니다.050도움말 엔카는 등록 시스템만을 제공하며, 판매자가 직접 등록한 차량의 모든 책임은 판매자에게 있습니다. 신고하기 회사소개인재채용클린엔카지점안내엔카직영성능점검장안내매매지원이용약관고객센터디스플레이광고개인정보처리방침금융소비자보호원격지원서비스 네이버 블로그 인스타그램 유튜브 페이스북 패밀리사이트 O2O를 잇는 신뢰와 기술로 차량을 사고 파는 모습의 진화를 만듭니다 고객센터 : 1599-5455FAX : 02-754-8768대표메일 : trust@encar.com주소 : 서울특별시 중구 통일로2길 16, 18~19층(순화동) 사업자 등록번호 : 104-86-54476통신판매업신고 : 제2014-서울중구-0393호대표자 : 김상범Copyright © 엔카닷컴(주) 내 차를 최고가에 팔고, 믿고 사는 가장 좋은 방법. 엔카닷컴(주) 엔카닷컴(주)는 통신판매중개자로서 통신판매의 당사자가 아니며, 상품·거래정보, 거래에 대하여 책임을 지지 않습니다."
41648434,YF 쏘나타Y20 럭셔리 연식,11/10식,85697,가솔린,서울,429,https://fem.encar.com/cars/detail/41648434?advClickPosition=mweb_mhightlight_g116_t400&listAdvType=mhighlight&type=detail&view_type=hs_ad,"엔카 기본정보 옵션정보 차량상태 보증현황 엔카서비스 딜러 셀프등록 로그인/회원가입 채팅 전체메뉴 열기 엔카진단+ 엔카믿고 등록번호 41645701조회수 11찜 3 신고하기 프린트 공유하기 찜하기 이전이미지 다음이미지 1 / 20 사진 모두보기 YF 쏘나타Y20 럭셔리 연식 11/10식 (12년형) 연형정보 주행거리 85,697km 연료 가솔린 차량번호 62저8956 자세히 엔카가 아래 사항을 모두 진단 하였습니다 툴팁 엔카진단+ 프레임무사고 확인 내외부차량 관리 상태 확인 엔카를 통한 구매는 환불을 보장합니다 엔카믿고 차량확인 시원하는 곳으로 배송 구매 시7일간 타보고 환불가능 옵션 정보더보기 주요옵션 옵션 설명 보기 선루프 없음 헤드램프 (HID) 없음 주차감지센서 있음 후방카메라 있음 자동에어컨 있음 스마트키 있음 내비게이션 없음 열선시트 있음 통풍시트 없음 가죽시트 있음 28개 옵션 모두보기 이 차를 추천하는 이유더보기 하이패스 룸미러가 적용돼 톨게이트 통과가 한결 간편해지고 시야 방해 없이 깔끔한 실내 구성으로 일상 주행의 편의성 제대로 느껴지겠네요 차량 상태 엔카진단+ 엔카가 무사고 진단을 했어요 프레임 진단 정상 외부패널 진단 정상 엔카진단 자세히 보기 엔카가 차량상태를 확인했어요 더보기 외관 스크래치, 등화장치, 타이어 상태, 실내 냄새까지 엔카 진단센터에서 직접 확인했어요. 차량 키 개수 1개 틴팅(앞 유리) 있음 타이어트레드 잔량 (앞) 툴팁 5mm 타이어트레드 잔량 (뒤) 툴팁 5mm 더보기 차량관리상태 모두보기 성능점검을 등록한 차량이에요 제시번호 : 20261112350 교환 없음 판금 없음 부식 없음 성능기록부 자세히보기 차량이력 내차 피해 총 1,247,283원 (1회) 타차 가해 없음 특이 사항 없음 차량이력 자세히 보기 보증 현황 제조사 보증제조사보증도움말 일반/차체 엔진/미션 엔카보증 성능보험보험사제공성능보험도움말 30일/2,000km 약 60개 부품 보증 (법적 의무 가입대상) 엔카종합보증엔카제공엔카종합보증도움말 ~180일/10,000km 약 160개 부품 보증, 가입 시 보상한도 내 무제한 보증 수리 엔카를 통해 구매하기 엔카믿고 제공혜택 차량확인 시원하는 곳으로 배송 구매 시7일간 타보고 환불가능 집앞으로 배송받기 엔카 전담 상담원 엔카 매니저 고객님과 꼼꼼히 상담 후 배송해드린 차량을 7일간 타보세요. 대출 상담부터 스크래치 확인까지 1:1로 엔카매니저가 모두 도와드리는 서비스 입니다. 판매자 정보 엔카금융 1분만에 한도/금리 비교 다양한 금융사의 금리를 비교해보세요 방문없이 조회가 가능해요 신용점수에 영향이 없어요 금리 비교하기 구매 가이드 허위매물 대처 압류 및 저당 처리 성능 상태 점검기록부 차량 금액 외 별도 수수료 차량 이전등록 차량 체크사항 알림등록 비슷한 조건의 동일한 모델이 신규매물로 등록되면 알려드릴까요? 알림등록 429만원 총비용계산기 보험료 계산 대출상품 조회 리스상품 조회 보험이력 1건 성능점검내역 일반/엔카직영 신차대비 -% 신차가격표 문의하기 엔카를 통해 구매하기 중고차시세 팔린매물 동급매물 엔카 중고차론 금융사 비교하고 제휴 추가할인 금리 4.9% 부터~ 닫기 허위매물 단속 및 매매관련 분쟁 처리 등을 위해 050안심번호로문의하면 전화번호와 통화내용이 엔카에 자동 저장됩니다.050도움말 회사소개인재채용클린엔카지점안내엔카직영성능점검장안내매매지원이용약관고객센터디스플레이광고개인정보처리방침금융소비자보호원격지원서비스 네이버 블로그 인스타그램 유튜브 페이스북 패밀리사이트 O2O를 잇는 신뢰와 기술로 차량을 사고 파는 모습의 진화를 만듭니다 고객센터 : 1599-5455FAX : 02-754-8768대표메일 : trust@encar.com주소 : 서울특별시 중구 통일로2길 16, 18~19층(순화동) 사업자 등록번호 : 104-86-54476통신판매업신고 : 제2014-서울중구-0393호대표자 : 김상범Copyright © 엔카닷컴(주) 내 차를 최고가에 팔고, 믿고 사는 가장 좋은 방법. 엔카닷컴(주) 엔카닷컴(주)는 통신판매중개자로서 통신판매의 당사자가 아니며, 상품·거래정보, 거래에 대하여 책임을 지지 않습니다."
40124634,YF 쏘나타LPI 프리미어(장애인용) 연식,10/05식,192119,LPG(일반인 구입),서울,320,https://fem.encar.com/cars/detail/40124634?advClickPosition=mweb_mhightlight_g118_t400&listAdvType=mhighlight&type=detail&view_type=hs_ad,"엔카 기본정보 옵션정보 차량상태 보증현황 엔카서비스 딜러 셀프등록 로그인/회원가입 채팅 전체메뉴 열기 엔카믿고 등록번호 40124632조회수 699찜 27 신고하기 프린트 공유하기 찜하기 #특옵션#정비OK#최저가 엔카 실촬영 이전이미지 다음이미지 1 / 20 사진 모두보기 YF 쏘나타LPI 프리미어(장애인용) 연식 10/05식 연형정보 주행거리 192,119km 연료 LPG(일반인 구입) 차량번호 30구9377 자세히 엔카를 통한 구매는 환불을 보장합니다 엔카믿고 차량확인 시원하는 곳으로 배송 구매 시7일간 타보고 환불가능 옵션 정보더보기 주요옵션 옵션 설명 보기 선루프 있음 헤드램프 (HID) 없음 주차감지센서 있음 후방카메라 없음 자동에어컨 있음 스마트키 있음 내비게이션 있음 열선시트 있음 통풍시트 없음 가죽시트 있음 28개 옵션 모두보기 차량 상태 엔카가 차량상태를 확인했어요 더보기 외관 스크래치, 등화장치, 타이어 상태, 실내 냄새까지 엔카 진단센터에서 직접 확인했어요. 차량 키 개수 2개 틴팅(앞 유리) 있음 타이어트레드 잔량 (앞) 툴팁 4mm 타이어트레드 잔량 (뒤) 툴팁 4mm 더보기 차량관리상태 모두보기 엔카가 직접 성능점검을 했어요 제시번호 : 제 26-27-700022호 엔카 직영성능장에서는 69개 항목을 꼼꼼히 점검합니다. 정확한 성능점검 기록으로 타사 대비 최대 55% 성능보험료가 저렴합니다. 교환 2 판금 2 부식 없음 성능기록부 자세히보기 차량이력 내차 피해 총 2,882,401원 (6회) 타차 가해 총 4,994,610원 (4회) 특이 사항 없음 차량이력 자세히 보기 보증 현황 제조사 보증제조사보증도움말 일반/차체 엔진/미션 엔카를 통해 구매하기 엔카믿고 제공혜택 차량확인 시원하는 곳으로 배송 구매 시7일간 타보고 환불가능 집앞으로 배송받기 엔카 전담 상담원 엔카 매니저 고객님과 꼼꼼히 상담 후 배송해드린 차량을 7일간 타보세요. 대출 상담부터 스크래치 확인까지 1:1로 엔카매니저가 모두 도와드리는 서비스 입니다. 판매자 정보 엔카금융 1분만에 한도/금리 비교 다양한 금융사의 금리를 비교해보세요 방문없이 조회가 가능해요 신용점수에 영향이 없어요 금리 비교하기 구매 가이드 허위매물 대처 압류 및 저당 처리 성능 상태 점검기록부 차량 금액 외 별도 수수료 차량 이전등록 차량 체크사항 알림등록 비슷한 조건의 동일한 모델이 신규매물로 등록되면 알려드릴까요? 알림등록 320만원 총비용계산기 보험료 계산 대출상품 조회 리스상품 조회 보험이력 10건 성능점검내역 일반/엔카직영 신차가격표 문의하기 엔카를 통해 구매하기 중고차시세 팔린매물 동급매물 엔카 중고차론 금융사 비교하고 제휴 추가할인 금리 4.9% 부터~ 닫기 허위매물 단속 및 매매관련 분쟁 처리 등을 위해 050안심번호로문의하면 전화번호와 통화내용이 엔카에 자동 저장됩니다.050도움말 회사소개인재채용클린엔카지점안내엔카직영성능점검장안내매매지원이용약관고객센터디스플레이광고개인정보처리방침금융소비자보호원격지원서비스 네이버 블로그 인스타그램 유튜브 페이스북 패밀리사이트 O2O를 잇는 신뢰와 기술로 차량을 사고 파는 모습의 진화를 만듭니다 고객센터 : 1599-5455FAX : 02-754-8768대표메일 : trust@encar.com주소 : 서울특별시 중구 통일로2길 16, 18~19층(순화동) 사업자 등록번호 : 104-86-54476통신판매업신고 : 제2014-서울중구-0393호대표자 : 김상범Copyright © 엔카닷컴(주) 내 차를 최고가에 팔고, 믿고 사는 가장 좋은 방법. 엔카닷컴(주) 엔카닷컴(주)는 통신판매중개자로서 통신판매의 당사자가 아니며, 상품·거래정보, 거래에 대하여 책임을 지지 않습니다."
41645701,YF 쏘나타Y20 럭셔리 연식,11/10식,85697,가솔린,서울,429,https://fem.encar.com/cars/detail/41645701?advClickPosition=mweb_mhightlight_g119_t400&listAdvType=mhighlight&type=detail&view_type=checked,"엔카 기본정보 옵션정보 차량상태 보증현황 판매자 정보 딜러 셀프등록 로그인/회원가입 채팅 전체메뉴 열기 엔카진단+ 등록번호 41645701조회수 11찜 1 신고하기 프린트 공유하기 찜하기 이전이미지 다음이미지 1 / 20 사진 모두보기 YF 쏘나타Y20 럭셔리 연식 11/10식 (12년형) 연형정보 주행거리 85,697km 연료 가솔린 차량번호 62저8956 자세히 엔카가 아래 사항을 모두 진단 하였습니다 툴팁 엔카진단+ 프레임무사고 확인 내외부차량 관리 상태 확인 옵션 정보더보기 주요옵션 옵션 설명 보기 선루프 없음 헤드램프 (HID) 없음 주차감지센서 있음 후방카메라 있음 자동에어컨 있음 스마트키 있음 내비게이션 없음 열선시트 있음 통풍시트 없음 가죽시트 있음 28개 옵션 모두보기 이 차를 추천하는 이유더보기 하이패스 룸미러가 적용돼 톨게이트 통과가 한결 간편해지고 시야 방해 없이 깔끔한 실내 구성으로 일상 주행의 편의성 제대로 느껴지겠네요 차량 상태 엔카진단+ 엔카가 무사고 진단을 했어요 프레임 진단 정상 외부패널 진단 정상 엔카진단 자세히 보기 엔카가 차량상태를 확인했어요 더보기 외관 스크래치, 등화장치, 타이어 상태, 실내 냄새까지 엔카 진단센터에서 직접 확인했어요. 차량 키 개수 1개 틴팅(앞 유리) 있음 타이어트레드 잔량 (앞) 툴팁 5mm 타이어트레드 잔량 (뒤) 툴팁 5mm 더보기 차량관리상태 모두보기 성능점검을 등록한 차량이에요 제시번호 : 20261112350 교환 없음 판금 없음 부식 없음 성능기록부 자세히보기 차량이력 내차 피해 총 1,247,283원 (1회) 타차 가해 없음 특이 사항 없음 차량이력 자세히 보기 보증 현황 제조사 보증제조사보증도움말 일반/차체 엔진/미션 엔카금융 1분만에 한도/금리 비교 다양한 금융사의 금리를 비교해보세요 방문없이 조회가 가능해요 신용점수에 영향이 없어요 금리 비교하기 판매자 정보 판매자정보사진 클린오토최영재매매 판매자 정보 판매중4판매완료123 경기 수원시 권선구 권선로 341 종사원증번호 GC24-04664상사/조합정보 이 차량을 '엔카믿고'로 신청하시면 엔카가 거래 과정을 함께 합니다. 엔카에 거래 도움받기 구매 가이드 허위매물 대처 압류 및 저당 처리 성능 상태 점검기록부 차량 금액 외 별도 수수료 차량 이전등록 차량 체크사항 알림등록 비슷한 조건의 동일한 모델이 신규매물로 등록되면 알려드릴까요? 알림등록 429만원 총비용계산기 보험료 계산 대출상품 조회 리스상품 조회 보험이력 1건 성능점검내역 일반/엔카직영 신차대비 -% 신차가격표 판매자 문의하기 중고차시세 팔린매물 동급매물 엔카 중고차론 금융사 비교하고 제휴 추가할인 금리 4.9% 부터~ 닫기 허위매물 단속 및 매매관련 분쟁 처리 등을 위해 050안심번호로문의하면 전화번호와 통화내용이 엔카에 자동 저장됩니다.050도움말 엔카는 등록 시스템만을 제공하며, 판매자가 직접 등록한 차량의 모든 책임은 판매자에게 있습니다. 신고하기 회사소개인재채용클린엔카지점안내엔카직영성능점검장안내매매지원이용약관고객센터디스플레이광고개인정보처리방침금융소비자보호원격지원서비스 네이버 블로그 인스타그램 유튜브 페이스북 패밀리사이트 O2O를 잇는 신뢰와 기술로 차량을 사고 파는 모습의 진화를 만듭니다 고객센터 : 1599-5455FAX : 02-754-8768대표메일 : trust@encar.com주소 : 서울특별시 중구 통일로2길 16, 18~19층(순화동) 사업자 등록번호 : 104-86-54476통신판매업신고 : 제2014-서울중구-0393호대표자 : 김상범Copyright © 엔카닷컴(주) 내 차를 최고가에 팔고, 믿고 사는 가장 좋은 방법. 엔카닷컴(주) 엔카닷컴(주)는 통신판매중개자로서 통신판매의 당사자가 아니며, 상품·거래정보, 거래에 대하여 책임을 지지 않습니다."
41586006,YF 쏘나타Y20 프리미어 연식,12/01식,129801,가솔린,서울,8,https://fem.encar.com/cars/detail/41586006?advClickPosition=mweb_mhightlight_g120_t400&listAdvType=mhighlight&type=detail&view_type=checked,"엔카 기본정보 옵션정보 차량상태 보증현황 판매자 정보 딜러 셀프등록 로그인/회원가입 채팅 전체메뉴 열기 엔카진단 등록번호 41586006조회수 70찜 3 신고하기 프린트 공유하기 찜하기 이전이미지 다음이미지 1 / 20 사진 모두보기 YF 쏘나타Y20 프리미어 연식 12/01식 연형정보 주행거리 129,801km 연료 가솔린 차량번호 58소7327 자세히 엔카가 아래 사항을 모두 진단 하였습니다 툴팁 엔카진단 프레임무사고 확인 옵션 정보더보기 주요옵션 옵션 설명 보기 선루프 없음 헤드램프 (HID) 없음 주차감지센서 있음 후방카메라 있음 자동에어컨 있음 스마트키 있음 내비게이션 있음 열선시트 있음 통풍시트 없음 가죽시트 있음 32개 옵션 모두보기 이 차만의 옵션더보기 화이트 크리스탈(WHC) 외장컬러 8만원 Intelligent DMB 네비게이션(외장형 앰프, 서브 우퍼, 음성 인식, 후방카메라, 후방주차가이드 시스템 포함) 160만원 이 차를 추천하는 이유더보기 160만원 상당 정품 네비게이션 옵션 추가로 완성도 높은 구성! 길 안내는 정확하게, 후방카메라 연동까지 가능해 주차도 한결 여유롭게, 실속과 편의성 모두 챙겼군요:) 차량 상태 엔카진단 엔카가 무사고 진단을 했어요 프레임 진단 정상 외부패널 진단 정상 엔카진단 자세히 보기 성능점검을 등록한 차량이에요 제시번호 : 2026012707 교환 없음 판금 없음 부식 없음 성능기록부 자세히보기 차량이력 내차 피해 총 2,381,361원 (3회) 타차 가해 총 1,967,327원 (2회) 특이 사항 없음 차량이력 자세히 보기 보증 현황 제조사 보증제조사보증도움말 일반/차체 엔진/미션 엔카금융 1분만에 한도/금리 비교 다양한 금융사의 금리를 비교해보세요 방문없이 조회가 가능해요 신용점수에 영향이 없어요 금리 비교하기 판매자 정보 판매자정보사진 에이스모터스백승우매매 판매자 정보 판매중21판매완료45 부산 남구 동명로 12 종사원증번호 14-051-29187상사/조합정보 구매 가이드 허위매물 대처 압류 및 저당 처리 성능 상태 점검기록부 차량 금액 외 별도 수수료 차량 이전등록 차량 체크사항 알림등록 비슷한 조건의 동일한 모델이 신규매물로 등록되면 알려드릴까요? 알림등록 465만원 총비용계산기 보험료 계산 대출상품 조회 리스상품 조회 보험이력 5건 성능점검내역 일반/엔카직영 신차대비 -% 신차가격표 판매자 문의하기 중고차시세 팔린매물 동급매물 엔카 중고차론 금융사 비교하고 제휴 추가할인 금리 4.9% 부터~ 닫기 허위매물 단속 및 매매관련 분쟁 처리 등을 위해 050안심번호로문의하면 전화번호와 통화내용이 엔카에 자동 저장됩니다.050도움말 엔카는 등록 시스템만을 제공하며, 판매자가 직접 등록한 차량의 모든 책임은 판매자에게 있습니다. 신고하기 회사소개인재채용클린엔카지점안내엔카직영성능점검장안내매매지원이용약관고객센터디스플레이광고개인정보처리방침금융소비자보호원격지원서비스 네이버 블로그 인스타그램 유튜브 페이스북 패밀리사이트 O2O를 잇는 신뢰와 기술로 차량을 사고 파는 모습의 진화를 만듭니다 고객센터 : 1599-5455FAX : 02-754-8768대표메일 : trust@encar.com주소 : 서울특별시 중구 통일로2길 16, 18~19층(순화동) 사업자 등록번호 : 104-86-54476통신판매업신고 : 제2014-서울중구-0393호대표자 : 김상범Copyright © 엔카닷컴(주) 내 차를 최고가에 팔고, 믿고 사는 가장 좋은 방법. 엔카닷컴(주) 엔카닷컴(주)는 통신판매중개자로서 통신판매의 당사자가 아니며, 상품·거래정보, 거래에 대하여 책임을 지지 않습니다."
40124632,YF 쏘나타LPI 프리미어(장애인용) 연식,10/05식,192119,LPG(일반인 구입),서울,320,https://fem.encar.com/cars/detail/40124632?advClickPosition=mweb_mhightlight_g121_t400&listAdvType=mhighlight&type=detail&view_type=normal,"엔카 기본정보 옵션정보 차량상태 보증현황 판매자 정보 딜러 셀프등록 로그인/회원가입 채팅 전체메뉴 열기 등록번호 40124632조회수 700찜 2 신고하기 프린트 공유하기 찜하기 #특옵션#정비OK#최저가 엔카 실촬영 이전이미지 다음이미지 1 / 20 사진 모두보기 YF 쏘나타LPI 프리미어(장애인용) 연식 10/05식 연형정보 주행거리 192,119km 연료 LPG(일반인 구입) 차량번호 30구9377 자세히 옵션 정보더보기 주요옵션 옵션 설명 보기 선루프 있음 헤드램프 (HID) 없음 주차감지센서 있음 후방카메라 없음 자동에어컨 있음 스마트키 있음 내비게이션 있음 열선시트 있음 통풍시트 없음 가죽시트 있음 28개 옵션 모두보기 차량 상태 엔카가 직접 성능점검을 했어요 제시번호 : 제 26-27-700022호 엔카 직영성능장에서는 69개 항목을 꼼꼼히 점검합니다. 정확한 성능점검 기록으로 타사 대비 최대 55% 성능보험료가 저렴합니다. 교환 2 판금 2 부식 없음 성능기록부 자세히보기 차량이력 내차 피해 총 2,882,401원 (6회) 타차 가해 총 4,994,610원 (4회) 특이 사항 없음 차량이력 자세히 보기 보증 현황 제조사 보증제조사보증도움말 일반/차체 엔진/미션 엔카금융 1분만에 한도/금리 비교 다양한 금융사의 금리를 비교해보세요 방문없이 조회가 가능해요 신용점수에 영향이 없어요 금리 비교하기 판매자 정보 판매자정보사진 오케이오토박옥일매매 판매자 정보 판매중51판매완료206 경남 양산시 종사원증번호 23-055-00343상사/조합정보 이 차량을 '엔카믿고'로 신청하시면 엔카가 거래 과정을 함께 합니다. 엔카에 거래 도움받기 구매 가이드 허위매물 대처 압류 및 저당 처리 성능 상태 점검기록부 차량 금액 외 별도 수수료 차량 이전등록 차량 체크사항 알림등록 비슷한 조건의 동일한 모델이 신규매물로 등록되면 알려드릴까요? 알림등록 320만원 총비용계산기 보험료 계산 대출상품 조회 리스상품 조회 보험이력 10건 성능점검내역 일반/엔카직영 신차가격표 판매자 문의하기 중고차시세 팔린매물 동급매물 엔카 중고차론 금융사 비교하고 제휴 추가할인 금리 4.9% 부터~ 닫기 허위매물 단속 및 매매관련 분쟁 처리 등을 위해 050안심번호로문의하면 전화번호와 통화내용이 엔카에 자동 저장됩니다.050도움말 엔카는 등록 시스템만을 제공하며, 판매자가 직접 등록한 차량의 모든 책임은 판매자에게 있습니다. 신고하기 회사소개인재채용클린엔카지점안내엔카직영성능점검장안내매매지원이용약관고객센터디스플레이광고개인정보처리방침금융소비자보호원격지원서비스 네이버 블로그 인스타그램 유튜브 페이스북 패밀리사이트 O2O를 잇는 신뢰와 기술로 차량을 사고 파는 모습의 진화를 만듭니다 고객센터 : 1599-5455FAX : 02-754-8768대표메일 : trust@encar.com주소 : 서울특별시 중구 통일로2길 16, 18~19층(순화동) 사업자 등록번호 : 104-86-54476통신판매업신고 : 제2014-서울중구-0393호대표자 : 김상범Copyright © 엔카닷컴(주) 내 차를 최고가에 팔고, 믿고 사는 가장 좋은 방법. 엔카닷컴(주) 엔카닷컴(주)는 통신판매중개자로서 통신판매의 당사자가 아니며, 상품·거래정보, 거래에 대하여 책임을 지지 않습니다."
41492306,YF 쏘나타Y20 프리미어최고급형 연식,09/11식,186973,가솔린,서울,110,https://fem.encar.com/cars/detail/41492306?advClickPosition=mweb_mhightlight_g122_t400&listAdvType=mhighlight&type=detail&view_type=checked,"엔카 기본정보 옵션정보 차량상태 보증현황 판매자 정보 딜러 셀프등록 로그인/회원가입 채팅 전체메뉴 열기 엔카진단 등록번호 41492306조회수 226찜 1 신고하기 프린트 공유하기 찜하기 이전이미지 다음이미지 1 / 20 사진 모두보기 YF 쏘나타Y20 프리미어최고급형 연식 09/11식 (10년형) 연형정보 주행거리 186,973km 연료 가솔린 차량번호 45조7016 자세히 엔카가 아래 사항을 모두 진단 하였습니다 툴팁 엔카진단 프레임무사고 확인 옵션 정보더보기 주요옵션 옵션 설명 보기 선루프 없음 헤드램프 (HID) 없음 주차감지센서 있음 후방카메라 없음 자동에어컨 있음 스마트키 있음 내비게이션 있음 열선시트 있음 통풍시트 없음 가죽시트 있음 29개 옵션 모두보기 이 차만의 옵션더보기 Intelligent DMB 네비게이션(음성 인식, 후방카메라, 후방 주차가이드 시스템 포함) 110만원 이 차를 추천하는 이유더보기 타이어 4본 모두 우수한 트레드를 유지하고 있어 당분간 교체비용을 걱정하지 않고 안정적인 주행이 가능합니다 차량 상태 엔카진단 엔카가 무사고 진단을 했어요 프레임 진단 정상 외부패널 진단 정상 엔카진단 자세히 보기 성능점검을 등록한 차량이에요 제시번호 : 021542 교환 없음 판금 없음 부식 없음 성능기록부 자세히보기 차량이력 내차 피해 총 542,570원 (2회) 타차 가해 없음 특이 사항 없음 차량이력 자세히 보기 보증 현황 제조사 보증제조사보증도움말 일반/차체 엔진/미션 엔카금융 1분만에 한도/금리 비교 다양한 금융사의 금리를 비교해보세요 방문없이 조회가 가능해요 신용점수에 영향이 없어요 금리 비교하기 판매자 정보 판매자정보사진 중고차마트홍기매매 판매자 정보 판매중53판매완료295 경기 용인시 기흥구 중부대로 242 종사원증번호 1203100922상사/조합정보 구매 가이드 허위매물 대처 압류 및 저당 처리 성능 상태 점검기록부 차량 금액 외 별도 수수료 차량 이전등록 차량 체크사항 알림등록 비슷한 조건의 동일한 모델이 신규매물로 등록되면 알려드릴까요? 알림등록 310만원 총비용계산기 보험료 계산 대출상품 조회 리스상품 조회 보험이력 2건 성능점검내역 일반/엔카직영 신차대비 -% 신차가격표 판매자 문의하기 중고차시세 팔린매물 동급매물 엔카 중고차론 금융사 비교하고 제휴 추가할인 금리 4.9% 부터~ 닫기 허위매물 단속 및 매매관련 분쟁 처리 등을 위해 050안심번호로문의하면 전화번호와 통화내용이 엔카에 자동 저장됩니다.050도움말 엔카는 등록 시스템만을 제공하며, 판매자가 직접 등록한 차량의 모든 책임은 판매자에게 있습니다. 신고하기 회사소개인재채용클린엔카지점안내엔카직영성능점검장안내매매지원이용약관고객센터디스플레이광고개인정보처리방침금융소비자보호원격지원서비스 네이버 블로그 인스타그램 유튜브 페이스북 패밀리사이트 O2O를 잇는 신뢰와 기술로 차량을 사고 파는 모습의 진화를 만듭니다 고객센터 : 1599-5455FAX : 02-754-8768대표메일 : trust@encar.com주소 : 서울특별시 중구 통일로2길 16, 18~19층(순화동) 사업자 등록번호 : 104-86-54476통신판매업신고 : 제2014-서울중구-0393호대표자 : 김상범Copyright © 엔카닷컴(주) 내 차를 최고가에 팔고, 믿고 사는 가장 좋은 방법. 엔카닷컴(주) 엔카닷컴(주)는 통신판매중개자로서 통신판매의 당사자가 아니며, 상품·거래정보, 거래에 대하여 책임을 지지 않습니다."
41322661,YF 쏘나타LPI 탑 연식,12/02식,202402,LPG(일반인 구입),서울,350,https://fem.encar.com/cars/detail/41322661?advClickPosition=mweb_mhightlight_g123_t400&listAdvType=mhighlight&type=detail&view_type=checked,"엔카 기본정보 옵션정보 차량상태 보증현황 판매자 정보 딜러 셀프등록 로그인/회원가입 채팅 전체메뉴 열기 엔카진단 등록번호 41322661조회수 2찜 0 신고하기 프린트 공유하기 찜하기 이전이미지 다음이미지 1 / 20 사진 모두보기 YF 쏘나타LPI 탑 연식 12/02식 연형정보 주행거리 202,402km 연료 LPG(일반인 구입) 차량번호 18노5024 자세히 엔카가 아래 사항을 모두 진단 하였습니다 툴팁 엔카진단 프레임무사고 확인 옵션 정보더보기 주요옵션 옵션 설명 보기 선루프 없음 헤드램프 (HID) 없음 주차감지센서 있음 후방카메라 없음 자동에어컨 있음 스마트키 있음 내비게이션 있음 열선시트 있음 통풍시트 없음 가죽시트 있음 25개 옵션 모두보기 이 차를 추천하는 이유더보기 까짐이 자주 일어나는 버튼류 컨디션이 20만이 넘어가는 주행거리임에도 불구하고 손상 없이 깔끔한 컨디션을 유지중인 차량입니다 차량 상태 엔카진단 엔카가 무사고 진단을 했어요 프레임 진단 정상 외부패널 진단 교환 엔카진단 자세히 보기 성능점검을 등록한 차량이에요 제시번호 : 2026002009 교환 1 판금 없음 부식 없음 성능기록부 자세히보기 차량이력 내차 피해 총 1,674,424원 (2회) 타차 가해 총 4,752,110원 (4회) 특이 사항 없음 차량이력 자세히 보기 보증 현황 제조사 보증제조사보증도움말 일반/차체 엔진/미션 엔카금융 1분만에 한도/금리 비교 다양한 금융사의 금리를 비교해보세요 방문없이 조회가 가능해요 신용점수에 영향이 없어요 금리 비교하기 판매자 정보 판매자정보사진 (주)다산모터스황정하매매 판매자 정보 판매중19판매완료210 광주 서구 종사원증번호 2406200240상사/조합정보 구매 가이드 허위매물 대처 압류 및 저당 처리 성능 상태 점검기록부 차량 금액 외 별도 수수료 차량 이전등록 차량 체크사항 알림등록 비슷한 조건의 동일한 모델이 신규매물로 등록되면 알려드릴까요? 알림등록 350만원 총비용계산기 보험료 계산 대출상품 조회 리스상품 조회 보험이력 6건 성능점검내역 일반/엔카직영 신차가격표 판매자 문의하기 중고차시세 팔린매물 동급매물 엔카 중고차론 금융사 비교하고 제휴 추가할인 금리 4.9% 부터~ 닫기 허위매물 단속 및 매매관련 분쟁 처리 등을 위해 050안심번호로문의하면 전화번호와 통화내용이 엔카에 자동 저장됩니다.050도움말 엔카는 등록 시스템만을 제공하며, 판매자가 직접 등록한 차량의 모든 책임은 판매자에게 있습니다. 신고하기 회사소개인재채용클린엔카지점안내엔카직영성능점검장안내매매지원이용약관고객센터디스플레이광고개인정보처리방침금융소비자보호원격지원서비스 네이버 블로그 인스타그램 유튜브 페이스북 패밀리사이트 O2O를 잇는 신뢰와 기술로 차량을 사고 파는 모습의 진화를 만듭니다 고객센터 : 1599-5455FAX : 02-754-8768대표메일 : trust@encar.com주소 : 서울특별시 중구 통일로2길 16, 18~19층(순화동) 사업자 등록번호 : 104-86-54476통신판매업신고 : 제2014-서울중구-0393호대표자 : 김상범Copyright © 엔카닷컴(주) 내 차를 최고가에 팔고, 믿고 사는 가장 좋은 방법. 엔카닷컴(주) 엔카닷컴(주)는 통신판매중개자로서 통신판매의 당사자가 아니며, 상품·거래정보, 거래에 대하여 책임을 지지 않습니다."
41323395,YF 쏘나타Y20 럭셔리 연식,11/12식,103200,가솔린,서울,160,https://fem.encar.com/cars/detail/41323395?advClickPosition=mweb_mhightlight_g124_t400&listAdvType=mhighlight&type=detail&view_type=checked,"엔카 기본정보 옵션정보 차량상태 보증현황 판매자 정보 딜러 셀프등록 로그인/회원가입 채팅 전체메뉴 엔카진단 등록번호 41323395조회수 -찜 0 신고하기 프린트 공유하기 찜하기 이전이미지 다음이미지 1 / 20 사진 모두보기 YF 쏘나타Y20 럭셔리 연식 11/12식 (12년형) 연형정보 주행거리 103,200km 연료 가솔린 차량번호 27수5854 자세히 엔카가 아래 사항을 모두 진단 하였습니다 툴팁 엔카진단 프레임무사고 확인 옵션 정보더보기 주요옵션 옵션 설명 보기 선루프 없음 헤드램프 (HID) 없음 주차감지센서 있음 후방카메라 있음 자동에어컨 있음 스마트키 있음 내비게이션 있음 열선시트 있음 통풍시트 없음 가죽시트 있음 31개 옵션 모두보기 이 차만의 옵션더보기 Intelligent DMB 네비게이션(외장형 앰프, 서브 우퍼, 음성 인식, 후방카메라, 후방주차가이드 시스템 포함) 160만원 이 차를 추천하는 이유더보기 연식대비 관리상태가 양호하며 후방 카메라까지 선명하게 작동하고 있습니다. 내비게이션도 잘 연동되어 가성비가 좋습니다. 차량 상태 엔카진단 엔카가 무사고 진단을 했어요 프레임 진단 정상 외부패널 진단 정상 엔카진단 자세히 보기 성능점검을 등록한 차량이에요 제시번호 : 2025155712 교환 없음 판금 없음 부식 없음 성능기록부 자세히보기 차량이력 내차 피해 총 192,010원 (1회) 타차 가해 총 660,736원 (2회) 특이 사항 없음 차량이력 자세히 보기 보증 현황 제조사 보증제조사보증도움말 일반/차체 엔진/미션 엔카금융 1분만에 한도/금리 비교 다양한 금융사의 금리를 비교해보세요 방문없이 조회가 가능해요 신용점수에 영향이 없어요 금리 비교하기 판매자 정보 판매자정보사진 (주)사하모터스정승태매매 판매자 정보 판매중56판매완료110 부산 사하구 을숙도대로 520 종사원증번호 2505138022상사/조합정보 구매 가이드 허위매물 대처 압류 및 저당 처리 성능 상태 점검기록부 차량 금액 외 별도 수수료 차량 이전등록 차량 체크사항 알림등록 비슷한 조건의 동일한 모델이 신규매물로 등록되면 알려드릴까요? 알림등록 498만원 총비용계산기 보험료 계산 대출상품 조회 리스상품 조회 보험이력 3건 성능점검내역 일반/엔카직영 신차대비 -% 신차가격표 판매자 문의하기 중고차시세 팔린매물 동급매물 엔카 중고차론 금융사 비교하고 제휴 추가할인 금리 4.9% 부터~ 닫기 허위매물 단속 및 매매관련 분쟁 처리 등을 위해 050안심번호로문의하면 전화번호와 통화내용이 엔카에 자동 저장됩니다.050도움말 엔카는 등록 시스템만을 제공하며, 판매자가 직접 등록한 차량의 모든 책임은 판매자에게 있습니다. 신고하기 회사소개인재채용클린엔카지점안내엔카직영성능점검장안내매매지원이용약관고객센터디스플레이광고개인정보처리방침금융소비자보호원격지원서비스 네이버 블로그 인스타그램 유튜브 페이스북 패밀리사이트 O2O를 잇는 신뢰와 기술로 차량을 사고 파는 모습의 진화를 만듭니다 고객센터 : 1599-5455FAX : 02-754-8768대표메일 : trust@encar.com주소 : 서울특별시 중구 통일로2길 16, 18~19층(순화동) 사업자 등록번호 : 104-86-54476통신판매업신고 : 제2014-서울중구-0393호대표자 : 김상범Copyright © 엔카닷컴(주) 내 차를 최고가에 팔고, 믿고 사는 가장 좋은 방법. 엔카닷컴(주) 엔카닷컴(주)는 통신판매중개자로서 통신판매의 당사자가 아니며, 상품·거래정보, 거래에 대하여 책임을 지지 않습니다."
41095309,YF 쏘나타F24 GDI최고급형 연식,10/09식,147304,가솔린,서울,8,https://fem.encar.com/cars/detail/41095309?advClickPosition=mweb_mhightlight_g125_t400&listAdvType=mhighlight&type=detail&view_type=checked,"엔카 기본정보 옵션정보 차량상태 보증현황 판매자 정보 딜러 셀프등록 로그인/회원가입 채팅 전체메뉴 열기 엔카진단 등록번호 41095309조회수 444찜 7 신고하기 프린트 공유하기 찜하기 이전이미지 다음이미지 1 / 20 사진 모두보기 YF 쏘나타F24 GDI최고급형 연식 10/09식 (11년형) 연형정보 주행거리 147,304km 연료 가솔린 차량번호 30보2705 자세히 엔카가 아래 사항을 모두 진단 하였습니다 툴팁 엔카진단 프레임무사고 확인 옵션 정보더보기 주요옵션 옵션 설명 보기 선루프 있음 헤드램프 (HID) 있음 주차감지센서 있음 후방카메라 있음 자동에어컨 있음 스마트키 있음 내비게이션 있음 열선시트 있음 통풍시트 있음 가죽시트 있음 40개 옵션 모두보기 이 차만의 옵션더보기 화이트 크리스탈(WHC) 외장컬러선택옵션설명 자세히보기 8만원 스포티 패키지선택옵션설명 자세히보기 48만원 3피스 타입 파노라마 썬루프(전동식 롤 블라인드) 122만원 모젠 프리미엄 WIDE 내비게이션(JBL 프리미엄 사운드, 음성인식, 후방카메라, 후방 주차 가이드 시스템 포함, 후방 디스플레이 룸미러 삭제) 170만원 이 차를 추천하는 이유더보기 후방카메라가 연동된 네비게이션 선택옵션이 추가되어 운전자의 운행 편의성과 주차시 안전성을 높여드리며 선루프가 추가되어 내부에 시원한 개방감과 감성을 제공합니다! 차량 상태 엔카진단 엔카가 무사고 진단을 했어요 프레임 진단 정상 외부패널 진단 정상 엔카진단 자세히 보기 성능점검을 등록한 차량이에요 제시번호 : 20251588152 교환 1 판금 없음 부식 없음 성능기록부 자세히보기 차량이력 내차 피해 총 1,049,360원 (1회) 타차 가해 없음 특이 사항 없음 차량이력 자세히 보기 보증 현황 제조사 보증제조사보증도움말 일반/차체 엔진/미션 엔카금융 1분만에 한도/금리 비교 다양한 금융사의 금리를 비교해보세요 방문없이 조회가 가능해요 신용점수에 영향이 없어요 금리 비교하기 판매자 정보 판매자정보사진 달인중고차김다훈매매 판매자 정보 판매중52판매완료185 경기 안산시 단원구 풍전로 53 종사원증번호 GC19-05138상사/조합정보 구매 가이드 허위매물 대처 압류 및 저당 처리 성능 상태 점검기록부 차량 금액 외 별도 수수료 차량 이전등록 차량 체크사항 알림등록 비슷한 조건의 동일한 모델이 신규매물로 등록되면 알려드릴까요? 알림등록 540만원 총비용계산기 보험료 계산 대출상품 조회 리스상품 조회 보험이력 1건 성능점검내역 일반/엔카직영 신차대비 -% 신차가격표 판매자 문의하기 중고차시세 팔린매물 동급매물 엔카 중고차론 금융사 비교하고 제휴 추가할인 금리 4.9% 부터~ 닫기 허위매물 단속 및 매매관련 분쟁 처리 등을 위해 050안심번호로문의하면 전화번호와 통화내용이 엔카에 자동 저장됩니다.050도움말 엔카는 등록 시스템만을 제공하며, 판매자가 직접 등록한 차량의 모든 책임은 판매자에게 있습니다. 신고하기 회사소개인재채용클린엔카지점안내엔카직영성능점검장안내매매지원이용약관고객센터디스플레이광고개인정보처리방침금융소비자보호원격지원서비스 네이버 블로그 인스타그램 유튜브 페이스북 패밀리사이트 O2O를 잇는 신뢰와 기술로 차량을 사고 파는 모습의 진화를 만듭니다 고객센터 : 1599-5455FAX : 02-754-8768대표메일 : trust@encar.com주소 : 서울특별시 중구 통일로2길 16, 18~19층(순화동) 사업자 등록번호 : 104-86-54476통신판매업신고 : 제2014-서울중구-0393호대표자 : 김상범Copyright © 엔카닷컴(주) 내 차를 최고가에 팔고, 믿고 사는 가장 좋은 방법. 엔카닷컴(주) 엔카닷컴(주)는 통신판매중개자로서 통신판매의 당사자가 아니며, 상품·거래정보, 거래에 대하여 책임을 지지 않습니다."
41404943,YF 쏘나타Y20 월드컵 스페셜 에디션 연식,10/09식,96390,가솔린,서울,8,https://fem.encar.com/cars/detail/41404943?advClickPosition=mweb_mhightlight_g126_t400&listAdvType=mhighlight&type=detail&view_type=checked,"엔카 기본정보 옵션정보 차량상태 보증현황 판매자 정보 딜러 셀프등록 로그인/회원가입 채팅 전체메뉴 열기 엔카진단 등록번호 41404943조회수 298찜 10 신고하기 프린트 공유하기 찜하기 이전이미지 다음이미지 1 / 20 사진 모두보기 YF 쏘나타Y20 월드컵 스페셜 에디션 연식 10/09식 연형정보 주행거리 96,390km 연료 가솔린 차량번호 19루3660 자세히 엔카가 아래 사항을 모두 진단 하였습니다 툴팁 엔카진단 프레임무사고 확인 옵션 정보더보기 주요옵션 옵션 설명 보기 선루프 없음 헤드램프 (HID) 없음 주차감지센서 있음 후방카메라 있음 자동에어컨 있음 스마트키 있음 내비게이션 있음 열선시트 있음 통풍시트 없음 가죽시트 있음 32개 옵션 모두보기 이 차만의 옵션더보기 화이트 크리스탈(WHC) 외장컬러 8만원 Intelligent DMB 네비게이션(외장형 앰프, 서브 우퍼, 음성 인식, 후방카메라, 후방 주차 가이드 시스템 포함) 160만원 이 차를 추천하는 이유더보기 10년 등록 대비 9만 키로대의 짧은 주행거리로 추천드리는 차량입니다. 정품 내비게이션 및 후방 카메라 탑재로 주행 주차시 안전 편의성을 제공하네요. 차량 상태 엔카진단 엔카가 무사고 진단을 했어요 프레임 진단 정상 외부패널 진단 정상 엔카진단 자세히 보기 성능점검을 등록한 차량이에요 제시번호 : 20261038173 교환 없음 판금 없음 부식 없음 성능기록부 자세히보기 차량이력 내차 피해 총 792,730원 (1회) 타차 가해 없음 특이 사항 없음 차량이력 자세히 보기 보증 현황 제조사 보증제조사보증도움말 일반/차체 엔진/미션 엔카금융 1분만에 한도/금리 비교 다양한 금융사의 금리를 비교해보세요 방문없이 조회가 가능해요 신용점수에 영향이 없어요 금리 비교하기 판매자 정보 판매자정보사진 솔카이지강매매 판매자 정보 판매중12판매완료84 경기 수원시 권선구 종사원증번호 GC24-01526상사/조합정보 구매 가이드 허위매물 대처 압류 및 저당 처리 성능 상태 점검기록부 차량 금액 외 별도 수수료 차량 이전등록 차량 체크사항 알림등록 비슷한 조건의 동일한 모델이 신규매물로 등록되면 알려드릴까요? 알림등록 450만원 총비용계산기 보험료 계산 대출상품 조회 리스상품 조회 보험이력 1건 성능점검내역 일반/엔카직영 신차대비 -% 신차가격표 판매자 문의하기 중고차시세 팔린매물 동급매물 엔카 중고차론 금융사 비교하고 제휴 추가할인 금리 4.9% 부터~ 닫기 허위매물 단속 및 매매관련 분쟁 처리 등을 위해 050안심번호로문의하면 전화번호와 통화내용이 엔카에 자동 저장됩니다.050도움말 엔카는 등록 시스템만을 제공하며, 판매자가 직접 등록한 차량의 모든 책임은 판매자에게 있습니다. 신고하기 회사소개인재채용클린엔카지점안내엔카직영성능점검장안내매매지원이용약관고객센터디스플레이광고개인정보처리방침금융소비자보호원격지원서비스 네이버 블로그 인스타그램 유튜브 페이스북 패밀리사이트 O2O를 잇는 신뢰와 기술로 차량을 사고 파는 모습의 진화를 만듭니다 고객센터 : 1599-5455FAX : 02-754-8768대표메일 : trust@encar.com주소 : 서울특별시 중구 통일로2길 16, 18~19층(순화동) 사업자 등록번호 : 104-86-54476통신판매업신고 : 제2014-서울중구-0393호대표자 : 김상범Copyright © 엔카닷컴(주) 내 차를 최고가에 팔고, 믿고 사는 가장 좋은 방법. 엔카닷컴(주) 엔카닷컴(주)는 통신판매중개자로서 통신판매의 당사자가 아니며, 상품·거래정보, 거래에 대하여 책임을 지지 않습니다."
41396634,YF 쏘나타CVVL 프라임 연식,12/04식,79103,가솔린,서울,8,https://fem.encar.com/cars/detail/41396634?advClickPosition=mweb_mhightlight_g127_t400&listAdvType=mhighlight&type=detail&view_type=normal,"엔카 기본정보 옵션정보 차량상태 보증현황 판매자 정보 딜러 셀프등록 로그인/회원가입 채팅 전체메뉴 열기 등록번호 41396634조회수 866찜 7 신고하기 프린트 공유하기 찜하기 #양호#HOT#COOL 1인신조,연식대비짧은키로수 차량점검및수리완료 이전이미지 다음이미지 1 / 20 사진 모두보기 YF 쏘나타CVVL 프라임 연식 12/04식 연형정보 주행거리 79,103km 연료 가솔린 차량번호 46주7559 자세히 옵션 정보더보기 주요옵션 옵션 설명 보기 선루프 없음 헤드램프 (HID) 없음 주차감지센서 있음 후방카메라 있음 자동에어컨 없음 스마트키 있음 내비게이션 있음 열선시트 있음 통풍시트 없음 가죽시트 있음 25개 옵션 모두보기 이 차만의 옵션더보기 화이트 크리스탈(WHC) 외장컬러 선택옵션설명 자세히보기 8만원 차량 상태 성능점검을 등록한 차량이에요 제시번호 : 20260123 교환 4 판금 1 부식 없음 성능기록부 자세히보기 차량이력 내차 피해 총 6,073,508원 (5회) 타차 가해 총 8,399,665원 (3회) 특이 사항 없음 차량이력 자세히 보기 보증 현황 제조사 보증제조사보증도움말 일반/차체 엔진/미션 엔카금융 1분만에 한도/금리 비교 다양한 금융사의 금리를 비교해보세요 방문없이 조회가 가능해요 신용점수에 영향이 없어요 금리 비교하기 판매자 정보 판매자정보사진 한결모터스안소훈매매 판매자 정보 판매중21판매완료77 대구 동구 종사원증번호 23-053-00327상사/조합정보 구매 가이드 허위매물 대처 압류 및 저당 처리 성능 상태 점검기록부 차량 금액 외 별도 수수료 차량 이전등록 차량 체크사항 알림등록 비슷한 조건의 동일한 모델이 신규매물로 등록되면 알려드릴까요? 알림등록 470만원 총비용계산기 보험료 계산 대출상품 조회 리스상품 조회 보험이력 8건 성능점검내역 일반/엔카직영 신차대비 19% 신차가격표 판매자 문의하기 중고차시세 팔린매물 동급매물 엔카 중고차론 금융사 비교하고 제휴 추가할인 금리 4.9% 부터~ 닫기 허위매물 단속 및 매매관련 분쟁 처리 등을 위해 050안심번호로문의하면 전화번호와 통화내용이 엔카에 자동 저장됩니다.050도움말 엔카는 등록 시스템만을 제공하며, 판매자가 직접 등록한 차량의 모든 책임은 판매자에게 있습니다. 신고하기 회사소개인재채용클린엔카지점안내엔카직영성능점검장안내매매지원이용약관고객센터디스플레이광고개인정보처리방침금융소비자보호원격지원서비스 네이버 블로그 인스타그램 유튜브 페이스북 패밀리사이트 O2O를 잇는 신뢰와 기술로 차량을 사고 파는 모습의 진화를 만듭니다 고객센터 : 1599-5455FAX : 02-754-8768대표메일 : trust@encar.com주소 : 서울특별시 중구 통일로2길 16, 18~19층(순화동) 사업자 등록번호 : 104-86-54476통신판매업신고 : 제2014-서울중구-0393호대표자 : 김상범Copyright © 엔카닷컴(주) 내 차를 최고가에 팔고, 믿고 사는 가장 좋은 방법. 엔카닷컴(주) 엔카닷컴(주)는 통신판매중개자로서 통신판매의 당사자가 아니며, 상품·거래정보, 거래에 대하여 책임을 지지 않습니다."
41198683,YF 쏘나타Y20 프라임블랙 연식,10/10식,156366,가솔린,서울,8,https://fem.encar.com/cars/detail/41198683?advClickPosition=mweb_mhightlight_g128_t400&listAdvType=mhighlight&type=detail&view_type=checked,"엔카 기본정보 옵션정보 차량상태 보증현황 판매자 정보 딜러 셀프등록 로그인/회원가입 채팅 전체메뉴 열기 엔카진단 등록번호 41198683조회수 49찜 0 신고하기 프린트 공유하기 찜하기 이전이미지 다음이미지 1 / 20 사진 모두보기 YF 쏘나타Y20 프라임블랙 연식 10/10식 (11년형) 연형정보 주행거리 156,366km 연료 가솔린 차량번호 33누1647 자세히 엔카가 아래 사항을 모두 진단 하였습니다 툴팁 엔카진단 프레임무사고 확인 옵션 정보더보기 주요옵션 옵션 설명 보기 선루프 없음 헤드램프 (HID) 없음 주차감지센서 있음 후방카메라 있음 자동에어컨 있음 스마트키 없음 내비게이션 있음 열선시트 있음 통풍시트 없음 가죽시트 있음 30개 옵션 모두보기 이 차만의 옵션더보기 화이트 크리스탈(WHC) 외장컬러선택옵션설명 자세히보기 8만원 이 차를 추천하는 이유더보기 인기 많은 화이트 외장컬러에 네비게이션 및 후방카메라를 추가로 장착하고 넉넉한 실내 공간까지 보유한 중형세단 쏘나타 차량을 합리적인 금액으로 만나보세요~ 차량 상태 엔카진단 엔카가 무사고 진단을 했어요 프레임 진단 정상 외부패널 진단 교환 엔카진단 자세히 보기 성능점검을 등록한 차량이에요 제시번호 : 0220 교환 1 판금 없음 부식 없음 성능기록부 자세히보기 차량이력 내차 피해 총 2,479,451원 (3회) 타차 가해 총 728,756원 (2회) 특이 사항 없음 차량이력 자세히 보기 보증 현황 제조사 보증제조사보증도움말 일반/차체 엔진/미션 엔카금융 1분만에 한도/금리 비교 다양한 금융사의 금리를 비교해보세요 방문없이 조회가 가능해요 신용점수에 영향이 없어요 금리 비교하기 판매자 정보 판매자정보사진 뉴소나무상사박주호매매 판매자 정보 판매중13판매완료53 전북 전주시 덕진구 장동유통로 12 종사원증번호 jna1-00017상사/조합정보 구매 가이드 허위매물 대처 압류 및 저당 처리 성능 상태 점검기록부 차량 금액 외 별도 수수료 차량 이전등록 차량 체크사항 알림등록 비슷한 조건의 동일한 모델이 신규매물로 등록되면 알려드릴까요? 알림등록 390만원 총비용계산기 보험료 계산 대출상품 조회 리스상품 조회 보험이력 5건 성능점검내역 일반/엔카직영 신차대비 -% 신차가격표 판매자 문의하기 중고차시세 팔린매물 동급매물 엔카 중고차론 금융사 비교하고 제휴 추가할인 금리 4.9% 부터~ 닫기 허위매물 단속 및 매매관련 분쟁 처리 등을 위해 050안심번호로문의하면 전화번호와 통화내용이 엔카에 자동 저장됩니다.050도움말 엔카는 등록 시스템만을 제공하며, 판매자가 직접 등록한 차량의 모든 책임은 판매자에게 있습니다. 신고하기 회사소개인재채용클린엔카지점안내엔카직영성능점검장안내매매지원이용약관고객센터디스플레이광고개인정보처리방침금융소비자보호원격지원서비스 네이버 블로그 인스타그램 유튜브 페이스북 패밀리사이트 O2O를 잇는 신뢰와 기술로 차량을 사고 파는 모습의 진화를 만듭니다 고객센터 : 1599-5455FAX : 02-754-8768대표메일 : trust@encar.com주소 : 서울특별시 중구 통일로2길 16, 18~19층(순화동) 사업자 등록번호 : 104-86-54476통신판매업신고 : 제2014-서울중구-0393호대표자 : 김상범Copyright © 엔카닷컴(주) 내 차를 최고가에 팔고, 믿고 사는 가장 좋은 방법. 엔카닷컴(주) 엔카닷컴(주)는 통신판매중개자로서 통신판매의 당사자가 아니며, 상품·거래정보, 거래에 대하여 책임을 지지 않습니다."
41416634,YF 쏘나타Y20 프라임블랙 연식,10/09식,202345,가솔린,서울,160,https://fem.encar.com/cars/detail/41416634?advClickPosition=mweb_mhightlight_g129_t400&listAdvType=mhighlight&type=detail&view_type=checked,"엔카 기본정보 옵션정보 차량상태 보증현황 판매자 정보 딜러 셀프등록 로그인/회원가입 채팅 전체메뉴 열기 엔카진단 등록번호 41416634조회수 70찜 0 신고하기 프린트 공유하기 찜하기 이전이미지 다음이미지 1 / 20 사진 모두보기 YF 쏘나타Y20 프라임블랙 연식 10/09식 (11년형) 연형정보 주행거리 202,345km 연료 가솔린 차량번호 56거4760 자세히 엔카가 아래 사항을 모두 진단 하였습니다 툴팁 엔카진단 프레임무사고 확인 옵션 정보더보기 주요옵션 옵션 설명 보기 선루프 없음 헤드램프 (HID) 없음 주차감지센서 있음 후방카메라 있음 자동에어컨 있음 스마트키 없음 내비게이션 있음 열선시트 있음 통풍시트 없음 가죽시트 있음 30개 옵션 모두보기 이 차만의 옵션더보기 Intelligent DMB 네비게이션(외장형 앰프, 서브 우퍼, 음성 인식, 후방카메라, 후방주차가이드 시스템 포함) 160만원 이 차를 추천하는 이유더보기 단순해 보일 수 있는 차량 키, 하지만 분실 시 비용, 시간, 번거로움이 크게 발생합니다. 해당 차량은 분실 없는 키 구성 완비로 추가 지출 걱정 없이 바로 운행 가능! 차량 상태 엔카진단 엔카가 무사고 진단을 했어요 프레임 진단 정상 외부패널 진단 정상 엔카진단 자세히 보기 성능점검을 등록한 차량이에요 제시번호 : 0000 교환 1 판금 1 부식 없음 성능기록부 자세히보기 차량이력 내차 피해 총 1,802,398원 (2회) 타차 가해 없음 특이 사항 없음 차량이력 자세히 보기 보증 현황 제조사 보증제조사보증도움말 일반/차체 엔진/미션 엔카금융 1분만에 한도/금리 비교 다양한 금융사의 금리를 비교해보세요 방문없이 조회가 가능해요 신용점수에 영향이 없어요 금리 비교하기 판매자 정보 판매자정보사진 강남모터스강근문매매 판매자 정보 판매중57판매완료161 경남 김해시 김해대로 826 종사원증번호 2105500406상사/조합정보 구매 가이드 허위매물 대처 압류 및 저당 처리 성능 상태 점검기록부 차량 금액 외 별도 수수료 차량 이전등록 차량 체크사항 알림등록 비슷한 조건의 동일한 모델이 신규매물로 등록되면 알려드릴까요? 알림등록 390만원 총비용계산기 보험료 계산 대출상품 조회 리스상품 조회 보험이력 2건 성능점검내역 일반/엔카직영 신차대비 -% 신차가격표 판매자 문의하기 중고차시세 팔린매물 동급매물 엔카 중고차론 금융사 비교하고 제휴 추가할인 금리 4.9% 부터~ 닫기 허위매물 단속 및 매매관련 분쟁 처리 등을 위해 050안심번호로문의하면 전화번호와 통화내용이 엔카에 자동 저장됩니다.050도움말 엔카는 등록 시스템만을 제공하며, 판매자가 직접 등록한 차량의 모든 책임은 판매자에게 있습니다. 신고하기 회사소개인재채용클린엔카지점안내엔카직영성능점검장안내매매지원이용약관고객센터디스플레이광고개인정보처리방침금융소비자보호원격지원서비스 네이버 블로그 인스타그램 유튜브 페이스북 패밀리사이트 O2O를 잇는 신뢰와 기술로 차량을 사고 파는 모습의 진화를 만듭니다 고객센터 : 1599-5455FAX : 02-754-8768대표메일 : trust@encar.com주소 : 서울특별시 중구 통일로2길 16, 18~19층(순화동) 사업자 등록번호 : 104-86-54476통신판매업신고 : 제2014-서울중구-0393호대표자 : 김상범Copyright © 엔카닷컴(주) 내 차를 최고가에 팔고, 믿고 사는 가장 좋은 방법. 엔카닷컴(주) 엔카닷컴(주)는 통신판매중개자로서 통신판매의 당사자가 아니며, 상품·거래정보, 거래에 대하여 책임을 지지 않습니다."
41499870,YF 쏘나타LPI 프리미어(장애인용) 연식,09/10식,176785,LPG(일반인 구입),서울,380,https://fem.encar.com/cars/detail/41499870?advClickPosition=mweb_mhightlight_g130_t400&listAdvType=mhighlight&type=detail&view_type=checked,"엔카 기본정보 옵션정보 차량상태 보증현황 판매자 정보 딜러 셀프등록 로그인/회원가입 채팅 전체메뉴 엔카진단 등록번호 41499870조회수 109찜 0 신고하기 프린트 공유하기 찜하기 이전이미지 다음이미지 1 / 20 사진 모두보기 YF 쏘나타LPI 프리미어(장애인용) 연식 09/10식 (10년형) 연형정보 주행거리 176,785km 연료 LPG(일반인 구입) 차량번호 58오5943 자세히 엔카가 아래 사항을 모두 진단 하였습니다 툴팁 엔카진단 프레임무사고 확인 옵션 정보더보기 주요옵션 옵션 설명 보기 선루프 없음 헤드램프 (HID) 없음 주차감지센서 있음 후방카메라 있음 자동에어컨 있음 스마트키 있음 내비게이션 없음 열선시트 있음 통풍시트 없음 가죽시트 있음 21개 옵션 모두보기 이 차를 추천하는 이유더보기 안락한 주행에 도움이 되는 애프터마켓 네비게이션 장착으로 안전한 길찾기가 가능하며 후방카메라까지 있어 후진시에도 안전한 주차 가능합니다♡ 차량 상태 엔카진단 엔카가 무사고 진단을 했어요 프레임 진단 정상 외부패널 진단 교환 엔카진단 자세히 보기 차량이력 내차 피해 총 2,246,495원 (5회) 타차 가해 총 2,570,990원 (4회) 특이 사항 없음 차량이력 자세히 보기 보증 현황 제조사 보증제조사보증도움말 일반/차체 엔진/미션 엔카금융 1분만에 한도/금리 비교 다양한 금융사의 금리를 비교해보세요 방문없이 조회가 가능해요 신용점수에 영향이 없어요 금리 비교하기 판매자 정보 판매자정보사진 뉴에덴상사서대성매매 판매자 정보 판매중6판매완료23 울산 북구 무룡로 68 종사원증번호 14-052-00224상사/조합정보 구매 가이드 허위매물 대처 압류 및 저당 처리 성능 상태 점검기록부 차량 금액 외 별도 수수료 차량 이전등록 차량 체크사항 알림등록 비슷한 조건의 동일한 모델이 신규매물로 등록되면 알려드릴까요? 알림등록 380만원 총비용계산기 보험료 계산 대출상품 조회 리스상품 조회 보험이력 9건 성능점검내역 미등록 신차가격표 판매자 문의하기 중고차시세 팔린매물 동급매물 엔카 중고차론 금융사 비교하고 제휴 추가할인 금리 4.9% 부터~ 닫기 허위매물 단속 및 매매관련 분쟁 처리 등을 위해 050안심번호로문의하면 전화번호와 통화내용이 엔카에 자동 저장됩니다.050도움말 엔카는 등록 시스템만을 제공하며, 판매자가 직접 등록한 차량의 모든 책임은 판매자에게 있습니다. 신고하기 회사소개인재채용클린엔카지점안내엔카직영성능점검장안내매매지원이용약관고객센터디스플레이광고개인정보처리방침금융소비자보호원격지원서비스 네이버 블로그 인스타그램 유튜브 페이스북 패밀리사이트 O2O를 잇는 신뢰와 기술로 차량을 사고 파는 모습의 진화를 만듭니다 고객센터 : 1599-5455FAX : 02-754-8768대표메일 : trust@encar.com주소 : 서울특별시 중구 통일로2길 16, 18~19층(순화동) 사업자 등록번호 : 104-86-54476통신판매업신고 : 제2014-서울중구-0393호대표자 : 김상범Copyright © 엔카닷컴(주) 내 차를 최고가에 팔고, 믿고 사는 가장 좋은 방법. 엔카닷컴(주) 엔카닷컴(주)는 통신판매중개자로서 통신판매의 당사자가 아니며, 상품·거래정보, 거래에 대하여 책임을 지지 않습니다."
41238938,YF 쏘나타CVVL 럭셔리 연식,12/02식,215762,가솔린,서울,160,https://fem.encar.com/cars/detail/41238938?advClickPosition=mweb_mhightlight_g131_t400&listAdvType=mhighlight&type=detail&view_type=checked,"엔카 기본정보 옵션정보 차량상태 보증현황 판매자 정보 딜러 셀프등록 로그인/회원가입 채팅 전체메뉴 엔카진단 등록번호 41238938조회수 271찜 12 신고하기 프린트 공유하기 찜하기 이전이미지 다음이미지 1 / 20 사진 모두보기 YF 쏘나타CVVL 럭셔리 연식 12/02식 연형정보 주행거리 215,762km 연료 가솔린 차량번호 27가0584 자세히 엔카가 아래 사항을 모두 진단 하였습니다 툴팁 엔카진단 프레임무사고 확인 옵션 정보더보기 주요옵션 옵션 설명 보기 선루프 없음 헤드램프 (HID) 없음 주차감지센서 있음 후방카메라 있음 자동에어컨 있음 스마트키 있음 내비게이션 있음 열선시트 있음 통풍시트 없음 가죽시트 있음 31개 옵션 모두보기 이 차만의 옵션더보기 Intelligent DMB 내비게이션(외장형 앰프, 서브우퍼, 음성 인식, 후방카메라, 후방주차가이드 시스템 포함) 160만원 이 차를 추천하는 이유더보기 주행거리 대비 양호한 컨디션을 유지하고 있으며 네비게이션 옵션이 추가되어 주행 편의성을 한층 높여주는 차량입니다! 차량 상태 엔카진단 엔카가 무사고 진단을 했어요 프레임 진단 정상 외부패널 진단 교환 엔카진단 자세히 보기 성능점검을 등록한 차량이에요 제시번호 : 2025237245 교환 2 판금 없음 부식 없음 성능기록부 자세히보기 차량이력 내차 피해 총 2,387,070원 (2회) 타차 가해 총 5,981,380원 (3회) 특이 사항 렌트 이력 차량이력 자세히 보기 보증 현황 제조사 보증제조사보증도움말 일반/차체 엔진/미션 엔카금융 1분만에 한도/금리 비교 다양한 금융사의 금리를 비교해보세요 방문없이 조회가 가능해요 신용점수에 영향이 없어요 금리 비교하기 판매자 정보 판매자정보사진 카팡이윤준매매 판매자 정보 판매중139판매완료1279 경기 부천시 오정구 송내대로 450 종사원증번호 GG2500482상사/조합정보 구매 가이드 허위매물 대처 압류 및 저당 처리 성능 상태 점검기록부 차량 금액 외 별도 수수료 차량 이전등록 차량 체크사항 알림등록 비슷한 조건의 동일한 모델이 신규매물로 등록되면 알려드릴까요? 알림등록 269만원 총비용계산기 보험료 계산 대출상품 조회 리스상품 조회 보험이력 5건 성능점검내역 일반/엔카직영 신차대비 -% 신차가격표 판매자 문의하기 중고차시세 팔린매물 동급매물 엔카 중고차론 금융사 비교하고 제휴 추가할인 금리 4.9% 부터~ 닫기 허위매물 단속 및 매매관련 분쟁 처리 등을 위해 050안심번호로문의하면 전화번호와 통화내용이 엔카에 자동 저장됩니다.050도움말 엔카는 등록 시스템만을 제공하며, 판매자가 직접 등록한 차량의 모든 책임은 판매자에게 있습니다. 신고하기 회사소개인재채용클린엔카지점안내엔카직영성능점검장안내매매지원이용약관고객센터디스플레이광고개인정보처리방침금융소비자보호원격지원서비스 네이버 블로그 인스타그램 유튜브 페이스북 패밀리사이트 O2O를 잇는 신뢰와 기술로 차량을 사고 파는 모습의 진화를 만듭니다 고객센터 : 1599-5455FAX : 02-754-8768대표메일 : trust@encar.com주소 : 서울특별시 중구 통일로2길 16, 18~19층(순화동) 사업자 등록번호 : 104-86-54476통신판매업신고 : 제2014-서울중구-0393호대표자 : 김상범Copyright © 엔카닷컴(주) 내 차를 최고가에 팔고, 믿고 사는 가장 좋은 방법. 엔카닷컴(주) 엔카닷컴(주)는 통신판매중개자로서 통신판매의 당사자가 아니며, 상품·거래정보, 거래에 대하여 책임을 지지 않습니다."
41507186,YF 쏘나타LPI 프리미어(장애인용) 연식,12/06식,188899,LPG(일반인 구입),서울,390,https://fem.encar.com/cars/detail/41507186?advClickPosition=mweb_mhightlight_g132_t400&listAdvType=mhighlight&type=detail&view_type=checked,"엔카 기본정보 옵션정보 차량상태 보증현황 판매자 정보 딜러 셀프등록 로그인/회원가입 채팅 전체메뉴 열기 엔카진단 등록번호 41507186조회수 327찜 10 신고하기 프린트 공유하기 찜하기 이전이미지 다음이미지 1 / 20 사진 모두보기 YF 쏘나타LPI 프리미어(장애인용) 연식 12/06식 연형정보 주행거리 188,899km 연료 LPG(일반인 구입) 차량번호 56저5035 자세히 엔카가 아래 사항을 모두 진단 하였습니다 툴팁 엔카진단 프레임무사고 확인 옵션 정보더보기 주요옵션 옵션 설명 보기 선루프 있음 헤드램프 (HID) 없음 주차감지센서 있음 후방카메라 있음 자동에어컨 있음 스마트키 있음 내비게이션 있음 열선시트 있음 통풍시트 있음 가죽시트 있음 31개 옵션 모두보기 이 차를 추천하는 이유더보기 개방감이 좋은 파노라마 썬루프가 장착된 차량이네요! 환기 효과는 물론 개방 시 외장 드레스업 효과까지 누릴 수 있어 선호도 높은 옵션입니다 실물로 만나보세요! 차량 상태 엔카진단 엔카가 무사고 진단을 했어요 프레임 진단 정상 외부패널 진단 정상 엔카진단 자세히 보기 성능점검을 등록한 차량이에요 제시번호 : 202281250 교환 없음 판금 1 부식 없음 성능기록부 자세히보기 차량이력 내차 피해 총 1,347,400원 (1회) 타차 가해 총 1,797,610원 (3회) 특이 사항 없음 차량이력 자세히 보기 보증 현황 제조사 보증제조사보증도움말 일반/차체 엔진/미션 엔카금융 1분만에 한도/금리 비교 다양한 금융사의 금리를 비교해보세요 방문없이 조회가 가능해요 신용점수에 영향이 없어요 금리 비교하기 판매자 정보 판매자정보사진 하나자동차매매상사홍유리매매 판매자 정보 판매중67판매완료371 광주 서구 종사원증번호 2406200130상사/조합정보 구매 가이드 허위매물 대처 압류 및 저당 처리 성능 상태 점검기록부 차량 금액 외 별도 수수료 차량 이전등록 차량 체크사항 알림등록 비슷한 조건의 동일한 모델이 신규매물로 등록되면 알려드릴까요? 알림등록 390만원 총비용계산기 보험료 계산 대출상품 조회 리스상품 조회 보험이력 4건 성능점검내역 일반/엔카직영 신차가격표 판매자 문의하기 중고차시세 팔린매물 동급매물 엔카 중고차론 금융사 비교하고 제휴 추가할인 금리 4.9% 부터~ 닫기 허위매물 단속 및 매매관련 분쟁 처리 등을 위해 050안심번호로문의하면 전화번호와 통화내용이 엔카에 자동 저장됩니다.050도움말 엔카는 등록 시스템만을 제공하며, 판매자가 직접 등록한 차량의 모든 책임은 판매자에게 있습니다. 신고하기 회사소개인재채용클린엔카지점안내엔카직영성능점검장안내매매지원이용약관고객센터디스플레이광고개인정보처리방침금융소비자보호원격지원서비스 네이버 블로그 인스타그램 유튜브 페이스북 패밀리사이트 O2O를 잇는 신뢰와 기술로 차량을 사고 파는 모습의 진화를 만듭니다 고객센터 : 1599-5455FAX : 02-754-8768대표메일 : trust@encar.com주소 : 서울특별시 중구 통일로2길 16, 18~19층(순화동) 사업자 등록번호 : 104-86-54476통신판매업신고 : 제2014-서울중구-0393호대표자 : 김상범Copyright © 엔카닷컴(주) 내 차를 최고가에 팔고, 믿고 사는 가장 좋은 방법. 엔카닷컴(주) 엔카닷컴(주)는 통신판매중개자로서 통신판매의 당사자가 아니며, 상품·거래정보, 거래에 대하여 책임을 지지 않습니다."
40076045,YF 쏘나타LPI 럭셔리 연식,11/07식,183864,LPG(일반인 구입),서울,255,https://fem.encar.com/cars/detail/40076045?advClickPosition=mweb_mhightlight_g133_t400&listAdvType=mhighlight&type=detail&view_type=normal,"엔카 기본정보 옵션정보 차량상태 보증현황 판매자 정보 딜러 셀프등록 로그인/회원가입 채팅 전체메뉴 열기 등록번호 40076045조회수 71찜 1 신고하기 프린트 공유하기 찜하기 이전이미지 다음이미지 1 / 20 사진 모두보기 YF 쏘나타LPI 럭셔리 연식 11/07식 연형정보 주행거리 183,864km 연료 LPG(일반인 구입) 차량번호 54너2601 자세히 옵션 정보더보기 주요옵션 옵션 설명 보기 선루프 없음 헤드램프 (LED) 있음 주차감지센서 있음 후방카메라 있음 자동에어컨 있음 스마트키 없음 내비게이션 없음 열선시트 없음 통풍시트 없음 가죽시트 있음 18개 옵션 모두보기 차량 상태 성능점검을 등록한 차량이에요 제시번호 : 122223 교환 2 판금 1 부식 없음 성능기록부 자세히보기 보증 현황 제조사 보증제조사보증도움말 일반/차체 엔진/미션 엔카금융 1분만에 한도/금리 비교 다양한 금융사의 금리를 비교해보세요 방문없이 조회가 가능해요 신용점수에 영향이 없어요 금리 비교하기 판매자 정보 판매자정보사진 서진모터스이해진매매 판매자 정보 판매중12판매완료70 충남 천안시 서북구 천안대로 1198 종사원증번호 CN25-00056상사/조합정보 구매 가이드 허위매물 대처 압류 및 저당 처리 성능 상태 점검기록부 차량 금액 외 별도 수수료 차량 이전등록 차량 체크사항 알림등록 비슷한 조건의 동일한 모델이 신규매물로 등록되면 알려드릴까요? 알림등록 255만원 총비용계산기 보험료 계산 대출상품 조회 리스상품 조회 보험이력 비공개 성능점검내역 일반/엔카직영 신차가격표 판매자 문의하기 중고차시세 팔린매물 동급매물 엔카 중고차론 금융사 비교하고 제휴 추가할인 금리 4.9% 부터~ 닫기 허위매물 단속 및 매매관련 분쟁 처리 등을 위해 050안심번호로문의하면 전화번호와 통화내용이 엔카에 자동 저장됩니다.050도움말 엔카는 등록 시스템만을 제공하며, 판매자가 직접 등록한 차량의 모든 책임은 판매자에게 있습니다. 신고하기 회사소개인재채용클린엔카지점안내엔카직영성능점검장안내매매지원이용약관고객센터디스플레이광고개인정보처리방침금융소비자보호원격지원서비스 네이버 블로그 인스타그램 유튜브 페이스북 패밀리사이트 O2O를 잇는 신뢰와 기술로 차량을 사고 파는 모습의 진화를 만듭니다 고객센터 : 1599-5455FAX : 02-754-8768대표메일 : trust@encar.com주소 : 서울특별시 중구 통일로2길 16, 18~19층(순화동) 사업자 등록번호 : 104-86-54476통신판매업신고 : 제2014-서울중구-0393호대표자 : 김상범Copyright © 엔카닷컴(주) 내 차를 최고가에 팔고, 믿고 사는 가장 좋은 방법. 엔카닷컴(주) 엔카닷컴(주)는 통신판매중개자로서 통신판매의 당사자가 아니며, 상품·거래정보, 거래에 대하여 책임을 지지 않습니다."
40827138,YF 쏘나타Y20 프라임고급형 연식,09/10식,13253,가솔린,서울,25,https://fem.encar.com/cars/detail/40827138?advClickPosition=mweb_mhightlight_g134_t400&listAdvType=mhighlight&type=detail&view_type=checked,"엔카 기본정보 옵션정보 차량상태 보증현황 판매자 정보 딜러 셀프등록 로그인/회원가입 채팅 전체메뉴 열기 엔카진단 등록번호 40827138조회수 386찜 13 신고하기 프린트 공유하기 찜하기 이전이미지 다음이미지 1 / 20 사진 모두보기 YF 쏘나타Y20 프라임고급형 연식 09/10식 (10년형) 연형정보 주행거리 13,253km 연료 가솔린 차량번호 35주2333 자세히 엔카가 아래 사항을 모두 진단 하였습니다 툴팁 엔카진단 프레임무사고 확인 옵션 정보더보기 주요옵션 옵션 설명 보기 선루프 없음 헤드램프 (HID) 없음 주차감지센서 있음 후방카메라 없음 자동에어컨 있음 스마트키 없음 내비게이션 있음 열선시트 있음 통풍시트 없음 가죽시트 있음 26개 옵션 모두보기 이 차만의 옵션더보기 하이패스 시스템(ECM 룸미러 포함) 25만원 Intelligent DMB 네비게이션(외장형 앰프,써브 우퍼, 음성 인식 포함) 135만원 이 차를 추천하는 이유더보기 연식을 보신 후 주행거리를 보신다면 눈이 동그래지실겁니다! 1만km대의 짧은 주행거리로 실내 컨디션 또한 비교적 양호함을 유지하고있어요! 이런 조건 흔치 않습니다! 차량 상태 엔카진단 엔카가 무사고 진단을 했어요 프레임 진단 정상 외부패널 진단 정상 엔카진단 자세히 보기 성능점검을 등록한 차량이에요 제시번호 : 325410 교환 없음 판금 없음 부식 없음 성능기록부 자세히보기 차량이력 내차 피해 없음 타차 가해 총 546,920원 (1회) 특이 사항 없음 차량이력 자세히 보기 보증 현황 제조사 보증제조사보증도움말 일반/차체 엔진/미션 엔카금융 1분만에 한도/금리 비교 다양한 금융사의 금리를 비교해보세요 방문없이 조회가 가능해요 신용점수에 영향이 없어요 금리 비교하기 판매자 정보 판매자정보사진 (주) 차근모터스노만섭매매 판매자 정보 판매중24판매완료217 대전 유성구 종사원증번호 23-042-00185상사/조합정보 구매 가이드 허위매물 대처 압류 및 저당 처리 성능 상태 점검기록부 차량 금액 외 별도 수수료 차량 이전등록 차량 체크사항 알림등록 비슷한 조건의 동일한 모델이 신규매물로 등록되면 알려드릴까요? 알림등록 560만원 총비용계산기 보험료 계산 대출상품 조회 리스상품 조회 보험이력 1건 성능점검내역 일반/엔카직영 신차대비 -% 신차가격표 판매자 문의하기 중고차시세 팔린매물 동급매물 엔카 중고차론 금융사 비교하고 제휴 추가할인 금리 4.9% 부터~ 닫기 허위매물 단속 및 매매관련 분쟁 처리 등을 위해 050안심번호로문의하면 전화번호와 통화내용이 엔카에 자동 저장됩니다.050도움말 엔카는 등록 시스템만을 제공하며, 판매자가 직접 등록한 차량의 모든 책임은 판매자에게 있습니다. 신고하기 회사소개인재채용클린엔카지점안내엔카직영성능점검장안내매매지원이용약관고객센터디스플레이광고개인정보처리방침금융소비자보호원격지원서비스 네이버 블로그 인스타그램 유튜브 페이스북 패밀리사이트 O2O를 잇는 신뢰와 기술로 차량을 사고 파는 모습의 진화를 만듭니다 고객센터 : 1599-5455FAX : 02-754-8768대표메일 : trust@encar.com주소 : 서울특별시 중구 통일로2길 16, 18~19층(순화동) 사업자 등록번호 : 104-86-54476통신판매업신고 : 제2014-서울중구-0393호대표자 : 김상범Copyright © 엔카닷컴(주) 내 차를 최고가에 팔고, 믿고 사는 가장 좋은 방법. 엔카닷컴(주) 엔카닷컴(주)는 통신판매중개자로서 통신판매의 당사자가 아니며, 상품·거래정보, 거래에 대하여 책임을 지지 않습니다."
41612603,YF 쏘나타LPI 럭셔리 연식,11/09식,127229,LPG(일반인 구입),서울,460,https://fem.encar.com/cars/detail/41612603?advClickPosition=mweb_mhightlight_g135_t400&listAdvType=mhighlight&type=detail&view_type=normal,"엔카 기본정보 옵션정보 차량상태 보증현황 판매자 정보 딜러 셀프등록 로그인/회원가입 채팅 전체메뉴 열기 등록번호 41612603조회수 58찜 0 신고하기 프린트 공유하기 찜하기 이전이미지 다음이미지 1 / 20 사진 모두보기 YF 쏘나타LPI 럭셔리 연식 11/09식 (12년형) 연형정보 주행거리 127,229km 연료 LPG(일반인 구입) 차량번호 18우5349 자세히 옵션 정보더보기 주요옵션 옵션 설명 보기 선루프 없음 헤드램프 (HID) 없음 주차감지센서 있음 후방카메라 없음 자동에어컨 없음 스마트키 없음 내비게이션 없음 열선시트 없음 통풍시트 없음 가죽시트 있음 15개 옵션 모두보기 차량 상태 성능점검을 등록한 차량이에요 제시번호 : 6723650145 교환 없음 판금 없음 부식 없음 성능기록부 자세히보기 보증 현황 제조사 보증제조사보증도움말 일반/차체 엔진/미션 엔카금융 1분만에 한도/금리 비교 다양한 금융사의 금리를 비교해보세요 방문없이 조회가 가능해요 신용점수에 영향이 없어요 금리 비교하기 판매자 정보 판매자정보사진 (주)픽플러스김현남매매 판매자 정보 판매중36판매완료156 경기 고양시 일산동구 종사원증번호 GG20-02141상사/조합정보 구매 가이드 허위매물 대처 압류 및 저당 처리 성능 상태 점검기록부 차량 금액 외 별도 수수료 차량 이전등록 차량 체크사항 알림등록 비슷한 조건의 동일한 모델이 신규매물로 등록되면 알려드릴까요? 알림등록 460만원 총비용계산기 보험료 계산 대출상품 조회 리스상품 조회 보험이력 공개 성능점검내역 일반/엔카직영 신차가격표 판매자 문의하기 중고차시세 팔린매물 동급매물 엔카 중고차론 금융사 비교하고 제휴 추가할인 금리 4.9% 부터~ 닫기 허위매물 단속 및 매매관련 분쟁 처리 등을 위해 050안심번호로문의하면 전화번호와 통화내용이 엔카에 자동 저장됩니다.050도움말 엔카는 등록 시스템만을 제공하며, 판매자가 직접 등록한 차량의 모든 책임은 판매자에게 있습니다. 신고하기 회사소개인재채용클린엔카지점안내엔카직영성능점검장안내매매지원이용약관고객센터디스플레이광고개인정보처리방침금융소비자보호원격지원서비스 네이버 블로그 인스타그램 유튜브 페이스북 패밀리사이트 O2O를 잇는 신뢰와 기술로 차량을 사고 파는 모습의 진화를 만듭니다 고객센터 : 1599-5455FAX : 02-754-8768대표메일 : trust@encar.com주소 : 서울특별시 중구 통일로2길 16, 18~19층(순화동) 사업자 등록번호 : 104-86-54476통신판매업신고 : 제2014-서울중구-0393호대표자 : 김상범Copyright © 엔카닷컴(주) 내 차를 최고가에 팔고, 믿고 사는 가장 좋은 방법. 엔카닷컴(주) 엔카닷컴(주)는 통신판매중개자로서 통신판매의 당사자가 아니며, 상품·거래정보, 거래에 대하여 책임을 지지 않습니다."
41640116,YF 쏘나타LPI 프리미어(장애인용) 연식,10/09식,150159,LPG(일반인 구입),서울,369,https://fem.encar.com/cars/detail/41640116?advClickPosition=mweb_mhightlight_g136_t400&listAdvType=mhighlight&type=detail&view_type=checked,"엔카 기본정보 옵션정보 차량상태 보증현황 판매자 정보 딜러 셀프등록 로그인/회원가입 채팅 전체메뉴 열기 엔카진단 등록번호 41640116조회수 13찜 1 신고하기 프린트 공유하기 찜하기 이전이미지 다음이미지 1 / 20 사진 모두보기 YF 쏘나타LPI 프리미어(장애인용) 연식 10/09식 (11년형) 연형정보 주행거리 150,159km 연료 LPG(일반인 구입) 차량번호 41오3455 자세히 엔카가 아래 사항을 모두 진단 하였습니다 툴팁 엔카진단 프레임무사고 확인 옵션 정보더보기 주요옵션 옵션 설명 보기 선루프 있음 헤드램프 (HID) 없음 주차감지센서 있음 후방카메라 있음 자동에어컨 있음 스마트키 있음 내비게이션 있음 열선시트 없음 통풍시트 없음 가죽시트 있음 26개 옵션 모두보기 이 차를 추천하는 이유더보기 다가오는 따듯한 날씨에 개방감 있는 드라이빙을 도와주는 파노라마 썬루프가 추가되어있으며, 내비 및 후방카메라 갖춰 초보운전자에게 추천드려요 차량 상태 엔카진단 엔카가 무사고 진단을 했어요 프레임 진단 정상 외부패널 진단 교환 엔카진단 자세히 보기 성능점검을 등록한 차량이에요 제시번호 : 2026030765 교환 1 판금 없음 부식 없음 성능기록부 자세히보기 차량이력 내차 피해 없음 타차 가해 총 1,378,373원 (2회) 특이 사항 없음 차량이력 자세히 보기 보증 현황 제조사 보증제조사보증도움말 일반/차체 엔진/미션 엔카금융 1분만에 한도/금리 비교 다양한 금융사의 금리를 비교해보세요 방문없이 조회가 가능해요 신용점수에 영향이 없어요 금리 비교하기 판매자 정보 판매자정보사진 퍼스트모터스한재선매매 판매자 정보 판매중16판매완료125 부산 사상구 사상로 399 종사원증번호 353-78상사/조합정보 구매 가이드 허위매물 대처 압류 및 저당 처리 성능 상태 점검기록부 차량 금액 외 별도 수수료 차량 이전등록 차량 체크사항 알림등록 비슷한 조건의 동일한 모델이 신규매물로 등록되면 알려드릴까요? 알림등록 369만원 총비용계산기 보험료 계산 대출상품 조회 리스상품 조회 보험이력 2건 성능점검내역 일반/엔카직영 신차가격표 판매자 문의하기 중고차시세 팔린매물 동급매물 엔카 중고차론 금융사 비교하고 제휴 추가할인 금리 4.9% 부터~ 닫기 허위매물 단속 및 매매관련 분쟁 처리 등을 위해 050안심번호로문의하면 전화번호와 통화내용이 엔카에 자동 저장됩니다.050도움말 엔카는 등록 시스템만을 제공하며, 판매자가 직접 등록한 차량의 모든 책임은 판매자에게 있습니다. 신고하기 회사소개인재채용클린엔카지점안내엔카직영성능점검장안내매매지원이용약관고객센터디스플레이광고개인정보처리방침금융소비자보호원격지원서비스 네이버 블로그 인스타그램 유튜브 페이스북 패밀리사이트 O2O를 잇는 신뢰와 기술로 차량을 사고 파는 모습의 진화를 만듭니다 고객센터 : 1599-5455FAX : 02-754-8768대표메일 : trust@encar.com주소 : 서울특별시 중구 통일로2길 16, 18~19층(순화동) 사업자 등록번호 : 104-86-54476통신판매업신고 : 제2014-서울중구-0393호대표자 : 김상범Copyright © 엔카닷컴(주) 내 차를 최고가에 팔고, 믿고 사는 가장 좋은 방법. 엔카닷컴(주) 엔카닷컴(주)는 통신판매중개자로서 통신판매의 당사자가 아니며, 상품·거래정보, 거래에 대하여 책임을 지지 않습니다."
40480542,YF 쏘나타LPI 프리미어 연식,12/05식,144248,LPG(일반인 구입),서울,339,https://fem.encar.com/cars/detail/40480542?advClickPosition=mweb_mhightlight_g137_t400&listAdvType=mhighlight&type=detail&view_type=normal,"엔카 기본정보 옵션정보 차량상태 보증현황 판매자 정보 딜러 셀프등록 로그인/회원가입 채팅 전체메뉴 등록번호 40480542조회수 657찜 11 신고하기 프린트 공유하기 찜하기 이전이미지 다음이미지 1 / 19 사진 모두보기 YF 쏘나타LPI 프리미어 연식 12/05식 연형정보 주행거리 144,248km 연료 LPG(일반인 구입) 차량번호 56구8257 자세히 옵션 정보더보기 주요옵션 옵션 설명 보기 선루프 없음 헤드램프 (HID) 없음 주차감지센서 없음 후방카메라 없음 자동에어컨 없음 스마트키 없음 내비게이션 없음 열선시트 없음 통풍시트 없음 가죽시트 있음 8개 옵션 모두보기 차량 상태 성능점검을 등록한 차량이에요 제시번호 : 25050808 교환 2 판금 1 부식 없음 성능기록부 자세히보기 차량이력 내차 피해 총 2,311,278원 (4회) 타차 가해 없음 특이 사항 없음 차량이력 자세히 보기 보증 현황 제조사 보증제조사보증도움말 일반/차체 엔진/미션 엔카금융 1분만에 한도/금리 비교 다양한 금융사의 금리를 비교해보세요 방문없이 조회가 가능해요 신용점수에 영향이 없어요 금리 비교하기 판매자 정보 판매자정보사진 리원박민규매매 판매자 정보 판매중17판매완료72 충남 천안시 서북구 종사원증번호 Cn15-00001상사/조합정보 구매 가이드 허위매물 대처 압류 및 저당 처리 성능 상태 점검기록부 차량 금액 외 별도 수수료 차량 이전등록 차량 체크사항 알림등록 비슷한 조건의 동일한 모델이 신규매물로 등록되면 알려드릴까요? 알림등록 339만원 총비용계산기 보험료 계산 대출상품 조회 리스상품 조회 보험이력 4건 성능점검내역 일반/엔카직영 신차가격표 판매자 문의하기 중고차시세 팔린매물 동급매물 엔카 중고차론 금융사 비교하고 제휴 추가할인 금리 4.9% 부터~ 닫기 허위매물 단속 및 매매관련 분쟁 처리 등을 위해 050안심번호로문의하면 전화번호와 통화내용이 엔카에 자동 저장됩니다.050도움말 엔카는 등록 시스템만을 제공하며, 판매자가 직접 등록한 차량의 모든 책임은 판매자에게 있습니다. 신고하기 회사소개인재채용클린엔카지점안내엔카직영성능점검장안내매매지원이용약관고객센터디스플레이광고개인정보처리방침금융소비자보호원격지원서비스 네이버 블로그 인스타그램 유튜브 페이스북 패밀리사이트 O2O를 잇는 신뢰와 기술로 차량을 사고 파는 모습의 진화를 만듭니다 고객센터 : 1599-5455FAX : 02-754-8768대표메일 : trust@encar.com주소 : 서울특별시 중구 통일로2길 16, 18~19층(순화동) 사업자 등록번호 : 104-86-54476통신판매업신고 : 제2014-서울중구-0393호대표자 : 김상범Copyright © 엔카닷컴(주) 내 차를 최고가에 팔고, 믿고 사는 가장 좋은 방법. 엔카닷컴(주) 엔카닷컴(주)는 통신판매중개자로서 통신판매의 당사자가 아니며, 상품·거래정보, 거래에 대하여 책임을 지지 않습니다."
40781592,YF 쏘나타Y20 그랜드 연식,09/11식,210814,가솔린,서울,15,https://fem.encar.com/cars/detail/40781592?advClickPosition=mweb_mhightlight_g138_t400&listAdvType=mhighlight&type=detail&view_type=checked,"엔카 기본정보 옵션정보 차량상태 보증현황 판매자 정보 딜러 셀프등록 로그인/회원가입 채팅 전체메뉴 열기 엔카진단 등록번호 40781592조회수 244찜 4 신고하기 프린트 공유하기 찜하기 이전이미지 다음이미지 1 / 20 사진 모두보기 YF 쏘나타Y20 그랜드 연식 09/11식 (10년형) 연형정보 주행거리 210,814km 연료 가솔린 차량번호 43루1003 자세히 엔카가 아래 사항을 모두 진단 하였습니다 툴팁 엔카진단 프레임무사고 확인 옵션 정보더보기 주요옵션 옵션 설명 보기 선루프 없음 헤드램프 (HID) 없음 주차감지센서 있음 후방카메라 없음 자동에어컨 없음 스마트키 없음 내비게이션 없음 열선시트 있음 통풍시트 없음 가죽시트 없음 18개 옵션 모두보기 이 차만의 옵션더보기 후방 주차보조 시스템 15만원 6단 자동변속기 + 풋 파킹 브레이크 + 경제운전 안전 시스템 + 후석 에어벤트 170만원 이 차를 추천하는 이유더보기 깔끔함이 곧 클래스! 대시보드가 접착 흔적 없이 깔끔하게 잘 관리된 차량으로 실내 직물 시트 또한 연식 킬로 수 대비 양호한 컨디션을 유지하고 있는 차량입니다:) 차량 상태 엔카진단 엔카가 무사고 진단을 했어요 프레임 진단 정상 외부패널 진단 정상 엔카진단 자세히 보기 성능점검을 등록한 차량이에요 제시번호 : 2025102323 교환 없음 판금 없음 부식 없음 성능기록부 자세히보기 보증 현황 제조사 보증제조사보증도움말 일반/차체 엔진/미션 엔카금융 1분만에 한도/금리 비교 다양한 금융사의 금리를 비교해보세요 방문없이 조회가 가능해요 신용점수에 영향이 없어요 금리 비교하기 판매자 정보 판매자정보사진 태성모터스이정현매매 판매자 정보 판매중7판매완료22 부산 남구 신선로 172 종사원증번호 2505138350상사/조합정보 구매 가이드 허위매물 대처 압류 및 저당 처리 성능 상태 점검기록부 차량 금액 외 별도 수수료 차량 이전등록 차량 체크사항 알림등록 비슷한 조건의 동일한 모델이 신규매물로 등록되면 알려드릴까요? 알림등록 250만원 총비용계산기 보험료 계산 대출상품 조회 리스상품 조회 보험이력 공개 성능점검내역 일반/엔카직영 신차대비 -% 신차가격표 판매자 문의하기 중고차시세 팔린매물 동급매물 엔카 중고차론 금융사 비교하고 제휴 추가할인 금리 4.9% 부터~ 닫기 허위매물 단속 및 매매관련 분쟁 처리 등을 위해 050안심번호로문의하면 전화번호와 통화내용이 엔카에 자동 저장됩니다.050도움말 엔카는 등록 시스템만을 제공하며, 판매자가 직접 등록한 차량의 모든 책임은 판매자에게 있습니다. 신고하기 회사소개인재채용클린엔카지점안내엔카직영성능점검장안내매매지원이용약관고객센터디스플레이광고개인정보처리방침금융소비자보호원격지원서비스 네이버 블로그 인스타그램 유튜브 페이스북 패밀리사이트 O2O를 잇는 신뢰와 기술로 차량을 사고 파는 모습의 진화를 만듭니다 고객센터 : 1599-5455FAX : 02-754-8768대표메일 : trust@encar.com주소 : 서울특별시 중구 통일로2길 16, 18~19층(순화동) 사업자 등록번호 : 104-86-54476통신판매업신고 : 제2014-서울중구-0393호대표자 : 김상범Copyright © 엔카닷컴(주) 내 차를 최고가에 팔고, 믿고 사는 가장 좋은 방법. 엔카닷컴(주) 엔카닷컴(주)는 통신판매중개자로서 통신판매의 당사자가 아니며, 상품·거래정보, 거래에 대하여 책임을 지지 않습니다."
41549716,YF 쏘나타LPI 프리미어 연식,10/10식,157034,LPG(일반인 구입),서울,269,https://fem.encar.com/cars/detail/41549716?advClickPosition=mweb_mhightlight_g139_t400&listAdvType=mhighlight&type=detail&view_type=normal,"엔카 기본정보 옵션정보 차량상태 보증현황 판매자 정보 딜러 셀프등록 로그인/회원가입 채팅 전체메뉴 열기 등록번호 41549716조회수 204찜 5 신고하기 프린트 공유하기 찜하기 이전이미지 다음이미지 1 / 18 사진 모두보기 YF 쏘나타LPI 프리미어 연식 10/10식 (11년형) 연형정보 주행거리 157,034km 연료 LPG(일반인 구입) 차량번호 60마4307 자세히 옵션 정보더보기 주요옵션 옵션 설명 보기 선루프 없음 헤드램프 (HID) 없음 주차감지센서 있음 후방카메라 있음 자동에어컨 없음 스마트키 있음 내비게이션 있음 열선시트 있음 통풍시트 없음 가죽시트 있음 26개 옵션 모두보기 차량 상태 성능점검을 등록한 차량이에요 제시번호 : 20261077807 교환 2 판금 2 부식 없음 성능기록부 자세히보기 차량이력 내차 피해 총 6,137,951원 (9회) 타차 가해 총 2,153,810원 (2회) 특이 사항 없음 차량이력 자세히 보기 보증 현황 제조사 보증제조사보증도움말 일반/차체 엔진/미션 엔카금융 1분만에 한도/금리 비교 다양한 금융사의 금리를 비교해보세요 방문없이 조회가 가능해요 신용점수에 영향이 없어요 금리 비교하기 판매자 정보 판매자정보사진 비전모터스심종모매매 판매자 정보 판매중29판매완료300 경기 수원시 권선구 평동로79번길 45 종사원증번호 GC2302425상사/조합정보 구매 가이드 허위매물 대처 압류 및 저당 처리 성능 상태 점검기록부 차량 금액 외 별도 수수료 차량 이전등록 차량 체크사항 알림등록 비슷한 조건의 동일한 모델이 신규매물로 등록되면 알려드릴까요? 알림등록 269만원 총비용계산기 보험료 계산 대출상품 조회 리스상품 조회 보험이력 11건 성능점검내역 일반/엔카직영 신차가격표 판매자 문의하기 중고차시세 팔린매물 동급매물 엔카 중고차론 금융사 비교하고 제휴 추가할인 금리 4.9% 부터~ 닫기 허위매물 단속 및 매매관련 분쟁 처리 등을 위해 050안심번호로문의하면 전화번호와 통화내용이 엔카에 자동 저장됩니다.050도움말 엔카는 등록 시스템만을 제공하며, 판매자가 직접 등록한 차량의 모든 책임은 판매자에게 있습니다. 신고하기 회사소개인재채용클린엔카지점안내엔카직영성능점검장안내매매지원이용약관고객센터디스플레이광고개인정보처리방침금융소비자보호원격지원서비스 네이버 블로그 인스타그램 유튜브 페이스북 패밀리사이트 O2O를 잇는 신뢰와 기술로 차량을 사고 파는 모습의 진화를 만듭니다 고객센터 : 1599-5455FAX : 02-754-8768대표메일 : trust@encar.com주소 : 서울특별시 중구 통일로2길 16, 18~19층(순화동) 사업자 등록번호 : 104-86-54476통신판매업신고 : 제2014-서울중구-0393호대표자 : 김상범Copyright © 엔카닷컴(주) 내 차를 최고가에 팔고, 믿고 사는 가장 좋은 방법. 엔카닷컴(주) 엔카닷컴(주)는 통신판매중개자로서 통신판매의 당사자가 아니며, 상품·거래정보, 거래에 대하여 책임을 지지 않습니다."
41263426,YF 쏘나타LPI 탑 연식,10/08식,174628,LPG(일반인 구입),서울,349,https://fem.encar.com/cars/detail/41263426?advClickPosition=mweb_mhightlight_g140_t400&listAdvType=mhighlight&type=detail&view_type=normal,"엔카 기본정보 옵션정보 차량상태 보증현황 판매자 정보 딜러 셀프등록 로그인/회원가입 채팅 전체메뉴 등록번호 41263426조회수 41찜 0 신고하기 프린트 공유하기 찜하기 #양호#HOT#COOL 엔카 실촬영 이전이미지 다음이미지 1 / 20 사진 모두보기 YF 쏘나타LPI 탑 연식 10/08식 (11년형) 연형정보 주행거리 174,628km 연료 LPG(일반인 구입) 차량번호 22두9245 자세히 옵션 정보더보기 주요옵션 옵션 설명 보기 선루프 없음 헤드램프 (HID) 없음 주차감지센서 있음 후방카메라 있음 자동에어컨 있음 스마트키 없음 내비게이션 있음 열선시트 있음 통풍시트 없음 가죽시트 있음 24개 옵션 모두보기 차량 상태 성능점검을 등록한 차량이에요 제시번호 : 123 교환 3 판금 없음 부식 없음 성능기록부 자세히보기 차량이력 내차 피해 총 4,248,950원 (5회) 타차 가해 총 1,749,450원 (1회) 특이 사항 없음 차량이력 자세히 보기 보증 현황 제조사 보증제조사보증도움말 일반/차체 엔진/미션 엔카금융 1분만에 한도/금리 비교 다양한 금융사의 금리를 비교해보세요 방문없이 조회가 가능해요 신용점수에 영향이 없어요 금리 비교하기 판매자 정보 판매자정보사진 태경모터스권영준매매 판매자 정보 판매중19판매완료110 충북 청주시 청원구 종사원증번호 CB23-00162상사/조합정보 구매 가이드 허위매물 대처 압류 및 저당 처리 성능 상태 점검기록부 차량 금액 외 별도 수수료 차량 이전등록 차량 체크사항 알림등록 비슷한 조건의 동일한 모델이 신규매물로 등록되면 알려드릴까요? 알림등록 349만원 총비용계산기 보험료 계산 대출상품 조회 리스상품 조회 보험이력 6건 성능점검내역 일반/엔카직영 신차가격표 판매자 문의하기 중고차시세 팔린매물 동급매물 엔카 중고차론 금융사 비교하고 제휴 추가할인 금리 4.9% 부터~ 닫기 허위매물 단속 및 매매관련 분쟁 처리 등을 위해 050안심번호로문의하면 전화번호와 통화내용이 엔카에 자동 저장됩니다.050도움말 엔카는 등록 시스템만을 제공하며, 판매자가 직접 등록한 차량의 모든 책임은 판매자에게 있습니다. 신고하기 회사소개인재채용클린엔카지점안내엔카직영성능점검장안내매매지원이용약관고객센터디스플레이광고개인정보처리방침금융소비자보호원격지원서비스 네이버 블로그 인스타그램 유튜브 페이스북 패밀리사이트 O2O를 잇는 신뢰와 기술로 차량을 사고 파는 모습의 진화를 만듭니다 고객센터 : 1599-5455FAX : 02-754-8768대표메일 : trust@encar.com주소 : 서울특별시 중구 통일로2길 16, 18~19층(순화동) 사업자 등록번호 : 104-86-54476통신판매업신고 : 제2014-서울중구-0393호대표자 : 김상범Copyright © 엔카닷컴(주) 내 차를 최고가에 팔고, 믿고 사는 가장 좋은 방법. 엔카닷컴(주) 엔카닷컴(주)는 통신판매중개자로서 통신판매의 당사자가 아니며, 상품·거래정보, 거래에 대하여 책임을 지지 않습니다."
41601228,YF 쏘나타F20 터보 GDI최고급형 연식,12/05식,183778,가솔린,서울,8,https://fem.encar.com/cars/detail/41601228?advClickPosition=mweb_mhightlight_g141_t400&listAdvType=mhighlight&type=detail&view_type=checked,"엔카 기본정보 옵션정보 차량상태 보증현황 판매자 정보 딜러 셀프등록 로그인/회원가입 채팅 전체메뉴 열기 엔카진단 등록번호 41601228조회수 60찜 1 신고하기 프린트 공유하기 찜하기 이전이미지 다음이미지 1 / 20 사진 모두보기 YF 쏘나타F20 터보 GDI최고급형 연식 12/05식 연형정보 주행거리 183,778km 연료 가솔린 차량번호 35조8521 자세히 엔카가 아래 사항을 모두 진단 하였습니다 툴팁 엔카진단 프레임무사고 확인 옵션 정보더보기 주요옵션 옵션 설명 보기 선루프 있음 헤드램프 (HID) 있음 주차감지센서 있음 후방카메라 있음 자동에어컨 있음 스마트키 있음 내비게이션 있음 열선시트 있음 통풍시트 있음 가죽시트 있음 40개 옵션 모두보기 이 차만의 옵션더보기 화이트 크리스탈(WHC) 외장컬러선택옵션설명 자세히보기 8만원 스포티 패키지선택옵션설명 자세히보기 55만원 3피스 타입 파노라마 썬루프(전동식 롤 블라인드) 115만원 8인치 프리미엄 WIDE 내비게이션(모젠)(JBL 프리미엄사운드, 음성 인식, 후방카메라, 후방 주차가이드 시스템 포함, 후방 디스플레이 룸미러 삭제) 160만원 이 차를 추천하는 이유더보기 선택옵션으로 추가된 파노라마 썬루프가 눈에 띕니다! 2분할 타입으로 2열 탑승자까지도 주행중 화사한 채광을 느껴볼 수 있어요! 통기성, 개방감 면에서도 뛰어나구요~ 차량 상태 엔카진단 엔카가 무사고 진단을 했어요 프레임 진단 정상 외부패널 진단 정상 엔카진단 자세히 보기 성능점검을 등록한 차량이에요 제시번호 : 20260306 교환 없음 판금 없음 부식 없음 성능기록부 자세히보기 차량이력 내차 피해 총 1,515,821원 (4회) 타차 가해 총 1,088,000원 (1회) 특이 사항 없음 차량이력 자세히 보기 보증 현황 제조사 보증제조사보증도움말 일반/차체 엔진/미션 엔카금융 1분만에 한도/금리 비교 다양한 금융사의 금리를 비교해보세요 방문없이 조회가 가능해요 신용점수에 영향이 없어요 금리 비교하기 판매자 정보 판매자정보사진 퍼스트모터스여동현매매 판매자 정보 판매중9판매완료36 대전 서구 월드컵대로484번길 77 종사원증번호 25-042-01154상사/조합정보 구매 가이드 허위매물 대처 압류 및 저당 처리 성능 상태 점검기록부 차량 금액 외 별도 수수료 차량 이전등록 차량 체크사항 알림등록 비슷한 조건의 동일한 모델이 신규매물로 등록되면 알려드릴까요? 알림등록 470만원 총비용계산기 보험료 계산 대출상품 조회 리스상품 조회 보험이력 5건 성능점검내역 일반/엔카직영 신차대비 -% 신차가격표 판매자 문의하기 중고차시세 팔린매물 동급매물 엔카 중고차론 금융사 비교하고 제휴 추가할인 금리 4.9% 부터~ 닫기 허위매물 단속 및 매매관련 분쟁 처리 등을 위해 050안심번호로문의하면 전화번호와 통화내용이 엔카에 자동 저장됩니다.050도움말 엔카는 등록 시스템만을 제공하며, 판매자가 직접 등록한 차량의 모든 책임은 판매자에게 있습니다. 신고하기 회사소개인재채용클린엔카지점안내엔카직영성능점검장안내매매지원이용약관고객센터디스플레이광고개인정보처리방침금융소비자보호원격지원서비스 네이버 블로그 인스타그램 유튜브 페이스북 패밀리사이트 O2O를 잇는 신뢰와 기술로 차량을 사고 파는 모습의 진화를 만듭니다 고객센터 : 1599-5455FAX : 02-754-8768대표메일 : trust@encar.com주소 : 서울특별시 중구 통일로2길 16, 18~19층(순화동) 사업자 등록번호 : 104-86-54476통신판매업신고 : 제2014-서울중구-0393호대표자 : 김상범Copyright © 엔카닷컴(주) 내 차를 최고가에 팔고, 믿고 사는 가장 좋은 방법. 엔카닷컴(주) 엔카닷컴(주)는 통신판매중개자로서 통신판매의 당사자가 아니며, 상품·거래정보, 거래에 대하여 책임을 지지 않습니다."
41637166,YF 쏘나타LPI 럭셔리 연식,10/02식,203227,LPG(일반인 구입),서울,280,https://fem.encar.com/cars/detail/41637166?advClickPosition=mweb_mhightlight_g142_t400&listAdvType=mhighlight&type=detail&view_type=normal,"엔카 기본정보 옵션정보 차량상태 보증현황 판매자 정보 딜러 셀프등록 로그인/회원가입 채팅 전체메뉴 열기 등록번호 41637166조회수 20찜 0 신고하기 프린트 공유하기 찜하기 이전이미지 다음이미지 1 / 18 사진 모두보기 YF 쏘나타LPI 럭셔리 연식 10/02식 연형정보 주행거리 203,227km 연료 LPG(일반인 구입) 차량번호 27소5552 자세히 옵션 정보더보기 주요옵션 옵션 설명 보기 선루프 없음 헤드램프 (HID) 없음 주차감지센서 있음 후방카메라 있음 자동에어컨 없음 스마트키 없음 내비게이션 있음 열선시트 없음 통풍시트 없음 가죽시트 있음 19개 옵션 모두보기 차량 상태 성능점검을 등록한 차량이에요 제시번호 : 2026024283 교환 없음 판금 없음 부식 없음 성능기록부 자세히보기 차량이력 내차 피해 총 4,050,977원 (8회) 타차 가해 총 1,356,800원 (1회) 특이 사항 없음 차량이력 자세히 보기 보증 현황 제조사 보증제조사보증도움말 일반/차체 엔진/미션 엔카금융 1분만에 한도/금리 비교 다양한 금융사의 금리를 비교해보세요 방문없이 조회가 가능해요 신용점수에 영향이 없어요 금리 비교하기 판매자 정보 판매자정보사진 중앙모터스윤성준매매 판매자 정보 판매중21판매완료69 대구 북구 노원로25길 22 종사원증번호 11-053-01093상사/조합정보 구매 가이드 허위매물 대처 압류 및 저당 처리 성능 상태 점검기록부 차량 금액 외 별도 수수료 차량 이전등록 차량 체크사항 알림등록 비슷한 조건의 동일한 모델이 신규매물로 등록되면 알려드릴까요? 알림등록 280만원 총비용계산기 보험료 계산 대출상품 조회 리스상품 조회 보험이력 9건 성능점검내역 일반/엔카직영 신차가격표 판매자 문의하기 중고차시세 팔린매물 동급매물 엔카 중고차론 금융사 비교하고 제휴 추가할인 금리 4.9% 부터~ 닫기 허위매물 단속 및 매매관련 분쟁 처리 등을 위해 050안심번호로문의하면 전화번호와 통화내용이 엔카에 자동 저장됩니다.050도움말 엔카는 등록 시스템만을 제공하며, 판매자가 직접 등록한 차량의 모든 책임은 판매자에게 있습니다. 신고하기 회사소개인재채용클린엔카지점안내엔카직영성능점검장안내매매지원이용약관고객센터디스플레이광고개인정보처리방침금융소비자보호원격지원서비스 네이버 블로그 인스타그램 유튜브 페이스북 패밀리사이트 O2O를 잇는 신뢰와 기술로 차량을 사고 파는 모습의 진화를 만듭니다 고객센터 : 1599-5455FAX : 02-754-8768대표메일 : trust@encar.com주소 : 서울특별시 중구 통일로2길 16, 18~19층(순화동) 사업자 등록번호 : 104-86-54476통신판매업신고 : 제2014-서울중구-0393호대표자 : 김상범Copyright © 엔카닷컴(주) 내 차를 최고가에 팔고, 믿고 사는 가장 좋은 방법. 엔카닷컴(주) 엔카닷컴(주)는 통신판매중개자로서 통신판매의 당사자가 아니며, 상품·거래정보, 거래에 대하여 책임을 지지 않습니다."
40543846,YF 쏘나타LPI 프리미어 연식,10/01식,216790,LPG(일반인 구입),서울,340,https://fem.encar.com/cars/detail/40543846?advClickPosition=mweb_mhightlight_g143_t400&listAdvType=mhighlight&type=detail&view_type=checked,"엔카 기본정보 옵션정보 차량상태 보증현황 판매자 정보 딜러 셀프등록 로그인/회원가입 채팅 전체메뉴 열기 엔카진단 등록번호 40543846조회수 397찜 17 신고하기 프린트 공유하기 찜하기 이전이미지 다음이미지 1 / 20 사진 모두보기 YF 쏘나타LPI 프리미어 연식 10/01식 연형정보 주행거리 216,790km 연료 LPG(일반인 구입) 차량번호 26러7474 자세히 엔카가 아래 사항을 모두 진단 하였습니다 툴팁 엔카진단 프레임무사고 확인 옵션 정보더보기 주요옵션 옵션 설명 보기 선루프 있음 헤드램프 (HID) 없음 주차감지센서 있음 후방카메라 있음 자동에어컨 있음 스마트키 없음 내비게이션 있음 열선시트 없음 통풍시트 없음 가죽시트 있음 22개 옵션 모두보기 이 차를 추천하는 이유더보기 주행 중 환기가 가능해 쾌적한 실내를 꾸준히 유지할 수 있을뿐만 아니라 광활한 개방감을 선사하는 파노라마 썬루프가 잘착되어있으며 LPG차량으로 유류비 절감까지! 차량 상태 엔카진단 엔카가 무사고 진단을 했어요 프레임 진단 정상 외부패널 진단 정상 엔카진단 자세히 보기 성능점검을 등록한 차량이에요 제시번호 : 2010012811 교환 없음 판금 1 부식 없음 성능기록부 자세히보기 보증 현황 제조사 보증제조사보증도움말 일반/차체 엔진/미션 엔카금융 1분만에 한도/금리 비교 다양한 금융사의 금리를 비교해보세요 방문없이 조회가 가능해요 신용점수에 영향이 없어요 금리 비교하기 판매자 정보 판매자정보사진 행운모터스박연기매매 판매자 정보 판매중13판매완료52 전북 전주시 덕진구 장동유통로 12 종사원증번호 JN25-00108상사/조합정보 구매 가이드 허위매물 대처 압류 및 저당 처리 성능 상태 점검기록부 차량 금액 외 별도 수수료 차량 이전등록 차량 체크사항 알림등록 비슷한 조건의 동일한 모델이 신규매물로 등록되면 알려드릴까요? 알림등록 340만원 총비용계산기 보험료 계산 대출상품 조회 리스상품 조회 보험이력 공개 성능점검내역 일반/엔카직영 신차가격표 판매자 문의하기 중고차시세 팔린매물 동급매물 엔카 중고차론 금융사 비교하고 제휴 추가할인 금리 4.9% 부터~ 닫기 허위매물 단속 및 매매관련 분쟁 처리 등을 위해 050안심번호로문의하면 전화번호와 통화내용이 엔카에 자동 저장됩니다.050도움말 엔카는 등록 시스템만을 제공하며, 판매자가 직접 등록한 차량의 모든 책임은 판매자에게 있습니다. 신고하기 회사소개인재채용클린엔카지점안내엔카직영성능점검장안내매매지원이용약관고객센터디스플레이광고개인정보처리방침금융소비자보호원격지원서비스 네이버 블로그 인스타그램 유튜브 페이스북 패밀리사이트 O2O를 잇는 신뢰와 기술로 차량을 사고 파는 모습의 진화를 만듭니다 고객센터 : 1599-5455FAX : 02-754-8768대표메일 : trust@encar.com주소 : 서울특별시 중구 통일로2길 16, 18~19층(순화동) 사업자 등록번호 : 104-86-54476통신판매업신고 : 제2014-서울중구-0393호대표자 : 김상범Copyright © 엔카닷컴(주) 내 차를 최고가에 팔고, 믿고 사는 가장 좋은 방법. 엔카닷컴(주) 엔카닷컴(주)는 통신판매중개자로서 통신판매의 당사자가 아니며, 상품·거래정보, 거래에 대하여 책임을 지지 않습니다."
41119523,YF 쏘나타Y20 탑고급형 연식,10/05식,135920,가솔린,서울,8,https://fem.encar.com/cars/detail/41119523?advClickPosition=mweb_mhightlight_g144_t400&listAdvType=mhighlight&type=detail&view_type=normal,"엔카 기본정보 옵션정보 차량상태 보증현황 판매자 정보 딜러 셀프등록 로그인/회원가입 채팅 전체메뉴 열기 등록번호 41119523조회수 557찜 14 신고하기 프린트 공유하기 찜하기 #특옵션#HOT#24시간상담 엔카 실촬영 이전이미지 다음이미지 1 / 20 사진 모두보기 YF 쏘나타Y20 탑고급형 연식 10/05식 연형정보 주행거리 135,920km 연료 가솔린 차량번호 22더0341 자세히 옵션 정보더보기 주요옵션 옵션 설명 보기 선루프 있음 헤드램프 (HID) 없음 주차감지센서 있음 후방카메라 있음 자동에어컨 있음 스마트키 있음 내비게이션 있음 열선시트 있음 통풍시트 없음 가죽시트 있음 34개 옵션 모두보기 이 차만의 옵션더보기 화이트 크리스탈(WHC) 외장컬러 8만원 3피스 타입 파노라마 썬루프(전동식 롤 블라인드) 115만원 차량 상태 성능점검을 등록한 차량이에요 제시번호 : 20251591603 교환 없음 판금 3 부식 없음 성능기록부 자세히보기 차량이력 내차 피해 총 3,223,793원 (5회) 타차 가해 총 773,810원 (1회) 특이 사항 없음 차량이력 자세히 보기 보증 현황 제조사 보증제조사보증도움말 일반/차체 엔진/미션 엔카금융 1분만에 한도/금리 비교 다양한 금융사의 금리를 비교해보세요 방문없이 조회가 가능해요 신용점수에 영향이 없어요 금리 비교하기 판매자 정보 판매자정보사진 무결점 카모터스이정훈매매 판매자 정보 판매중14판매완료87 경기 수원시 권선구 권선로 308 종사원증번호 GC25-03539상사/조합정보 구매 가이드 허위매물 대처 압류 및 저당 처리 성능 상태 점검기록부 차량 금액 외 별도 수수료 차량 이전등록 차량 체크사항 알림등록 비슷한 조건의 동일한 모델이 신규매물로 등록되면 알려드릴까요? 알림등록 340만원 총비용계산기 보험료 계산 대출상품 조회 리스상품 조회 보험이력 6건 성능점검내역 일반/엔카직영 신차대비 12% 신차가격표 판매자 문의하기 중고차시세 팔린매물 동급매물 엔카 중고차론 금융사 비교하고 제휴 추가할인 금리 4.9% 부터~ 닫기 허위매물 단속 및 매매관련 분쟁 처리 등을 위해 050안심번호로문의하면 전화번호와 통화내용이 엔카에 자동 저장됩니다.050도움말 엔카는 등록 시스템만을 제공하며, 판매자가 직접 등록한 차량의 모든 책임은 판매자에게 있습니다. 신고하기 회사소개인재채용클린엔카지점안내엔카직영성능점검장안내매매지원이용약관고객센터디스플레이광고개인정보처리방침금융소비자보호원격지원서비스 네이버 블로그 인스타그램 유튜브 페이스북 패밀리사이트 O2O를 잇는 신뢰와 기술로 차량을 사고 파는 모습의 진화를 만듭니다 고객센터 : 1599-5455FAX : 02-754-8768대표메일 : trust@encar.com주소 : 서울특별시 중구 통일로2길 16, 18~19층(순화동) 사업자 등록번호 : 104-86-54476통신판매업신고 : 제2014-서울중구-0393호대표자 : 김상범Copyright © 엔카닷컴(주) 내 차를 최고가에 팔고, 믿고 사는 가장 좋은 방법. 엔카닷컴(주) 엔카닷컴(주)는 통신판매중개자로서 통신판매의 당사자가 아니며, 상품·거래정보, 거래에 대하여 책임을 지지 않습니다."
40923047,YF 쏘나타LPI 프리미어(장애인용) 연식,11/04식,152768,LPG(일반인 구입),서울,409,https://fem.encar.com/cars/detail/40923047?advClickPosition=mweb_mhightlight_g145_t400&listAdvType=mhighlight&type=detail&view_type=normal,"엔카 기본정보 옵션정보 차량상태 보증현황 판매자 정보 딜러 셀프등록 로그인/회원가입 채팅 전체메뉴 열기 등록번호 40923047조회수 9찜 0 신고하기 프린트 공유하기 찜하기 #양호#HOT#COOL 엔카 실촬영 이전이미지 다음이미지 1 / 20 사진 모두보기 YF 쏘나타LPI 프리미어(장애인용) 연식 11/04식 연형정보 주행거리 152,768km 연료 LPG(일반인 구입) 차량번호 43거1918 자세히 옵션 정보더보기 주요옵션 옵션 설명 보기 선루프 없음 헤드램프 (HID) 없음 주차감지센서 있음 후방카메라 있음 자동에어컨 있음 스마트키 있음 내비게이션 있음 열선시트 있음 통풍시트 없음 가죽시트 있음 28개 옵션 모두보기 차량 상태 성능점검을 등록한 차량이에요 제시번호 : 2025102816 교환 4 판금 없음 부식 없음 성능기록부 자세히보기 차량이력 내차 피해 총 5,765,487원 (6회) 타차 가해 총 1,492,449원 (2회) 특이 사항 없음 차량이력 자세히 보기 보증 현황 제조사 보증제조사보증도움말 일반/차체 엔진/미션 엔카금융 1분만에 한도/금리 비교 다양한 금융사의 금리를 비교해보세요 방문없이 조회가 가능해요 신용점수에 영향이 없어요 금리 비교하기 판매자 정보 판매자정보사진 해태자동차김상봉매매 판매자 정보 판매중67판매완료146 광주 서구 매월1로 18 종사원증번호 17062000222상사/조합정보 구매 가이드 허위매물 대처 압류 및 저당 처리 성능 상태 점검기록부 차량 금액 외 별도 수수료 차량 이전등록 차량 체크사항 알림등록 비슷한 조건의 동일한 모델이 신규매물로 등록되면 알려드릴까요? 알림등록 409만원 총비용계산기 보험료 계산 대출상품 조회 리스상품 조회 보험이력 8건 성능점검내역 일반/엔카직영 신차가격표 판매자 문의하기 중고차시세 팔린매물 동급매물 엔카 중고차론 금융사 비교하고 제휴 추가할인 금리 4.9% 부터~ 닫기 허위매물 단속 및 매매관련 분쟁 처리 등을 위해 050안심번호로문의하면 전화번호와 통화내용이 엔카에 자동 저장됩니다.050도움말 엔카는 등록 시스템만을 제공하며, 판매자가 직접 등록한 차량의 모든 책임은 판매자에게 있습니다. 신고하기 회사소개인재채용클린엔카지점안내엔카직영성능점검장안내매매지원이용약관고객센터디스플레이광고개인정보처리방침금융소비자보호원격지원서비스 네이버 블로그 인스타그램 유튜브 페이스북 패밀리사이트 O2O를 잇는 신뢰와 기술로 차량을 사고 파는 모습의 진화를 만듭니다 고객센터 : 1599-5455FAX : 02-754-8768대표메일 : trust@encar.com주소 : 서울특별시 중구 통일로2길 16, 18~19층(순화동) 사업자 등록번호 : 104-86-54476통신판매업신고 : 제2014-서울중구-0393호대표자 : 김상범Copyright © 엔카닷컴(주) 내 차를 최고가에 팔고, 믿고 사는 가장 좋은 방법. 엔카닷컴(주) 엔카닷컴(주)는 통신판매중개자로서 통신판매의 당사자가 아니며, 상품·거래정보, 거래에 대하여 책임을 지지 않습니다."
41019987,YF 쏘나타CVVL 럭셔리 연식,12/09식,138495,가솔린,서울,160,https://fem.encar.com/cars/detail/41019987?advClickPosition=mweb_mhightlight_g146_t400&listAdvType=mhighlight&type=detail&view_type=checked,"엔카 기본정보 옵션정보 차량상태 보증현황 판매자 정보 딜러 셀프등록 로그인/회원가입 채팅 전체메뉴 열기 엔카진단 등록번호 41019987조회수 324찜 14 신고하기 프린트 공유하기 찜하기 이전이미지 다음이미지 1 / 20 사진 모두보기 YF 쏘나타CVVL 럭셔리 연식 12/09식 연형정보 주행거리 138,495km 연료 가솔린 차량번호 20거6587 자세히 엔카가 아래 사항을 모두 진단 하였습니다 툴팁 엔카진단 프레임무사고 확인 옵션 정보더보기 주요옵션 옵션 설명 보기 선루프 없음 헤드램프 (HID) 없음 주차감지센서 있음 후방카메라 있음 자동에어컨 있음 스마트키 있음 내비게이션 있음 열선시트 있음 통풍시트 없음 가죽시트 있음 31개 옵션 모두보기 이 차만의 옵션더보기 Intelligent DMB 내비게이션(외장형 앰프, 서브우퍼, 음성 인식, 후방카메라, 후방주차가이드 시스템 포함) 160만원 이 차를 추천하는 이유더보기 은색 외관에 검은색 시트 조합의 그 시절 쏘나타입니다! 주행거리 대비 비교적 양호한 컨디션의 내 외관을 유지하고 있으니 지금 바로 만나보시길 추천해 드립니다! 차량 상태 엔카진단 엔카가 무사고 진단을 했어요 프레임 진단 정상 외부패널 진단 교환 엔카진단 자세히 보기 성능점검을 등록한 차량이에요 제시번호 : 2025004384 교환 3 판금 없음 부식 없음 성능기록부 자세히보기 차량이력 내차 피해 총 3,183,098원 (4회) 타차 가해 없음 특이 사항 없음 차량이력 자세히 보기 보증 현황 제조사 보증제조사보증도움말 일반/차체 엔진/미션 엔카금융 1분만에 한도/금리 비교 다양한 금융사의 금리를 비교해보세요 방문없이 조회가 가능해요 신용점수에 영향이 없어요 금리 비교하기 판매자 정보 판매자정보사진 붕붕모터스박경두매매 판매자 정보 판매중22판매완료124 경남 창원시 의창구 사화로 396 종사원증번호 2105500293상사/조합정보 구매 가이드 허위매물 대처 압류 및 저당 처리 성능 상태 점검기록부 차량 금액 외 별도 수수료 차량 이전등록 차량 체크사항 알림등록 비슷한 조건의 동일한 모델이 신규매물로 등록되면 알려드릴까요? 알림등록 379만원 총비용계산기 보험료 계산 대출상품 조회 리스상품 조회 보험이력 4건 성능점검내역 일반/엔카직영 신차대비 -% 신차가격표 판매자 문의하기 중고차시세 팔린매물 동급매물 엔카 중고차론 금융사 비교하고 제휴 추가할인 금리 4.9% 부터~ 닫기 허위매물 단속 및 매매관련 분쟁 처리 등을 위해 050안심번호로문의하면 전화번호와 통화내용이 엔카에 자동 저장됩니다.050도움말 엔카는 등록 시스템만을 제공하며, 판매자가 직접 등록한 차량의 모든 책임은 판매자에게 있습니다. 신고하기 회사소개인재채용클린엔카지점안내엔카직영성능점검장안내매매지원이용약관고객센터디스플레이광고개인정보처리방침금융소비자보호원격지원서비스 네이버 블로그 인스타그램 유튜브 페이스북 패밀리사이트 O2O를 잇는 신뢰와 기술로 차량을 사고 파는 모습의 진화를 만듭니다 고객센터 : 1599-5455FAX : 02-754-8768대표메일 : trust@encar.com주소 : 서울특별시 중구 통일로2길 16, 18~19층(순화동) 사업자 등록번호 : 104-86-54476통신판매업신고 : 제2014-서울중구-0393호대표자 : 김상범Copyright © 엔카닷컴(주) 내 차를 최고가에 팔고, 믿고 사는 가장 좋은 방법. 엔카닷컴(주) 엔카닷컴(주)는 통신판매중개자로서 통신판매의 당사자가 아니며, 상품·거래정보, 거래에 대하여 책임을 지지 않습니다."
41298239,YF 쏘나타LPI 디럭스 연식,09/12식,106800,LPG(일반인 구입),서울,239,https://fem.encar.com/cars/detail/41298239?advClickPosition=mweb_mhightlight_g147_t400&listAdvType=mhighlight&type=detail&view_type=normal,"엔카 기본정보 옵션정보 차량상태 보증현황 판매자 정보 딜러 셀프등록 로그인/회원가입 채팅 전체메뉴 열기 등록번호 41298239조회수 1,134찜 14 신고하기 프린트 공유하기 찜하기 이전이미지 다음이미지 1 / 20 사진 모두보기 YF 쏘나타LPI 디럭스 연식 09/12식 (10년형) 연형정보 주행거리 106,800km 연료 LPG(일반인 구입) 차량번호 30거3540 자세히 옵션 정보더보기 주요옵션 옵션 설명 보기 선루프 없음 헤드램프 (HID) 없음 주차감지센서 없음 후방카메라 없음 자동에어컨 없음 스마트키 없음 내비게이션 없음 열선시트 없음 통풍시트 없음 가죽시트 있음 8개 옵션 모두보기 차량 상태 성능점검을 등록한 차량이에요 제시번호 : 2026002242 교환 1 판금 없음 부식 없음 성능기록부 자세히보기 보증 현황 제조사 보증제조사보증도움말 일반/차체 엔진/미션 엔카금융 1분만에 한도/금리 비교 다양한 금융사의 금리를 비교해보세요 방문없이 조회가 가능해요 신용점수에 영향이 없어요 금리 비교하기 판매자 정보 판매자정보사진 두손모터스2한지명매매 판매자 정보 판매중37판매완료308 경기 부천시 오정구 송내대로 450 종사원증번호 GG25-00585상사/조합정보 구매 가이드 허위매물 대처 압류 및 저당 처리 성능 상태 점검기록부 차량 금액 외 별도 수수료 차량 이전등록 차량 체크사항 알림등록 비슷한 조건의 동일한 모델이 신규매물로 등록되면 알려드릴까요? 알림등록 239만원 총비용계산기 보험료 계산 대출상품 조회 리스상품 조회 보험이력 공개 성능점검내역 일반/엔카직영 신차가격표 판매자 문의하기 중고차시세 팔린매물 동급매물 엔카 중고차론 금융사 비교하고 제휴 추가할인 금리 4.9% 부터~ 닫기 허위매물 단속 및 매매관련 분쟁 처리 등을 위해 050안심번호로문의하면 전화번호와 통화내용이 엔카에 자동 저장됩니다.050도움말 엔카는 등록 시스템만을 제공하며, 판매자가 직접 등록한 차량의 모든 책임은 판매자에게 있습니다. 신고하기 회사소개인재채용클린엔카지점안내엔카직영성능점검장안내매매지원이용약관고객센터디스플레이광고개인정보처리방침금융소비자보호원격지원서비스 네이버 블로그 인스타그램 유튜브 페이스북 패밀리사이트 O2O를 잇는 신뢰와 기술로 차량을 사고 파는 모습의 진화를 만듭니다 고객센터 : 1599-5455FAX : 02-754-8768대표메일 : trust@encar.com주소 : 서울특별시 중구 통일로2길 16, 18~19층(순화동) 사업자 등록번호 : 104-86-54476통신판매업신고 : 제2014-서울중구-0393호대표자 : 김상범Copyright © 엔카닷컴(주) 내 차를 최고가에 팔고, 믿고 사는 가장 좋은 방법. 엔카닷컴(주) 엔카닷컴(주)는 통신판매중개자로서 통신판매의 당사자가 아니며, 상품·거래정보, 거래에 대하여 책임을 지지 않습니다."
41410152,YF 쏘나타Y20 프라임블랙 연식,11/01식,40830,가솔린,서울,599,https://fem.encar.com/cars/detail/41410152?advClickPosition=mweb_mhightlight_g148_t400&listAdvType=mhighlight&type=detail&view_type=hs_ad,"엔카 기본정보 옵션정보 차량상태 보증현황 엔카서비스 딜러 셀프등록 로그인/회원가입 채팅 전체메뉴 엔카진단 엔카믿고 등록번호 41397450조회수 561찜 18 신고하기 프린트 공유하기 찜하기 당사 하나카즈 홈페이지에서 하체사진, 동영상을 꼭 확인하세요! 이전이미지 다음이미지 1 / 20 사진 모두보기 YF 쏘나타Y20 프라임블랙 연식 11/01식 연형정보 주행거리 40,830km 연료 가솔린 차량번호 57오6599 자세히 엔카가 아래 사항을 모두 진단 하였습니다 툴팁 엔카진단 프레임무사고 확인 엔카를 통한 구매는 환불을 보장합니다 엔카믿고 차량확인 시원하는 곳으로 배송 구매 시7일간 타보고 환불가능 옵션 정보더보기 주요옵션 옵션 설명 보기 선루프 없음 헤드램프 (HID) 없음 주차감지센서 있음 후방카메라 있음 자동에어컨 있음 스마트키 없음 내비게이션 있음 열선시트 있음 통풍시트 없음 가죽시트 있음 29개 옵션 모두보기 이 차를 추천하는 이유더보기 연식대비 말도안되는 주행거리로 관리된 차량인 만큼 실내외 컨디션도 매우 양호하며, 안드로이드 올인원 장착으로 가성비까지 완벽! 사회초년생의 첫차로도 손색없네요! 차량 상태 엔카진단 엔카가 무사고 진단을 했어요 프레임 진단 정상 외부패널 진단 정상 엔카진단 자세히 보기 성능점검을 등록한 차량이에요 제시번호 : 2025134710 교환 없음 판금 없음 부식 없음 성능기록부 자세히보기 차량이력 내차 피해 없음 타차 가해 총 358,013원 (1회) 특이 사항 없음 차량이력 자세히 보기 보증 현황 제조사 보증제조사보증도움말 일반/차체 엔진/미션 엔카를 통해 구매하기 엔카믿고 제공혜택 차량확인 시원하는 곳으로 배송 구매 시7일간 타보고 환불가능 집앞으로 배송받기 엔카 전담 상담원 엔카 매니저 고객님과 꼼꼼히 상담 후 배송해드린 차량을 7일간 타보세요. 대출 상담부터 스크래치 확인까지 1:1로 엔카매니저가 모두 도와드리는 서비스 입니다. 판매자 정보 엔카금융 1분만에 한도/금리 비교 다양한 금융사의 금리를 비교해보세요 방문없이 조회가 가능해요 신용점수에 영향이 없어요 금리 비교하기 구매 가이드 허위매물 대처 압류 및 저당 처리 성능 상태 점검기록부 차량 금액 외 별도 수수료 차량 이전등록 차량 체크사항 알림등록 비슷한 조건의 동일한 모델이 신규매물로 등록되면 알려드릴까요? 알림등록 599만원 총비용계산기 보험료 계산 대출상품 조회 리스상품 조회 보험이력 1건 성능점검내역 일반/엔카직영 신차대비 -% 신차가격표 문의하기 엔카를 통해 구매하기 중고차시세 팔린매물 동급매물 엔카 중고차론 금융사 비교하고 제휴 추가할인 금리 4.9% 부터~ 닫기 허위매물 단속 및 매매관련 분쟁 처리 등을 위해 050안심번호로문의하면 전화번호와 통화내용이 엔카에 자동 저장됩니다.050도움말 회사소개인재채용클린엔카지점안내엔카직영성능점검장안내매매지원이용약관고객센터디스플레이광고개인정보처리방침금융소비자보호원격지원서비스 네이버 블로그 인스타그램 유튜브 페이스북 패밀리사이트 O2O를 잇는 신뢰와 기술로 차량을 사고 파는 모습의 진화를 만듭니다 고객센터 : 1599-5455FAX : 02-754-8768대표메일 : trust@encar.com주소 : 서울특별시 중구 통일로2길 16, 18~19층(순화동) 사업자 등록번호 : 104-86-54476통신판매업신고 : 제2014-서울중구-0393호대표자 : 김상범Copyright © 엔카닷컴(주) 내 차를 최고가에 팔고, 믿고 사는 가장 좋은 방법. 엔카닷컴(주) 엔카닷컴(주)는 통신판매중개자로서 통신판매의 당사자가 아니며, 상품·거래정보, 거래에 대하여 책임을 지지 않습니다."
41489322,YF 쏘나타LPI 탑 연식,09/12식,89678,LPG(일반인 구입),서울,499,https://fem.encar.com/cars/detail/41489322?advClickPosition=mweb_mhightlight_g149_t400&listAdvType=mhighlight&type=detail&view_type=hs_ad,"엔카 기본정보 옵션정보 차량상태 보증현황 엔카서비스 딜러 셀프등록 로그인/회원가입 채팅 전체메뉴 열기 엔카진단+ 엔카믿고 등록번호 41480266조회수 349찜 11 신고하기 프린트 공유하기 찜하기 당사 하나카즈 홈페이지에서 하체사진, 동영상을 꼭 확인하세요! 이전이미지 다음이미지 1 / 20 사진 모두보기 YF 쏘나타LPI 탑 연식 09/12식 (10년형) 연형정보 주행거리 89,678km 연료 LPG(일반인 구입) 차량번호 27우8377 자세히 엔카가 아래 사항을 모두 진단 하였습니다 툴팁 엔카진단+ 프레임무사고 확인 내외부차량 관리 상태 확인 엔카를 통한 구매는 환불을 보장합니다 엔카믿고 차량확인 시원하는 곳으로 배송 구매 시7일간 타보고 환불가능 옵션 정보더보기 주요옵션 옵션 설명 보기 선루프 없음 헤드램프 (HID) 없음 주차감지센서 있음 후방카메라 있음 자동에어컨 있음 스마트키 없음 내비게이션 있음 열선시트 있음 통풍시트 없음 가죽시트 있음 24개 옵션 모두보기 이 차를 추천하는 이유더보기 국민 중형 소나타가 여전히 현역급 면모로 찾아왔어요! 일상 영역 최적인 사이즈감과 내비게이션 및 후방카메라 추가 장착으로 더 편한 드라이빙이 가능하겠죠? 차량 상태 엔카진단+ 엔카가 무사고 진단을 했어요 프레임 진단 정상 외부패널 진단 정상 엔카진단 자세히 보기 엔카가 차량상태를 확인했어요 더보기 외관 스크래치, 등화장치, 타이어 상태, 실내 냄새까지 엔카 진단센터에서 직접 확인했어요. 차량 키 개수 1개 틴팅(앞 유리) 없음 타이어트레드 잔량 (앞) 툴팁 5mm 타이어트레드 잔량 (뒤) 툴팁 6mm 더보기 차량관리상태 모두보기 성능점검을 등록한 차량이에요 제시번호 : 2025134622 교환 없음 판금 없음 부식 없음 성능기록부 자세히보기 차량이력 내차 피해 총 1,490,800원 (4회) 타차 가해 총 1,924,574원 (4회) 특이 사항 없음 차량이력 자세히 보기 보증 현황 제조사 보증제조사보증도움말 일반/차체 엔진/미션 엔카를 통해 구매하기 엔카믿고 제공혜택 차량확인 시원하는 곳으로 배송 구매 시7일간 타보고 환불가능 집앞으로 배송받기 엔카 전담 상담원 엔카 매니저 고객님과 꼼꼼히 상담 후 배송해드린 차량을 7일간 타보세요. 대출 상담부터 스크래치 확인까지 1:1로 엔카매니저가 모두 도와드리는 서비스 입니다. 판매자 정보 엔카금융 1분만에 한도/금리 비교 다양한 금융사의 금리를 비교해보세요 방문없이 조회가 가능해요 신용점수에 영향이 없어요 금리 비교하기 구매 가이드 허위매물 대처 압류 및 저당 처리 성능 상태 점검기록부 차량 금액 외 별도 수수료 차량 이전등록 차량 체크사항 알림등록 비슷한 조건의 동일한 모델이 신규매물로 등록되면 알려드릴까요? 알림등록 499만원 총비용계산기 보험료 계산 대출상품 조회 리스상품 조회 보험이력 8건 성능점검내역 일반/엔카직영 신차가격표 문의하기 엔카를 통해 구매하기 중고차시세 팔린매물 동급매물 엔카 중고차론 금융사 비교하고 제휴 추가할인 금리 4.9% 부터~ 닫기 허위매물 단속 및 매매관련 분쟁 처리 등을 위해 050안심번호로문의하면 전화번호와 통화내용이 엔카에 자동 저장됩니다.050도움말 회사소개인재채용클린엔카지점안내엔카직영성능점검장안내매매지원이용약관고객센터디스플레이광고개인정보처리방침금융소비자보호원격지원서비스 네이버 블로그 인스타그램 유튜브 페이스북 패밀리사이트 O2O를 잇는 신뢰와 기술로 차량을 사고 파는 모습의 진화를 만듭니다 고객센터 : 1599-5455FAX : 02-754-8768대표메일 : trust@encar.com주소 : 서울특별시 중구 통일로2길 16, 18~19층(순화동) 사업자 등록번호 : 104-86-54476통신판매업신고 : 제2014-서울중구-0393호대표자 : 김상범Copyright © 엔카닷컴(주) 내 차를 최고가에 팔고, 믿고 사는 가장 좋은 방법. 엔카닷컴(주) 엔카닷컴(주)는 통신판매중개자로서 통신판매의 당사자가 아니며, 상품·거래정보, 거래에 대하여 책임을 지지 않습니다."
40321568,YF 쏘나타CVVL 프라임 연식,12/03식,96015,가솔린,서울,8,https://fem.encar.com/cars/detail/40321568?advClickPosition=mweb_mhightlight_g150_t400&listAdvType=mhighlight&type=detail&view_type=hs_ad,"엔카 기본정보 옵션정보 차량상태 보증현황 엔카서비스 딜러 셀프등록 로그인/회원가입 채팅 전체메뉴 열기 엔카진단+ 엔카믿고 등록번호 40302971조회수 194찜 47 신고하기 프린트 공유하기 찜하기 당사 하나카즈 홈페이지에서 하체사진, 동영상을 꼭 확인하세요! 이전이미지 다음이미지 1 / 19 사진 모두보기 YF 쏘나타CVVL 프라임 연식 12/03식 연형정보 주행거리 96,015km 연료 가솔린 차량번호 47라3533 자세히 엔카가 아래 사항을 모두 진단 하였습니다 툴팁 엔카진단+ 프레임무사고 확인 내외부차량 관리 상태 확인 엔카를 통한 구매는 환불을 보장합니다 엔카믿고 차량확인 시원하는 곳으로 배송 구매 시7일간 타보고 환불가능 옵션 정보더보기 주요옵션 옵션 설명 보기 선루프 있음 헤드램프 (HID) 없음 주차감지센서 있음 후방카메라 있음 자동에어컨 없음 스마트키 있음 내비게이션 있음 열선시트 있음 통풍시트 없음 가죽시트 있음 27개 옵션 모두보기 이 차만의 옵션더보기 화이트 크리스탈(WHC) 외장컬러 선택옵션설명 자세히보기 8만원 3피스 타입 파노라마 썬루프(전동식 롤 블라인드) 115만원 이 차를 추천하는 이유더보기 이 연식이라면 흔히 보여지는 백화없이 후방카메라 화면이 선명하게 유지되어있습니다. 연식대비 짧은 주행거리와 넉넉한 타이어 트레드상태로 가성비로 운행하기 훌륭하죠 차량 상태 엔카진단+ 엔카가 무사고 진단을 했어요 프레임 진단 정상 외부패널 진단 정상 엔카진단 자세히 보기 엔카가 차량상태를 확인했어요 더보기 외관 스크래치, 등화장치, 타이어 상태, 실내 냄새까지 엔카 진단센터에서 직접 확인했어요. 차량 키 개수 1개 틴팅(앞 유리) 없음 타이어트레드 잔량 (앞) 툴팁 5mm 타이어트레드 잔량 (뒤) 툴팁 6mm 더보기 차량관리상태 모두보기 성능점검을 등록한 차량이에요 제시번호 : 2025071964 교환 없음 판금 없음 부식 없음 성능기록부 자세히보기 차량이력 내차 피해 총 1,656,456원 (2회) 타차 가해 총 1,508,410원 (4회) 특이 사항 없음 차량이력 자세히 보기 보증 현황 제조사 보증제조사보증도움말 일반/차체 엔진/미션 엔카보증 성능보험보험사제공성능보험도움말 30일/2,000km 약 60개 부품 보증 (법적 의무 가입대상) 엔카종합보증엔카제공엔카종합보증도움말 ~180일/10,000km 약 160개 부품 보증, 가입 시 보상한도 내 무제한 보증 수리 엔카를 통해 구매하기 엔카믿고 제공혜택 차량확인 시원하는 곳으로 배송 구매 시7일간 타보고 환불가능 집앞으로 배송받기 엔카 전담 상담원 엔카 매니저 고객님과 꼼꼼히 상담 후 배송해드린 차량을 7일간 타보세요. 대출 상담부터 스크래치 확인까지 1:1로 엔카매니저가 모두 도와드리는 서비스 입니다. 판매자 정보 엔카금융 1분만에 한도/금리 비교 다양한 금융사의 금리를 비교해보세요 방문없이 조회가 가능해요 신용점수에 영향이 없어요 금리 비교하기 구매 가이드 허위매물 대처 압류 및 저당 처리 성능 상태 점검기록부 차량 금액 외 별도 수수료 차량 이전등록 차량 체크사항 알림등록 비슷한 조건의 동일한 모델이 신규매물로 등록되면 알려드릴까요? 알림등록 599만원 총비용계산기 보험료 계산 대출상품 조회 리스상품 조회 보험이력 6건 성능점검내역 일반/엔카직영 신차대비 -% 신차가격표 문의하기 엔카를 통해 구매하기 중고차시세 팔린매물 동급매물 엔카 중고차론 금융사 비교하고 제휴 추가할인 금리 4.9% 부터~ 닫기 허위매물 단속 및 매매관련 분쟁 처리 등을 위해 050안심번호로문의하면 전화번호와 통화내용이 엔카에 자동 저장됩니다.050도움말 회사소개인재채용클린엔카지점안내엔카직영성능점검장안내매매지원이용약관고객센터디스플레이광고개인정보처리방침금융소비자보호원격지원서비스 네이버 블로그 인스타그램 유튜브 페이스북 패밀리사이트 O2O를 잇는 신뢰와 기술로 차량을 사고 파는 모습의 진화를 만듭니다 고객센터 : 1599-5455FAX : 02-754-8768대표메일 : trust@encar.com주소 : 서울특별시 중구 통일로2길 16, 18~19층(순화동) 사업자 등록번호 : 104-86-54476통신판매업신고 : 제2014-서울중구-0393호대표자 : 김상범Copyright © 엔카닷컴(주) 내 차를 최고가에 팔고, 믿고 사는 가장 좋은 방법. 엔카닷컴(주) 엔카닷컴(주)는 통신판매중개자로서 통신판매의 당사자가 아니며, 상품·거래정보, 거래에 대하여 책임을 지지 않습니다."
41289154,YF 쏘나타Y20 프라임블랙 연식,11/01식,46858,가솔린,서울,559,https://fem.encar.com/cars/detail/41289154?advClickPosition=mweb_mhightlight_g151_t400&listAdvType=mhighlight&type=detail&view_type=hs_ad,"엔카 기본정보 옵션정보 차량상태 보증현황 엔카서비스 딜러 셀프등록 로그인/회원가입 채팅 전체메뉴 엔카진단+ 엔카믿고 등록번호 41283049조회수 65찜 13 신고하기 프린트 공유하기 찜하기 엔카진단 무사고, yf k5전문 (주)하나카즈 직영상품 이전이미지 다음이미지 1 / 20 사진 모두보기 YF 쏘나타Y20 프라임블랙 연식 11/01식 연형정보 주행거리 46,858km 연료 가솔린 차량번호 40더8726 자세히 엔카가 아래 사항을 모두 진단 하였습니다 툴팁 엔카진단+ 프레임무사고 확인 내외부차량 관리 상태 확인 엔카를 통한 구매는 환불을 보장합니다 엔카믿고 차량확인 시원하는 곳으로 배송 구매 시7일간 타보고 환불가능 옵션 정보더보기 주요옵션 옵션 설명 보기 선루프 없음 헤드램프 (HID) 없음 주차감지센서 있음 후방카메라 있음 자동에어컨 있음 스마트키 없음 내비게이션 있음 열선시트 있음 통풍시트 없음 가죽시트 있음 29개 옵션 모두보기 이 차를 추천하는 이유더보기 이 연식에 이 총주행거리를 지닌 YF쏘나타라니. 가성비로 중형세단을 찾는 분들께 희소식이죠! 센터페시아에 안드로이드 올인원을 매립해 편의성도 증가시켜둔 차량이에요! 차량 상태 엔카진단+ 엔카가 무사고 진단을 했어요 프레임 진단 정상 외부패널 진단 교환 엔카진단 자세히 보기 엔카가 차량상태를 확인했어요 더보기 외관 스크래치, 등화장치, 타이어 상태, 실내 냄새까지 엔카 진단센터에서 직접 확인했어요. 차량 키 개수 1개 틴팅(앞 유리) 없음 타이어트레드 잔량 (앞) 툴팁 3mm 타이어트레드 잔량 (뒤) 툴팁 2mm 더보기 차량관리상태 모두보기 성능점검을 등록한 차량이에요 제시번호 : 2025131117 교환 2 판금 없음 부식 없음 성능기록부 자세히보기 차량이력 내차 피해 총 2,042,156원 (3회) 타차 가해 총 1,019,179원 (2회) 특이 사항 없음 차량이력 자세히 보기 보증 현황 제조사 보증제조사보증도움말 일반/차체 엔진/미션 엔카를 통해 구매하기 엔카믿고 제공혜택 차량확인 시원하는 곳으로 배송 구매 시7일간 타보고 환불가능 집앞으로 배송받기 엔카 전담 상담원 엔카 매니저 고객님과 꼼꼼히 상담 후 배송해드린 차량을 7일간 타보세요. 대출 상담부터 스크래치 확인까지 1:1로 엔카매니저가 모두 도와드리는 서비스 입니다. 판매자 정보 엔카금융 1분만에 한도/금리 비교 다양한 금융사의 금리를 비교해보세요 방문없이 조회가 가능해요 신용점수에 영향이 없어요 금리 비교하기 구매 가이드 허위매물 대처 압류 및 저당 처리 성능 상태 점검기록부 차량 금액 외 별도 수수료 차량 이전등록 차량 체크사항 알림등록 비슷한 조건의 동일한 모델이 신규매물로 등록되면 알려드릴까요? 알림등록 559만원 총비용계산기 보험료 계산 대출상품 조회 보험이력 5건 성능점검내역 일반/엔카직영 신차대비 -% 신차가격표 문의하기 엔카를 통해 구매하기 중고차시세 팔린매물 동급매물 엔카 중고차론 금융사 비교하고 제휴 추가할인 금리 4.9% 부터~ 허위매물 단속 및 매매관련 분쟁 처리 등을 위해 050안심번호로문의하면 전화번호와 통화내용이 엔카에 자동 저장됩니다.050도움말 회사소개인재채용클린엔카지점안내엔카직영성능점검장안내매매지원이용약관고객센터디스플레이광고개인정보처리방침금융소비자보호원격지원서비스 네이버 블로그 인스타그램 유튜브 페이스북 패밀리사이트 O2O를 잇는 신뢰와 기술로 차량을 사고 파는 모습의 진화를 만듭니다 고객센터 : 1599-5455FAX : 02-754-8768대표메일 : trust@encar.com주소 : 서울특별시 중구 통일로2길 16, 18~19층(순화동) 사업자 등록번호 : 104-86-54476통신판매업신고 : 제2014-서울중구-0393호대표자 : 김상범Copyright © 엔카닷컴(주) 내 차를 최고가에 팔고, 믿고 사는 가장 좋은 방법. 엔카닷컴(주) 엔카닷컴(주)는 통신판매중개자로서 통신판매의 당사자가 아니며, 상품·거래정보, 거래에 대하여 책임을 지지 않습니다."
41478182,YF 쏘나타Y20 프리미어 연식,12/01식,189416,가솔린,서울,115,https://fem.encar.com/cars/detail/41478182?advClickPosition=mweb_mhightlight_g152_t400&listAdvType=mhighlight&type=detail&view_type=checked,"엔카 기본정보 옵션정보 차량상태 보증현황 판매자 정보 딜러 셀프등록 로그인/회원가입 채팅 전체메뉴 열기 엔카진단 등록번호 41478182조회수 275찜 2 신고하기 프린트 공유하기 찜하기 이전이미지 다음이미지 1 / 20 사진 모두보기 YF 쏘나타Y20 프리미어 연식 12/01식 연형정보 주행거리 189,416km 연료 가솔린 차량번호 47나3420 자세히 엔카가 아래 사항을 모두 진단 하였습니다 툴팁 엔카진단 프레임무사고 확인 옵션 정보더보기 주요옵션 옵션 설명 보기 선루프 있음 헤드램프 (HID) 없음 주차감지센서 있음 후방카메라 있음 자동에어컨 있음 스마트키 있음 내비게이션 있음 열선시트 있음 통풍시트 없음 가죽시트 있음 32개 옵션 모두보기 이 차만의 옵션더보기 3피스 타입 파노라마 썬루프(전동식 롤 블라인드) 115만원 Intelligent DMB 네비게이션(외장형 앰프, 서브 우퍼, 음성 인식, 후방카메라, 후방주차가이드 시스템 포함) 160만원 이 차를 추천하는 이유더보기 개방감을 더해주는 썬루프가 장착되어 쾌적한 주행을 할 수 있고 그 외 옵션도 알차게 구성되어 있네요! 관리가 편리한 코일카매트를 장착한 쏘나타를 부담없이 만나보세요 차량 상태 엔카진단 엔카가 무사고 진단을 했어요 프레임 진단 정상 외부패널 진단 교환 엔카진단 자세히 보기 성능점검을 등록한 차량이에요 제시번호 : 202506013991 교환 1 판금 없음 부식 없음 성능기록부 자세히보기 차량이력 내차 피해 총 3,194,368원 (3회) 타차 가해 총 1,221,520원 (1회) 특이 사항 없음 차량이력 자세히 보기 보증 현황 제조사 보증제조사보증도움말 일반/차체 엔진/미션 엔카금융 1분만에 한도/금리 비교 다양한 금융사의 금리를 비교해보세요 방문없이 조회가 가능해요 신용점수에 영향이 없어요 금리 비교하기 판매자 정보 판매자정보사진 스마일모터스김은숙매매 판매자 정보 판매중16판매완료63 전북 익산시 종사원증번호 JB24-00164상사/조합정보 구매 가이드 허위매물 대처 압류 및 저당 처리 성능 상태 점검기록부 차량 금액 외 별도 수수료 차량 이전등록 차량 체크사항 알림등록 비슷한 조건의 동일한 모델이 신규매물로 등록되면 알려드릴까요? 알림등록 400만원 총비용계산기 보험료 계산 대출상품 조회 리스상품 조회 보험이력 4건 성능점검내역 일반/엔카직영 신차대비 -% 신차가격표 판매자 문의하기 중고차시세 팔린매물 동급매물 엔카 중고차론 금융사 비교하고 제휴 추가할인 금리 4.9% 부터~ 닫기 허위매물 단속 및 매매관련 분쟁 처리 등을 위해 050안심번호로문의하면 전화번호와 통화내용이 엔카에 자동 저장됩니다.050도움말 엔카는 등록 시스템만을 제공하며, 판매자가 직접 등록한 차량의 모든 책임은 판매자에게 있습니다. 신고하기 회사소개인재채용클린엔카지점안내엔카직영성능점검장안내매매지원이용약관고객센터디스플레이광고개인정보처리방침금융소비자보호원격지원서비스 네이버 블로그 인스타그램 유튜브 페이스북 패밀리사이트 O2O를 잇는 신뢰와 기술로 차량을 사고 파는 모습의 진화를 만듭니다 고객센터 : 1599-5455FAX : 02-754-8768대표메일 : trust@encar.com주소 : 서울특별시 중구 통일로2길 16, 18~19층(순화동) 사업자 등록번호 : 104-86-54476통신판매업신고 : 제2014-서울중구-0393호대표자 : 김상범Copyright © 엔카닷컴(주) 내 차를 최고가에 팔고, 믿고 사는 가장 좋은 방법. 엔카닷컴(주) 엔카닷컴(주)는 통신판매중개자로서 통신판매의 당사자가 아니며, 상품·거래정보, 거래에 대하여 책임을 지지 않습니다."
41283027,YF 쏘나타Y20 프리미어고급형 연식,10/02식,48058,가솔린,서울,499,https://fem.encar.com/cars/detail/41283027?advClickPosition=mweb_mhightlight_g153_t400&listAdvType=mhighlight&type=detail&view_type=checked,"엔카 기본정보 옵션정보 차량상태 보증현황 판매자 정보 딜러 셀프등록 로그인/회원가입 채팅 전체메뉴 엔카진단 등록번호 41283027조회수 85찜 3 신고하기 프린트 공유하기 찜하기 당사 하나카즈 홈페이지에서 하체사진, 동영상을 꼭 확인하세요! 이전이미지 다음이미지 1 / 20 사진 모두보기 YF 쏘나타Y20 프리미어고급형 연식 10/02식 연형정보 주행거리 48,058km 연료 가솔린 차량번호 27노2061 자세히 엔카가 아래 사항을 모두 진단 하였습니다 툴팁 엔카진단 프레임무사고 확인 옵션 정보더보기 주요옵션 옵션 설명 보기 선루프 없음 헤드램프 (HID) 없음 주차감지센서 있음 후방카메라 있음 자동에어컨 있음 스마트키 있음 내비게이션 있음 열선시트 있음 통풍시트 없음 가죽시트 있음 27개 옵션 모두보기 이 차를 추천하는 이유더보기 첫차로 역시 많이들 고민하는 아반떼급보다, 차체 크기에서 나오는 고속안정성도 좋고 적재함 공간도 만족스러운 YF쏘나타는 어떠세요? km수도 4만대라 더욱 매력적입니다. 차량 상태 엔카진단 엔카가 무사고 진단을 했어요 프레임 진단 정상 외부패널 진단 정상 엔카진단 자세히 보기 성능점검을 등록한 차량이에요 제시번호 : 2025126894 교환 없음 판금 없음 부식 없음 성능기록부 자세히보기 차량이력 내차 피해 총 513,480원 (1회) 타차 가해 없음 특이 사항 없음 차량이력 자세히 보기 보증 현황 제조사 보증제조사보증도움말 일반/차체 엔진/미션 엔카금융 1분만에 한도/금리 비교 다양한 금융사의 금리를 비교해보세요 방문없이 조회가 가능해요 신용점수에 영향이 없어요 금리 비교하기 판매자 정보 판매자정보사진 (주)하나카즈이성재매매 판매자 정보 판매중99판매완료478 대구 동구 화랑로100길 119 종사원증번호 DG12-0334상사/조합정보 문자발송 불가 구매 가이드 허위매물 대처 압류 및 저당 처리 성능 상태 점검기록부 차량 금액 외 별도 수수료 차량 이전등록 차량 체크사항 알림등록 비슷한 조건의 동일한 모델이 신규매물로 등록되면 알려드릴까요? 알림등록 499만원 총비용계산기 보험료 계산 대출상품 조회 리스상품 조회 보험이력 1건 성능점검내역 일반/엔카직영 신차대비 -% 신차가격표 판매자 문의하기 중고차시세 팔린매물 동급매물 엔카 중고차론 금융사 비교하고 제휴 추가할인 금리 4.9% 부터~ 닫기 허위매물 단속 및 매매관련 분쟁 처리 등을 위해 050안심번호로문의하면 전화번호와 통화내용이 엔카에 자동 저장됩니다.050도움말 엔카는 등록 시스템만을 제공하며, 판매자가 직접 등록한 차량의 모든 책임은 판매자에게 있습니다. 신고하기 회사소개인재채용클린엔카지점안내엔카직영성능점검장안내매매지원이용약관고객센터디스플레이광고개인정보처리방침금융소비자보호원격지원서비스 네이버 블로그 인스타그램 유튜브 페이스북 패밀리사이트 O2O를 잇는 신뢰와 기술로 차량을 사고 파는 모습의 진화를 만듭니다 고객센터 : 1599-5455FAX : 02-754-8768대표메일 : trust@encar.com주소 : 서울특별시 중구 통일로2길 16, 18~19층(순화동) 사업자 등록번호 : 104-86-54476통신판매업신고 : 제2014-서울중구-0393호대표자 : 김상범Copyright © 엔카닷컴(주) 내 차를 최고가에 팔고, 믿고 사는 가장 좋은 방법. 엔카닷컴(주) 엔카닷컴(주)는 통신판매중개자로서 통신판매의 당사자가 아니며, 상품·거래정보, 거래에 대하여 책임을 지지 않습니다."
41370705,YF 쏘나타Y20 프리미어고급형 연식,10/01식,38236,가솔린,서울,599,https://fem.encar.com/cars/detail/41370705?advClickPosition=mweb_mhightlight_g154_t400&listAdvType=mhighlight&type=detail&view_type=checked,"엔카 기본정보 옵션정보 차량상태 보증현황 판매자 정보 딜러 셀프등록 로그인/회원가입 채팅 전체메뉴 열기 엔카진단 등록번호 41370705조회수 591찜 25 신고하기 프린트 공유하기 찜하기 1인 차주, 보험 ""0""건,무사고, 중.저가차명가 (주)하나카즈 직영 이전이미지 다음이미지 1 / 20 사진 모두보기 YF 쏘나타Y20 프리미어고급형 연식 10/01식 연형정보 주행거리 38,236km 연료 가솔린 차량번호 59무9151 자세히 엔카가 아래 사항을 모두 진단 하였습니다 툴팁 엔카진단 프레임무사고 확인 옵션 정보더보기 주요옵션 옵션 설명 보기 선루프 없음 헤드램프 (HID) 없음 주차감지센서 있음 후방카메라 있음 자동에어컨 있음 스마트키 있음 내비게이션 있음 열선시트 있음 통풍시트 없음 가죽시트 있음 27개 옵션 모두보기 이 차를 추천하는 이유더보기 ""쏘나타 신드롬""을 일으켰던 바로 그 차! 여전히 세련된 이미지를 유지중이며 놀랄만큼 짧은 주행거리답게 차체로 전해져오는 엔진의 필링또한 우수합니다! 차량 상태 엔카진단 엔카가 무사고 진단을 했어요 프레임 진단 정상 외부패널 진단 정상 엔카진단 자세히 보기 성능점검을 등록한 차량이에요 제시번호 : 2025131875 교환 없음 판금 없음 부식 없음 성능기록부 자세히보기 차량이력 내차 피해 없음 타차 가해 없음 특이 사항 없음 차량이력 자세히 보기 보증 현황 제조사 보증제조사보증도움말 일반/차체 엔진/미션 엔카금융 1분만에 한도/금리 비교 다양한 금융사의 금리를 비교해보세요 방문없이 조회가 가능해요 신용점수에 영향이 없어요 금리 비교하기 판매자 정보 판매자정보사진 (주)하나카즈이성재매매 판매자 정보 판매중99판매완료478 대구 동구 화랑로100길 119 종사원증번호 DG12-0334상사/조합정보 구매 가이드 허위매물 대처 압류 및 저당 처리 성능 상태 점검기록부 차량 금액 외 별도 수수료 차량 이전등록 차량 체크사항 알림등록 비슷한 조건의 동일한 모델이 신규매물로 등록되면 알려드릴까요? 알림등록 599만원 총비용계산기 보험료 계산 대출상품 조회 리스상품 조회 보험이력 0건 성능점검내역 일반/엔카직영 신차대비 -% 신차가격표 판매자 문의하기 중고차시세 팔린매물 동급매물 엔카 중고차론 금융사 비교하고 제휴 추가할인 금리 4.9% 부터~ 닫기 허위매물 단속 및 매매관련 분쟁 처리 등을 위해 050안심번호로문의하면 전화번호와 통화내용이 엔카에 자동 저장됩니다.050도움말 엔카는 등록 시스템만을 제공하며, 판매자가 직접 등록한 차량의 모든 책임은 판매자에게 있습니다. 신고하기 회사소개인재채용클린엔카지점안내엔카직영성능점검장안내매매지원이용약관고객센터디스플레이광고개인정보처리방침금융소비자보호원격지원서비스 네이버 블로그 인스타그램 유튜브 페이스북 패밀리사이트 O2O를 잇는 신뢰와 기술로 차량을 사고 파는 모습의 진화를 만듭니다 고객센터 : 1599-5455FAX : 02-754-8768대표메일 : trust@encar.com주소 : 서울특별시 중구 통일로2길 16, 18~19층(순화동) 사업자 등록번호 : 104-86-54476통신판매업신고 : 제2014-서울중구-0393호대표자 : 김상범Copyright © 엔카닷컴(주) 내 차를 최고가에 팔고, 믿고 사는 가장 좋은 방법. 엔카닷컴(주) 엔카닷컴(주)는 통신판매중개자로서 통신판매의 당사자가 아니며, 상품·거래정보, 거래에 대하여 책임을 지지 않습니다."
41397450,YF 쏘나타Y20 프라임블랙 연식,11/01식,40830,가솔린,서울,599,https://fem.encar.com/cars/detail/41397450?advClickPosition=mweb_mhightlight_g155_t400&listAdvType=mhighlight&type=detail&view_type=checked,"엔카 기본정보 옵션정보 차량상태 보증현황 판매자 정보 딜러 셀프등록 로그인/회원가입 채팅 전체메뉴 열기 엔카진단 등록번호 41397450조회수 562찜 3 신고하기 프린트 공유하기 찜하기 당사 하나카즈 홈페이지에서 하체사진, 동영상을 꼭 확인하세요! 이전이미지 다음이미지 1 / 20 사진 모두보기 YF 쏘나타Y20 프라임블랙 연식 11/01식 연형정보 주행거리 40,830km 연료 가솔린 차량번호 57오6599 자세히 엔카가 아래 사항을 모두 진단 하였습니다 툴팁 엔카진단 프레임무사고 확인 옵션 정보더보기 주요옵션 옵션 설명 보기 선루프 없음 헤드램프 (HID) 없음 주차감지센서 있음 후방카메라 있음 자동에어컨 있음 스마트키 없음 내비게이션 있음 열선시트 있음 통풍시트 없음 가죽시트 있음 29개 옵션 모두보기 이 차를 추천하는 이유더보기 연식대비 말도안되는 주행거리로 관리된 차량인 만큼 실내외 컨디션도 매우 양호하며, 안드로이드 올인원 장착으로 가성비까지 완벽! 사회초년생의 첫차로도 손색없네요! 차량 상태 엔카진단 엔카가 무사고 진단을 했어요 프레임 진단 정상 외부패널 진단 정상 엔카진단 자세히 보기 성능점검을 등록한 차량이에요 제시번호 : 2025134710 교환 없음 판금 없음 부식 없음 성능기록부 자세히보기 차량이력 내차 피해 없음 타차 가해 총 358,013원 (1회) 특이 사항 없음 차량이력 자세히 보기 보증 현황 제조사 보증제조사보증도움말 일반/차체 엔진/미션 엔카금융 1분만에 한도/금리 비교 다양한 금융사의 금리를 비교해보세요 방문없이 조회가 가능해요 신용점수에 영향이 없어요 금리 비교하기 판매자 정보 판매자정보사진 (주)하나카즈이성재매매 판매자 정보 판매중99판매완료478 대구 동구 화랑로100길 119 종사원증번호 DG12-0334상사/조합정보 이 차량을 '엔카믿고'로 신청하시면 엔카가 거래 과정을 함께 합니다. 엔카에 거래 도움받기 구매 가이드 허위매물 대처 압류 및 저당 처리 성능 상태 점검기록부 차량 금액 외 별도 수수료 차량 이전등록 차량 체크사항 알림등록 비슷한 조건의 동일한 모델이 신규매물로 등록되면 알려드릴까요? 알림등록 599만원 총비용계산기 보험료 계산 대출상품 조회 리스상품 조회 보험이력 1건 성능점검내역 일반/엔카직영 신차대비 -% 신차가격표 판매자 문의하기 중고차시세 팔린매물 동급매물 엔카 중고차론 금융사 비교하고 제휴 추가할인 금리 4.9% 부터~ 닫기 허위매물 단속 및 매매관련 분쟁 처리 등을 위해 050안심번호로문의하면 전화번호와 통화내용이 엔카에 자동 저장됩니다.050도움말 엔카는 등록 시스템만을 제공하며, 판매자가 직접 등록한 차량의 모든 책임은 판매자에게 있습니다. 신고하기 회사소개인재채용클린엔카지점안내엔카직영성능점검장안내매매지원이용약관고객센터디스플레이광고개인정보처리방침금융소비자보호원격지원서비스 네이버 블로그 인스타그램 유튜브 페이스북 패밀리사이트 O2O를 잇는 신뢰와 기술로 차량을 사고 파는 모습의 진화를 만듭니다 고객센터 : 1599-5455FAX : 02-754-8768대표메일 : trust@encar.com주소 : 서울특별시 중구 통일로2길 16, 18~19층(순화동) 사업자 등록번호 : 104-86-54476통신판매업신고 : 제2014-서울중구-0393호대표자 : 김상범Copyright © 엔카닷컴(주) 내 차를 최고가에 팔고, 믿고 사는 가장 좋은 방법. 엔카닷컴(주) 엔카닷컴(주)는 통신판매중개자로서 통신판매의 당사자가 아니며, 상품·거래정보, 거래에 대하여 책임을 지지 않습니다."
40594933,YF 쏘나타Y20 월드컵 스페셜 에디션 연식,10/09식,69761,가솔린,서울,559,https://fem.encar.com/cars/detail/40594933?advClickPosition=mweb_mhightlight_g156_t400&listAdvType=mhighlight&type=detail&view_type=checked,"엔카 기본정보 옵션정보 차량상태 보증현황 판매자 정보 딜러 셀프등록 로그인/회원가입 채팅 전체메뉴 엔카진단 등록번호 40594933조회수 130찜 6 신고하기 프린트 공유하기 찜하기 당사 하나카즈 홈페이지에서 하체사진, 동영상을 꼭 확인하세요! 이전이미지 다음이미지 1 / 14 사진 모두보기 YF 쏘나타Y20 월드컵 스페셜 에디션 연식 10/09식 연형정보 주행거리 69,761km 연료 가솔린 차량번호 48러9710 자세히 엔카가 아래 사항을 모두 진단 하였습니다 툴팁 엔카진단 프레임무사고 확인 옵션 정보더보기 주요옵션 옵션 설명 보기 선루프 없음 헤드램프 (HID) 없음 주차감지센서 있음 후방카메라 있음 자동에어컨 있음 스마트키 있음 내비게이션 있음 열선시트 있음 통풍시트 없음 가죽시트 있음 31개 옵션 모두보기 이 차를 추천하는 이유더보기 짧은 거리만을 조심스레 달려온 쏘나타입니다. 실내는 깔끔하게 유지됐고, 새로 장착된 태블릿은 안드로이드 오토를 지원한 편의를 더해, 다음 주인을 기다립니다. 차량 상태 엔카진단 엔카가 무사고 진단을 했어요 프레임 진단 정상 외부패널 진단 정상 엔카진단 자세히 보기 성능점검을 등록한 차량이에요 제시번호 : 2025092129 교환 없음 판금 없음 부식 없음 성능기록부 자세히보기 차량이력 내차 피해 없음 타차 가해 총 568,600원 (1회) 특이 사항 없음 차량이력 자세히 보기 보증 현황 제조사 보증제조사보증도움말 일반/차체 엔진/미션 엔카금융 1분만에 한도/금리 비교 다양한 금융사의 금리를 비교해보세요 방문없이 조회가 가능해요 신용점수에 영향이 없어요 금리 비교하기 판매자 정보 판매자정보사진 (주)하나카즈이성재매매 판매자 정보 판매중99판매완료478 대구 동구 화랑로100길 119 종사원증번호 DG12-0334상사/조합정보 구매 가이드 허위매물 대처 압류 및 저당 처리 성능 상태 점검기록부 차량 금액 외 별도 수수료 차량 이전등록 차량 체크사항 알림등록 비슷한 조건의 동일한 모델이 신규매물로 등록되면 알려드릴까요? 알림등록 559만원 총비용계산기 보험료 계산 대출상품 조회 리스상품 조회 보험이력 1건 성능점검내역 일반/엔카직영 신차대비 -% 신차가격표 판매자 문의하기 중고차시세 팔린매물 동급매물 엔카 중고차론 금융사 비교하고 제휴 추가할인 금리 4.9% 부터~ 닫기 허위매물 단속 및 매매관련 분쟁 처리 등을 위해 050안심번호로문의하면 전화번호와 통화내용이 엔카에 자동 저장됩니다.050도움말 엔카는 등록 시스템만을 제공하며, 판매자가 직접 등록한 차량의 모든 책임은 판매자에게 있습니다. 신고하기 회사소개인재채용클린엔카지점안내엔카직영성능점검장안내매매지원이용약관고객센터디스플레이광고개인정보처리방침금융소비자보호원격지원서비스 네이버 블로그 인스타그램 유튜브 페이스북 패밀리사이트 O2O를 잇는 신뢰와 기술로 차량을 사고 파는 모습의 진화를 만듭니다 고객센터 : 1599-5455FAX : 02-754-8768대표메일 : trust@encar.com주소 : 서울특별시 중구 통일로2길 16, 18~19층(순화동) 사업자 등록번호 : 104-86-54476통신판매업신고 : 제2014-서울중구-0393호대표자 : 김상범Copyright © 엔카닷컴(주) 내 차를 최고가에 팔고, 믿고 사는 가장 좋은 방법. 엔카닷컴(주) 엔카닷컴(주)는 통신판매중개자로서 통신판매의 당사자가 아니며, 상품·거래정보, 거래에 대하여 책임을 지지 않습니다."
41480266,YF 쏘나타LPI 탑 연식,09/12식,89678,LPG(일반인 구입),서울,499,https://fem.encar.com/cars/detail/41480266?advClickPosition=mweb_mhightlight_g157_t400&listAdvType=mhighlight&type=detail&view_type=checked,"엔카 기본정보 옵션정보 차량상태 보증현황 판매자 정보 딜러 셀프등록 로그인/회원가입 채팅 전체메뉴 열기 엔카진단+ 등록번호 41480266조회수 349찜 4 신고하기 프린트 공유하기 찜하기 당사 하나카즈 홈페이지에서 하체사진, 동영상을 꼭 확인하세요! 이전이미지 다음이미지 1 / 20 사진 모두보기 YF 쏘나타LPI 탑 연식 09/12식 (10년형) 연형정보 주행거리 89,678km 연료 LPG(일반인 구입) 차량번호 27우8377 자세히 엔카가 아래 사항을 모두 진단 하였습니다 툴팁 엔카진단+ 프레임무사고 확인 내외부차량 관리 상태 확인 옵션 정보더보기 주요옵션 옵션 설명 보기 선루프 없음 헤드램프 (HID) 없음 주차감지센서 있음 후방카메라 있음 자동에어컨 있음 스마트키 없음 내비게이션 있음 열선시트 있음 통풍시트 없음 가죽시트 있음 24개 옵션 모두보기 이 차를 추천하는 이유더보기 국민 중형 소나타가 여전히 현역급 면모로 찾아왔어요! 일상 영역 최적인 사이즈감과 내비게이션 및 후방카메라 추가 장착으로 더 편한 드라이빙이 가능하겠죠? 차량 상태 엔카진단+ 엔카가 무사고 진단을 했어요 프레임 진단 정상 외부패널 진단 정상 엔카진단 자세히 보기 엔카가 차량상태를 확인했어요 더보기 외관 스크래치, 등화장치, 타이어 상태, 실내 냄새까지 엔카 진단센터에서 직접 확인했어요. 차량 키 개수 1개 틴팅(앞 유리) 없음 타이어트레드 잔량 (앞) 툴팁 5mm 타이어트레드 잔량 (뒤) 툴팁 6mm 더보기 차량관리상태 모두보기 성능점검을 등록한 차량이에요 제시번호 : 2025134622 교환 없음 판금 없음 부식 없음 성능기록부 자세히보기 차량이력 내차 피해 총 1,490,800원 (4회) 타차 가해 총 1,924,574원 (4회) 특이 사항 없음 차량이력 자세히 보기 보증 현황 제조사 보증제조사보증도움말 일반/차체 엔진/미션 엔카금융 1분만에 한도/금리 비교 다양한 금융사의 금리를 비교해보세요 방문없이 조회가 가능해요 신용점수에 영향이 없어요 금리 비교하기 판매자 정보 판매자정보사진 (주)하나카즈이성재매매 판매자 정보 판매중99판매완료478 대구 동구 화랑로100길 119 종사원증번호 DG12-0334상사/조합정보 이 차량을 '엔카믿고'로 신청하시면 엔카가 거래 과정을 함께 합니다. 엔카에 거래 도움받기 구매 가이드 허위매물 대처 압류 및 저당 처리 성능 상태 점검기록부 차량 금액 외 별도 수수료 차량 이전등록 차량 체크사항 알림등록 비슷한 조건의 동일한 모델이 신규매물로 등록되면 알려드릴까요? 알림등록 499만원 총비용계산기 보험료 계산 대출상품 조회 리스상품 조회 보험이력 8건 성능점검내역 일반/엔카직영 신차가격표 판매자 문의하기 중고차시세 팔린매물 동급매물 엔카 중고차론 금융사 비교하고 제휴 추가할인 금리 4.9% 부터~ 닫기 허위매물 단속 및 매매관련 분쟁 처리 등을 위해 050안심번호로문의하면 전화번호와 통화내용이 엔카에 자동 저장됩니다.050도움말 엔카는 등록 시스템만을 제공하며, 판매자가 직접 등록한 차량의 모든 책임은 판매자에게 있습니다. 신고하기 회사소개인재채용클린엔카지점안내엔카직영성능점검장안내매매지원이용약관고객센터디스플레이광고개인정보처리방침금융소비자보호원격지원서비스 네이버 블로그 인스타그램 유튜브 페이스북 패밀리사이트 O2O를 잇는 신뢰와 기술로 차량을 사고 파는 모습의 진화를 만듭니다 고객센터 : 1599-5455FAX : 02-754-8768대표메일 : trust@encar.com주소 : 서울특별시 중구 통일로2길 16, 18~19층(순화동) 사업자 등록번호 : 104-86-54476통신판매업신고 : 제2014-서울중구-0393호대표자 : 김상범Copyright © 엔카닷컴(주) 내 차를 최고가에 팔고, 믿고 사는 가장 좋은 방법. 엔카닷컴(주) 엔카닷컴(주)는 통신판매중개자로서 통신판매의 당사자가 아니며, 상품·거래정보, 거래에 대하여 책임을 지지 않습니다."
40302971,YF 쏘나타CVVL 프라임 연식,12/03식,96015,가솔린,서울,8,https://fem.encar.com/cars/detail/40302971?advClickPosition=mweb_mhightlight_g158_t400&listAdvType=mhighlight&type=detail&view_type=checked,"엔카 기본정보 옵션정보 차량상태 보증현황 판매자 정보 딜러 셀프등록 로그인/회원가입 채팅 전체메뉴 열기 엔카진단+ 등록번호 40302971조회수 195찜 2 신고하기 프린트 공유하기 찜하기 당사 하나카즈 홈페이지에서 하체사진, 동영상을 꼭 확인하세요! 이전이미지 다음이미지 1 / 19 사진 모두보기 YF 쏘나타CVVL 프라임 연식 12/03식 연형정보 주행거리 96,015km 연료 가솔린 차량번호 47라3533 자세히 엔카가 아래 사항을 모두 진단 하였습니다 툴팁 엔카진단+ 프레임무사고 확인 내외부차량 관리 상태 확인 옵션 정보더보기 주요옵션 옵션 설명 보기 선루프 있음 헤드램프 (HID) 없음 주차감지센서 있음 후방카메라 있음 자동에어컨 없음 스마트키 있음 내비게이션 있음 열선시트 있음 통풍시트 없음 가죽시트 있음 27개 옵션 모두보기 이 차만의 옵션더보기 화이트 크리스탈(WHC) 외장컬러 선택옵션설명 자세히보기 8만원 3피스 타입 파노라마 썬루프(전동식 롤 블라인드) 115만원 이 차를 추천하는 이유더보기 이 연식이라면 흔히 보여지는 백화없이 후방카메라 화면이 선명하게 유지되어있습니다. 연식대비 짧은 주행거리와 넉넉한 타이어 트레드상태로 가성비로 운행하기 훌륭하죠 차량 상태 엔카진단+ 엔카가 무사고 진단을 했어요 프레임 진단 정상 외부패널 진단 정상 엔카진단 자세히 보기 엔카가 차량상태를 확인했어요 더보기 외관 스크래치, 등화장치, 타이어 상태, 실내 냄새까지 엔카 진단센터에서 직접 확인했어요. 차량 키 개수 1개 틴팅(앞 유리) 없음 타이어트레드 잔량 (앞) 툴팁 5mm 타이어트레드 잔량 (뒤) 툴팁 6mm 더보기 차량관리상태 모두보기 성능점검을 등록한 차량이에요 제시번호 : 2025071964 교환 없음 판금 없음 부식 없음 성능기록부 자세히보기 차량이력 내차 피해 총 1,656,456원 (2회) 타차 가해 총 1,508,410원 (4회) 특이 사항 없음 차량이력 자세히 보기 보증 현황 제조사 보증제조사보증도움말 일반/차체 엔진/미션 엔카금융 1분만에 한도/금리 비교 다양한 금융사의 금리를 비교해보세요 방문없이 조회가 가능해요 신용점수에 영향이 없어요 금리 비교하기 판매자 정보 판매자정보사진 (주)하나카즈이성재매매 판매자 정보 판매중99판매완료478 대구 동구 화랑로100길 119 종사원증번호 DG12-0334상사/조합정보 이 차량을 '엔카믿고'로 신청하시면 엔카가 거래 과정을 함께 합니다. 엔카에 거래 도움받기 구매 가이드 허위매물 대처 압류 및 저당 처리 성능 상태 점검기록부 차량 금액 외 별도 수수료 차량 이전등록 차량 체크사항 알림등록 비슷한 조건의 동일한 모델이 신규매물로 등록되면 알려드릴까요? 알림등록 599만원 총비용계산기 보험료 계산 대출상품 조회 리스상품 조회 보험이력 6건 성능점검내역 일반/엔카직영 신차대비 -% 신차가격표 판매자 문의하기 중고차시세 팔린매물 동급매물 엔카 중고차론 금융사 비교하고 제휴 추가할인 금리 4.9% 부터~ 닫기 허위매물 단속 및 매매관련 분쟁 처리 등을 위해 050안심번호로문의하면 전화번호와 통화내용이 엔카에 자동 저장됩니다.050도움말 엔카는 등록 시스템만을 제공하며, 판매자가 직접 등록한 차량의 모든 책임은 판매자에게 있습니다. 신고하기 회사소개인재채용클린엔카지점안내엔카직영성능점검장안내매매지원이용약관고객센터디스플레이광고개인정보처리방침금융소비자보호원격지원서비스 네이버 블로그 인스타그램 유튜브 페이스북 패밀리사이트 O2O를 잇는 신뢰와 기술로 차량을 사고 파는 모습의 진화를 만듭니다 고객센터 : 1599-5455FAX : 02-754-8768대표메일 : trust@encar.com주소 : 서울특별시 중구 통일로2길 16, 18~19층(순화동) 사업자 등록번호 : 104-86-54476통신판매업신고 : 제2014-서울중구-0393호대표자 : 김상범Copyright © 엔카닷컴(주) 내 차를 최고가에 팔고, 믿고 사는 가장 좋은 방법. 엔카닷컴(주) 엔카닷컴(주)는 통신판매중개자로서 통신판매의 당사자가 아니며, 상품·거래정보, 거래에 대하여 책임을 지지 않습니다."
41283049,YF 쏘나타Y20 프라임블랙 연식,11/01식,46858,가솔린,서울,559,https://fem.encar.com/cars/detail/41283049?advClickPosition=mweb_mhightlight_g159_t400&listAdvType=mhighlight&type=detail&view_type=checked,"엔카 기본정보 옵션정보 차량상태 보증현황 판매자 정보 딜러 셀프등록 로그인/회원가입 채팅 전체메뉴 엔카진단+ 등록번호 41283049조회수 65찜 1 신고하기 프린트 공유하기 찜하기 엔카진단 무사고, yf k5전문 (주)하나카즈 직영상품 이전이미지 다음이미지 1 / 20 사진 모두보기 YF 쏘나타Y20 프라임블랙 연식 11/01식 연형정보 주행거리 46,858km 연료 가솔린 차량번호 40더8726 자세히 엔카가 아래 사항을 모두 진단 하였습니다 툴팁 엔카진단+ 프레임무사고 확인 내외부차량 관리 상태 확인 옵션 정보더보기 주요옵션 옵션 설명 보기 선루프 없음 헤드램프 (HID) 없음 주차감지센서 있음 후방카메라 있음 자동에어컨 있음 스마트키 없음 내비게이션 있음 열선시트 있음 통풍시트 없음 가죽시트 있음 29개 옵션 모두보기 이 차를 추천하는 이유더보기 이 연식에 이 총주행거리를 지닌 YF쏘나타라니. 가성비로 중형세단을 찾는 분들께 희소식이죠! 센터페시아에 안드로이드 올인원을 매립해 편의성도 증가시켜둔 차량이에요! 차량 상태 엔카진단+ 엔카가 무사고 진단을 했어요 프레임 진단 정상 외부패널 진단 교환 엔카진단 자세히 보기 엔카가 차량상태를 확인했어요 더보기 외관 스크래치, 등화장치, 타이어 상태, 실내 냄새까지 엔카 진단센터에서 직접 확인했어요. 차량 키 개수 1개 틴팅(앞 유리) 없음 타이어트레드 잔량 (앞) 툴팁 3mm 타이어트레드 잔량 (뒤) 툴팁 2mm 더보기 차량관리상태 모두보기 성능점검을 등록한 차량이에요 제시번호 : 2025131117 교환 2 판금 없음 부식 없음 성능기록부 자세히보기 차량이력 내차 피해 총 2,042,156원 (3회) 타차 가해 총 1,019,179원 (2회) 특이 사항 없음 차량이력 자세히 보기 보증 현황 제조사 보증제조사보증도움말 일반/차체 엔진/미션 엔카금융 1분만에 한도/금리 비교 다양한 금융사의 금리를 비교해보세요 방문없이 조회가 가능해요 신용점수에 영향이 없어요 금리 비교하기 판매자 정보 판매자정보사진 (주)하나카즈이성재매매 판매자 정보 판매중99판매완료478 대구 동구 화랑로100길 119 종사원증번호 DG12-0334상사/조합정보 이 차량을 '엔카믿고'로 신청하시면 엔카가 거래 과정을 함께 합니다. 엔카에 거래 도움받기 구매 가이드 허위매물 대처 압류 및 저당 처리 성능 상태 점검기록부 차량 금액 외 별도 수수료 차량 이전등록 차량 체크사항 알림등록 비슷한 조건의 동일한 모델이 신규매물로 등록되면 알려드릴까요? 알림등록 559만원 총비용계산기 보험료 계산 대출상품 조회 리스상품 조회 보험이력 5건 성능점검내역 일반/엔카직영 신차대비 -% 신차가격표 판매자 문의하기 중고차시세 팔린매물 동급매물 엔카 중고차론 금융사 비교하고 제휴 추가할인 금리 4.9% 부터~ 닫기 허위매물 단속 및 매매관련 분쟁 처리 등을 위해 050안심번호로문의하면 전화번호와 통화내용이 엔카에 자동 저장됩니다.050도움말 엔카는 등록 시스템만을 제공하며, 판매자가 직접 등록한 차량의 모든 책임은 판매자에게 있습니다. 신고하기 회사소개인재채용클린엔카지점안내엔카직영성능점검장안내매매지원이용약관고객센터디스플레이광고개인정보처리방침금융소비자보호원격지원서비스 네이버 블로그 인스타그램 유튜브 페이스북 패밀리사이트 O2O를 잇는 신뢰와 기술로 차량을 사고 파는 모습의 진화를 만듭니다 고객센터 : 1599-5455FAX : 02-754-8768대표메일 : trust@encar.com주소 : 서울특별시 중구 통일로2길 16, 18~19층(순화동) 사업자 등록번호 : 104-86-54476통신판매업신고 : 제2014-서울중구-0393호대표자 : 김상범Copyright © 엔카닷컴(주) 내 차를 최고가에 팔고, 믿고 사는 가장 좋은 방법. 엔카닷컴(주) 엔카닷컴(주)는 통신판매중개자로서 통신판매의 당사자가 아니며, 상품·거래정보, 거래에 대하여 책임을 지지 않습니다."
41506561,YF 쏘나타Y20 프리미어최고급형 연식,09/11식,73668,가솔린,서울,8,https://fem.encar.com/cars/detail/41506561?advClickPosition=mweb_mhightlight_g160_t400&listAdvType=mhighlight&type=detail&view_type=checked,"엔카 기본정보 옵션정보 차량상태 보증현황 판매자 정보 딜러 셀프등록 로그인/회원가입 채팅 전체메뉴 열기 엔카진단 등록번호 41506561조회수 536찜 11 신고하기 프린트 공유하기 찜하기 이전이미지 다음이미지 1 / 20 사진 모두보기 YF 쏘나타Y20 프리미어최고급형 연식 09/11식 (10년형) 연형정보 주행거리 73,668km 연료 가솔린 차량번호 35고5231 자세히 엔카가 아래 사항을 모두 진단 하였습니다 툴팁 엔카진단 프레임무사고 확인 옵션 정보더보기 주요옵션 옵션 설명 보기 선루프 있음 헤드램프 (HID) 없음 주차감지센서 있음 후방카메라 있음 자동에어컨 있음 스마트키 있음 내비게이션 있음 열선시트 있음 통풍시트 없음 가죽시트 있음 29개 옵션 모두보기 이 차만의 옵션더보기 화이트 크리스탈(WHC) 외장컬러 8만원 3피스 타입 파노라마 썬루프(전동식 롤 블라인드) 115만원 이 차를 추천하는 이유더보기 개방감이 뛰어난 파노라마 선루프가 장착되어있어 시원한 드라이빙 즐겨보실 수 있는 차량입니다! 실내 흡연 냄새도 없는 비흡연 차량, 지금 바로 만나보세요 :) 차량 상태 엔카진단 엔카가 무사고 진단을 했어요 프레임 진단 정상 외부패널 진단 교환 엔카진단 자세히 보기 성능점검을 등록한 차량이에요 제시번호 : 20260206 교환 3 판금 없음 부식 없음 성능기록부 자세히보기 차량이력 내차 피해 총 766,130원 (1회) 타차 가해 총 285,040원 (1회) 특이 사항 없음 차량이력 자세히 보기 보증 현황 제조사 보증제조사보증도움말 일반/차체 엔진/미션 엔카금융 1분만에 한도/금리 비교 다양한 금융사의 금리를 비교해보세요 방문없이 조회가 가능해요 신용점수에 영향이 없어요 금리 비교하기 판매자 정보 판매자정보사진 아피스오토용정호매매 판매자 정보 판매중16판매완료81 부산 사하구 종사원증번호 2305136923상사/조합정보 구매 가이드 허위매물 대처 압류 및 저당 처리 성능 상태 점검기록부 차량 금액 외 별도 수수료 차량 이전등록 차량 체크사항 알림등록 비슷한 조건의 동일한 모델이 신규매물로 등록되면 알려드릴까요? 알림등록 550만원 총비용계산기 보험료 계산 대출상품 조회 리스상품 조회 보험이력 2건 성능점검내역 일반/엔카직영 신차대비 -% 신차가격표 판매자 문의하기 중고차시세 팔린매물 동급매물 엔카 중고차론 금융사 비교하고 제휴 추가할인 금리 4.9% 부터~ 닫기 허위매물 단속 및 매매관련 분쟁 처리 등을 위해 050안심번호로문의하면 전화번호와 통화내용이 엔카에 자동 저장됩니다.050도움말 엔카는 등록 시스템만을 제공하며, 판매자가 직접 등록한 차량의 모든 책임은 판매자에게 있습니다. 신고하기 회사소개인재채용클린엔카지점안내엔카직영성능점검장안내매매지원이용약관고객센터디스플레이광고개인정보처리방침금융소비자보호원격지원서비스 네이버 블로그 인스타그램 유튜브 페이스북 패밀리사이트 O2O를 잇는 신뢰와 기술로 차량을 사고 파는 모습의 진화를 만듭니다 고객센터 : 1599-5455FAX : 02-754-8768대표메일 : trust@encar.com주소 : 서울특별시 중구 통일로2길 16, 18~19층(순화동) 사업자 등록번호 : 104-86-54476통신판매업신고 : 제2014-서울중구-0393호대표자 : 김상범Copyright © 엔카닷컴(주) 내 차를 최고가에 팔고, 믿고 사는 가장 좋은 방법. 엔카닷컴(주) 엔카닷컴(주)는 통신판매중개자로서 통신판매의 당사자가 아니며, 상품·거래정보, 거래에 대하여 책임을 지지 않습니다."
40835653,YF 쏘나타Y20 탑고급형 연식,09/11식,151464,가솔린,서울,115,https://fem.encar.com/cars/detail/40835653?advClickPosition=mweb_mhightlight_g161_t400&listAdvType=mhighlight&type=detail&view_type=checked,"엔카 기본정보 옵션정보 차량상태 보증현황 판매자 정보 딜러 셀프등록 로그인/회원가입 채팅 전체메뉴 엔카진단 등록번호 40835653조회수 48찜 2 신고하기 프린트 공유하기 찜하기 이전이미지 다음이미지 1 / 20 사진 모두보기 YF 쏘나타Y20 탑고급형 연식 09/11식 (10년형) 연형정보 주행거리 151,464km 연료 가솔린 차량번호 14노6032 자세히 엔카가 아래 사항을 모두 진단 하였습니다 툴팁 엔카진단 프레임무사고 확인 옵션 정보더보기 주요옵션 옵션 설명 보기 선루프 있음 헤드램프 (HID) 없음 주차감지센서 있음 후방카메라 있음 자동에어컨 있음 스마트키 있음 내비게이션 있음 열선시트 있음 통풍시트 없음 가죽시트 있음 32개 옵션 모두보기 이 차만의 옵션더보기 3피스 타입 파노라마 썬루프(전동식 롤 블라인드) 115만원 이 차를 추천하는 이유더보기 1열 열선 시트가 탑재되어 겨울에도 따뜻하게 탑승할 수 있고 정품 네비와 함께 파노라마 선루프도 있어 사계절 내내 개방감 넘치는 드라이빙하실 수 있습니다 차량 상태 엔카진단 엔카가 무사고 진단을 했어요 프레임 진단 정상 외부패널 진단 교환 엔카진단 자세히 보기 성능점검을 등록한 차량이에요 제시번호 : 2528512745 교환 2 판금 없음 부식 없음 성능기록부 자세히보기 차량이력 내차 피해 총 2,836,861원 (5회) 타차 가해 총 396,330원 (2회) 특이 사항 없음 차량이력 자세히 보기 보증 현황 제조사 보증제조사보증도움말 일반/차체 엔진/미션 엔카금융 1분만에 한도/금리 비교 다양한 금융사의 금리를 비교해보세요 방문없이 조회가 가능해요 신용점수에 영향이 없어요 금리 비교하기 판매자 정보 판매자정보사진 명진모터스허남영매매 판매자 정보 판매중14판매완료43 울산 북구 무룡로 68 종사원증번호 Us25-00088상사/조합정보 구매 가이드 허위매물 대처 압류 및 저당 처리 성능 상태 점검기록부 차량 금액 외 별도 수수료 차량 이전등록 차량 체크사항 알림등록 비슷한 조건의 동일한 모델이 신규매물로 등록되면 알려드릴까요? 알림등록 350만원 총비용계산기 보험료 계산 대출상품 조회 리스상품 조회 보험이력 7건 성능점검내역 일반/엔카직영 신차대비 -% 신차가격표 판매자 문의하기 중고차시세 팔린매물 동급매물 엔카 중고차론 금융사 비교하고 제휴 추가할인 금리 4.9% 부터~ 닫기 허위매물 단속 및 매매관련 분쟁 처리 등을 위해 050안심번호로문의하면 전화번호와 통화내용이 엔카에 자동 저장됩니다.050도움말 엔카는 등록 시스템만을 제공하며, 판매자가 직접 등록한 차량의 모든 책임은 판매자에게 있습니다. 신고하기 회사소개인재채용클린엔카지점안내엔카직영성능점검장안내매매지원이용약관고객센터디스플레이광고개인정보처리방침금융소비자보호원격지원서비스 네이버 블로그 인스타그램 유튜브 페이스북 패밀리사이트 O2O를 잇는 신뢰와 기술로 차량을 사고 파는 모습의 진화를 만듭니다 고객센터 : 1599-5455FAX : 02-754-8768대표메일 : trust@encar.com주소 : 서울특별시 중구 통일로2길 16, 18~19층(순화동) 사업자 등록번호 : 104-86-54476통신판매업신고 : 제2014-서울중구-0393호대표자 : 김상범Copyright © 엔카닷컴(주) 내 차를 최고가에 팔고, 믿고 사는 가장 좋은 방법. 엔카닷컴(주) 엔카닷컴(주)는 통신판매중개자로서 통신판매의 당사자가 아니며, 상품·거래정보, 거래에 대하여 책임을 지지 않습니다."
40834706,YF 쏘나타Y20 탑 연식,11/09식,180585,가솔린,서울,160,https://fem.encar.com/cars/detail/40834706?advClickPosition=mweb_mhightlight_g162_t400&listAdvType=mhighlight&type=detail&view_type=checked,"엔카 기본정보 옵션정보 차량상태 보증현황 판매자 정보 딜러 셀프등록 로그인/회원가입 채팅 전체메뉴 열기 엔카진단 등록번호 40834706조회수 101찜 4 신고하기 프린트 공유하기 찜하기 이전이미지 다음이미지 1 / 20 사진 모두보기 YF 쏘나타Y20 탑 연식 11/09식 (12년형) 연형정보 주행거리 180,585km 연료 가솔린 차량번호 13너9935 자세히 엔카가 아래 사항을 모두 진단 하였습니다 툴팁 엔카진단 프레임무사고 확인 옵션 정보더보기 주요옵션 옵션 설명 보기 선루프 없음 헤드램프 (HID) 없음 주차감지센서 있음 후방카메라 있음 자동에어컨 있음 스마트키 있음 내비게이션 있음 열선시트 있음 통풍시트 있음 가죽시트 있음 34개 옵션 모두보기 이 차만의 옵션더보기 Intelligent DMB 네비게이션(외장형 앰프, 서브 우퍼, 음성 인식, 후방카메라, 후방주차가이드 시스템 포함) 160만원 이 차를 추천하는 이유더보기 정품 네비게이션을 선택옵션으로 추가하며 언제든 편리하게 길을 찾아다닐 수 있으며 같이 있는 후방카메라 덕분에 주차의 안전도 잡아 실속적이군요! :) 차량 상태 엔카진단 엔카가 무사고 진단을 했어요 프레임 진단 정상 외부패널 진단 정상 엔카진단 자세히 보기 성능점검을 등록한 차량이에요 제시번호 : 2025143337 교환 없음 판금 없음 부식 없음 성능기록부 자세히보기 보증 현황 제조사 보증제조사보증도움말 일반/차체 엔진/미션 엔카금융 1분만에 한도/금리 비교 다양한 금융사의 금리를 비교해보세요 방문없이 조회가 가능해요 신용점수에 영향이 없어요 금리 비교하기 판매자 정보 판매자정보사진 도야모터스이정민매매 판매자 정보 판매중42판매완료408 부산 남구 북항로 112 종사원증번호 2505138006상사/조합정보 구매 가이드 허위매물 대처 압류 및 저당 처리 성능 상태 점검기록부 차량 금액 외 별도 수수료 차량 이전등록 차량 체크사항 알림등록 비슷한 조건의 동일한 모델이 신규매물로 등록되면 알려드릴까요? 알림등록 378만원 총비용계산기 보험료 계산 대출상품 조회 리스상품 조회 보험이력 공개 성능점검내역 일반/엔카직영 신차대비 -% 신차가격표 판매자 문의하기 중고차시세 팔린매물 동급매물 엔카 중고차론 금융사 비교하고 제휴 추가할인 금리 4.9% 부터~ 닫기 허위매물 단속 및 매매관련 분쟁 처리 등을 위해 050안심번호로문의하면 전화번호와 통화내용이 엔카에 자동 저장됩니다.050도움말 엔카는 등록 시스템만을 제공하며, 판매자가 직접 등록한 차량의 모든 책임은 판매자에게 있습니다. 신고하기 회사소개인재채용클린엔카지점안내엔카직영성능점검장안내매매지원이용약관고객센터디스플레이광고개인정보처리방침금융소비자보호원격지원서비스 네이버 블로그 인스타그램 유튜브 페이스북 패밀리사이트 O2O를 잇는 신뢰와 기술로 차량을 사고 파는 모습의 진화를 만듭니다 고객센터 : 1599-5455FAX : 02-754-8768대표메일 : trust@encar.com주소 : 서울특별시 중구 통일로2길 16, 18~19층(순화동) 사업자 등록번호 : 104-86-54476통신판매업신고 : 제2014-서울중구-0393호대표자 : 김상범Copyright © 엔카닷컴(주) 내 차를 최고가에 팔고, 믿고 사는 가장 좋은 방법. 엔카닷컴(주) 엔카닷컴(주)는 통신판매중개자로서 통신판매의 당사자가 아니며, 상품·거래정보, 거래에 대하여 책임을 지지 않습니다."
41063954,YF 쏘나타LPI 프리미어(장애인용) 연식,09/12식,138641,LPG(일반인 구입),서울,325,https://fem.encar.com/cars/detail/41063954?advClickPosition=mweb_mhightlight_g163_t400&listAdvType=mhighlight&type=detail&view_type=checked,"엔카 기본정보 옵션정보 차량상태 보증현황 판매자 정보 딜러 셀프등록 로그인/회원가입 채팅 전체메뉴 열기 엔카진단 등록번호 41063954조회수 841찜 6 신고하기 프린트 공유하기 찜하기 이전이미지 다음이미지 1 / 20 사진 모두보기 YF 쏘나타LPI 프리미어(장애인용) 연식 09/12식 (10년형) 연형정보 주행거리 138,641km 연료 LPG(일반인 구입) 차량번호 48오7180 자세히 엔카가 아래 사항을 모두 진단 하였습니다 툴팁 엔카진단 프레임무사고 확인 옵션 정보더보기 주요옵션 옵션 설명 보기 선루프 없음 헤드램프 (HID) 없음 주차감지센서 있음 후방카메라 없음 자동에어컨 있음 스마트키 있음 내비게이션 없음 열선시트 있음 통풍시트 없음 가죽시트 있음 23개 옵션 모두보기 이 차를 추천하는 이유더보기 보조 스마트키를 보유하며 스마트키 방전 및 차 키 분실의 순간도 대처 가능하고 보조키 제작에 비용을 들일 필요없어 실용적이네요! :) 차량 상태 엔카진단 엔카가 무사고 진단을 했어요 프레임 진단 정상 외부패널 진단 정상 엔카진단 자세히 보기 성능점검을 등록한 차량이에요 제시번호 : 20251201 교환 없음 판금 없음 부식 없음 성능기록부 자세히보기 보증 현황 제조사 보증제조사보증도움말 일반/차체 엔진/미션 엔카금융 1분만에 한도/금리 비교 다양한 금융사의 금리를 비교해보세요 방문없이 조회가 가능해요 신용점수에 영향이 없어요 금리 비교하기 판매자 정보 판매자정보사진 도야모터스이정민매매 판매자 정보 판매중42판매완료408 부산 남구 북항로 112 종사원증번호 2505138006상사/조합정보 구매 가이드 허위매물 대처 압류 및 저당 처리 성능 상태 점검기록부 차량 금액 외 별도 수수료 차량 이전등록 차량 체크사항 알림등록 비슷한 조건의 동일한 모델이 신규매물로 등록되면 알려드릴까요? 알림등록 325만원 총비용계산기 보험료 계산 대출상품 조회 리스상품 조회 보험이력 공개 성능점검내역 일반/엔카직영 신차가격표 판매자 문의하기 중고차시세 팔린매물 동급매물 엔카 중고차론 금융사 비교하고 제휴 추가할인 금리 4.9% 부터~ 닫기 허위매물 단속 및 매매관련 분쟁 처리 등을 위해 050안심번호로문의하면 전화번호와 통화내용이 엔카에 자동 저장됩니다.050도움말 엔카는 등록 시스템만을 제공하며, 판매자가 직접 등록한 차량의 모든 책임은 판매자에게 있습니다. 신고하기 회사소개인재채용클린엔카지점안내엔카직영성능점검장안내매매지원이용약관고객센터디스플레이광고개인정보처리방침금융소비자보호원격지원서비스 네이버 블로그 인스타그램 유튜브 페이스북 패밀리사이트 O2O를 잇는 신뢰와 기술로 차량을 사고 파는 모습의 진화를 만듭니다 고객센터 : 1599-5455FAX : 02-754-8768대표메일 : trust@encar.com주소 : 서울특별시 중구 통일로2길 16, 18~19층(순화동) 사업자 등록번호 : 104-86-54476통신판매업신고 : 제2014-서울중구-0393호대표자 : 김상범Copyright © 엔카닷컴(주) 내 차를 최고가에 팔고, 믿고 사는 가장 좋은 방법. 엔카닷컴(주) 엔카닷컴(주)는 통신판매중개자로서 통신판매의 당사자가 아니며, 상품·거래정보, 거래에 대하여 책임을 지지 않습니다."
41288428,YF 쏘나타Y20 탑 연식,10/10식,159426,가솔린,서울,317,https://fem.encar.com/cars/detail/41288428?advClickPosition=mweb_mhightlight_g164_t400&listAdvType=mhighlight&type=detail&view_type=checked,"엔카 기본정보 옵션정보 차량상태 보증현황 판매자 정보 딜러 셀프등록 로그인/회원가입 채팅 전체메뉴 엔카진단 등록번호 41288428조회수 110찜 2 신고하기 프린트 공유하기 찜하기 이전이미지 다음이미지 1 / 20 사진 모두보기 YF 쏘나타Y20 탑 연식 10/10식 (11년형) 연형정보 주행거리 159,426km 연료 가솔린 차량번호 34무9800 자세히 엔카가 아래 사항을 모두 진단 하였습니다 툴팁 엔카진단 프레임무사고 확인 옵션 정보더보기 주요옵션 옵션 설명 보기 선루프 없음 헤드램프 (HID) 없음 주차감지센서 있음 후방카메라 있음 자동에어컨 있음 스마트키 있음 내비게이션 있음 열선시트 있음 통풍시트 있음 가죽시트 있음 34개 옵션 모두보기 이 차를 추천하는 이유더보기 사제 네비게이션이 장착되어 길 안내가 편리하며, 타이어 4개 모두 트레드 6 이상으로 남아 있어 주행 안정성과 유지 부담까지 함께 만족시켜주는 차량입니다:) 차량 상태 엔카진단 엔카가 무사고 진단을 했어요 프레임 진단 정상 외부패널 진단 정상 엔카진단 자세히 보기 성능점검을 등록한 차량이에요 제시번호 : 2026002404 교환 없음 판금 2 부식 없음 성능기록부 자세히보기 보증 현황 제조사 보증제조사보증도움말 일반/차체 엔진/미션 엔카금융 1분만에 한도/금리 비교 다양한 금융사의 금리를 비교해보세요 방문없이 조회가 가능해요 신용점수에 영향이 없어요 금리 비교하기 판매자 정보 판매자정보사진 도야모터스이정민매매 판매자 정보 판매중42판매완료408 부산 남구 북항로 112 종사원증번호 2505138006상사/조합정보 구매 가이드 허위매물 대처 압류 및 저당 처리 성능 상태 점검기록부 차량 금액 외 별도 수수료 차량 이전등록 차량 체크사항 알림등록 비슷한 조건의 동일한 모델이 신규매물로 등록되면 알려드릴까요? 알림등록 317만원 총비용계산기 보험료 계산 대출상품 조회 리스상품 조회 보험이력 공개 성능점검내역 일반/엔카직영 신차대비 -% 신차가격표 판매자 문의하기 중고차시세 팔린매물 동급매물 엔카 중고차론 금융사 비교하고 제휴 추가할인 금리 4.9% 부터~ 닫기 허위매물 단속 및 매매관련 분쟁 처리 등을 위해 050안심번호로문의하면 전화번호와 통화내용이 엔카에 자동 저장됩니다.050도움말 엔카는 등록 시스템만을 제공하며, 판매자가 직접 등록한 차량의 모든 책임은 판매자에게 있습니다. 신고하기 회사소개인재채용클린엔카지점안내엔카직영성능점검장안내매매지원이용약관고객센터디스플레이광고개인정보처리방침금융소비자보호원격지원서비스 네이버 블로그 인스타그램 유튜브 페이스북 패밀리사이트 O2O를 잇는 신뢰와 기술로 차량을 사고 파는 모습의 진화를 만듭니다 고객센터 : 1599-5455FAX : 02-754-8768대표메일 : trust@encar.com주소 : 서울특별시 중구 통일로2길 16, 18~19층(순화동) 사업자 등록번호 : 104-86-54476통신판매업신고 : 제2014-서울중구-0393호대표자 : 김상범Copyright © 엔카닷컴(주) 내 차를 최고가에 팔고, 믿고 사는 가장 좋은 방법. 엔카닷컴(주) 엔카닷컴(주)는 통신판매중개자로서 통신판매의 당사자가 아니며, 상품·거래정보, 거래에 대하여 책임을 지지 않습니다."
41511291,YF 쏘나타LPI 탑 연식,11/01식,171654,LPG(일반인 구입),서울,393,https://fem.encar.com/cars/detail/41511291?advClickPosition=mweb_mhightlight_g165_t400&listAdvType=mhighlight&type=detail&view_type=checked,"엔카 기본정보 옵션정보 차량상태 보증현황 판매자 정보 딜러 셀프등록 로그인/회원가입 채팅 전체메뉴 엔카진단 등록번호 41511291조회수 576찜 18 신고하기 프린트 공유하기 찜하기 이전이미지 다음이미지 1 / 20 사진 모두보기 YF 쏘나타LPI 탑 연식 11/01식 연형정보 주행거리 171,654km 연료 LPG(일반인 구입) 차량번호 32서5724 자세히 엔카가 아래 사항을 모두 진단 하였습니다 툴팁 엔카진단 프레임무사고 확인 옵션 정보더보기 주요옵션 옵션 설명 보기 선루프 있음 헤드램프 (HID) 없음 주차감지센서 있음 후방카메라 있음 자동에어컨 있음 스마트키 있음 내비게이션 있음 열선시트 있음 통풍시트 없음 가죽시트 있음 27개 옵션 모두보기 이 차를 추천하는 이유더보기 버튼 시동으로 탑승 후 바로 출발할 수 있고, 파노라마 선루프로 개방감까지 더했습니다. 편의와 감성을 함께 챙긴 체감 만족도 높은 옵션 구성의 차량이군요:) 차량 상태 엔카진단 엔카가 무사고 진단을 했어요 프레임 진단 정상 외부패널 진단 정상 엔카진단 자세히 보기 성능점검을 등록한 차량이에요 제시번호 : 2025159605 교환 없음 판금 없음 부식 없음 성능기록부 자세히보기 보증 현황 제조사 보증제조사보증도움말 일반/차체 엔진/미션 엔카금융 1분만에 한도/금리 비교 다양한 금융사의 금리를 비교해보세요 방문없이 조회가 가능해요 신용점수에 영향이 없어요 금리 비교하기 판매자 정보 판매자정보사진 도야모터스이정민매매 판매자 정보 판매중42판매완료408 부산 남구 북항로 112 종사원증번호 2505138006상사/조합정보 구매 가이드 허위매물 대처 압류 및 저당 처리 성능 상태 점검기록부 차량 금액 외 별도 수수료 차량 이전등록 차량 체크사항 알림등록 비슷한 조건의 동일한 모델이 신규매물로 등록되면 알려드릴까요? 알림등록 393만원 총비용계산기 보험료 계산 대출상품 조회 리스상품 조회 보험이력 공개 성능점검내역 일반/엔카직영 신차가격표 판매자 문의하기 중고차시세 팔린매물 동급매물 엔카 중고차론 금융사 비교하고 제휴 추가할인 금리 4.9% 부터~ 닫기 허위매물 단속 및 매매관련 분쟁 처리 등을 위해 050안심번호로문의하면 전화번호와 통화내용이 엔카에 자동 저장됩니다.050도움말 엔카는 등록 시스템만을 제공하며, 판매자가 직접 등록한 차량의 모든 책임은 판매자에게 있습니다. 신고하기 회사소개인재채용클린엔카지점안내엔카직영성능점검장안내매매지원이용약관고객센터디스플레이광고개인정보처리방침금융소비자보호원격지원서비스 네이버 블로그 인스타그램 유튜브 페이스북 패밀리사이트 O2O를 잇는 신뢰와 기술로 차량을 사고 파는 모습의 진화를 만듭니다 고객센터 : 1599-5455FAX : 02-754-8768대표메일 : trust@encar.com주소 : 서울특별시 중구 통일로2길 16, 18~19층(순화동) 사업자 등록번호 : 104-86-54476통신판매업신고 : 제2014-서울중구-0393호대표자 : 김상범Copyright © 엔카닷컴(주) 내 차를 최고가에 팔고, 믿고 사는 가장 좋은 방법. 엔카닷컴(주) 엔카닷컴(주)는 통신판매중개자로서 통신판매의 당사자가 아니며, 상품·거래정보, 거래에 대하여 책임을 지지 않습니다."
40373775,YF 쏘나타Y20 그랜드 연식,09/09식,70895,가솔린,서울,420,https://fem.encar.com/cars/detail/40373775?advClickPosition=mweb_mhightlight_g166_t400&listAdvType=mhighlight&type=detail&view_type=checked,"엔카 기본정보 옵션정보 차량상태 보증현황 판매자 정보 딜러 셀프등록 로그인/회원가입 채팅 전체메뉴 열기 엔카진단 등록번호 40373775조회수 412찜 9 신고하기 프린트 공유하기 찜하기 이전이미지 다음이미지 1 / 20 사진 모두보기 YF 쏘나타Y20 그랜드 연식 09/09식 (10년형) 연형정보 주행거리 70,895km 연료 가솔린 차량번호 47마8270 자세히 엔카가 아래 사항을 모두 진단 하였습니다 툴팁 엔카진단 프레임무사고 확인 옵션 정보더보기 주요옵션 옵션 설명 보기 선루프 없음 헤드램프 (HID) 없음 주차감지센서 있음 후방카메라 없음 자동에어컨 없음 스마트키 없음 내비게이션 없음 열선시트 있음 통풍시트 없음 가죽시트 없음 18개 옵션 모두보기 이 차를 추천하는 이유더보기 25년도에 생산된 신품급 타이어로 모두 교체되어 있어 우수한 트레드가 돋보이는 모습이네요 당분간 교체비용 걱정없이 안정적인 주행이 가능하며 짧은 주행거리까지 보유! 차량 상태 엔카진단 엔카가 무사고 진단을 했어요 프레임 진단 정상 외부패널 진단 정상 엔카진단 자세히 보기 성능점검을 등록한 차량이에요 제시번호 : 25080031354 교환 없음 판금 없음 부식 없음 성능기록부 자세히보기 차량이력 내차 피해 총 366,360원 (1회) 타차 가해 총 957,308원 (2회) 특이 사항 없음 차량이력 자세히 보기 보증 현황 제조사 보증제조사보증도움말 일반/차체 엔진/미션 엔카금융 1분만에 한도/금리 비교 다양한 금융사의 금리를 비교해보세요 방문없이 조회가 가능해요 신용점수에 영향이 없어요 금리 비교하기 판매자 정보 판매자정보사진 (주)리본자동차이세훈매매 판매자 정보 판매중23판매완료117 경기 용인시 기흥구 종사원증번호 SJ13-00665상사/조합정보 구매 가이드 허위매물 대처 압류 및 저당 처리 성능 상태 점검기록부 차량 금액 외 별도 수수료 차량 이전등록 차량 체크사항 알림등록 비슷한 조건의 동일한 모델이 신규매물로 등록되면 알려드릴까요? 알림등록 420만원 총비용계산기 보험료 계산 대출상품 조회 리스상품 조회 보험이력 3건 성능점검내역 일반/엔카직영 신차대비 -% 신차가격표 판매자 문의하기 중고차시세 팔린매물 동급매물 엔카 중고차론 금융사 비교하고 제휴 추가할인 금리 4.9% 부터~ 닫기 허위매물 단속 및 매매관련 분쟁 처리 등을 위해 050안심번호로문의하면 전화번호와 통화내용이 엔카에 자동 저장됩니다.050도움말 엔카는 등록 시스템만을 제공하며, 판매자가 직접 등록한 차량의 모든 책임은 판매자에게 있습니다. 신고하기 회사소개인재채용클린엔카지점안내엔카직영성능점검장안내매매지원이용약관고객센터디스플레이광고개인정보처리방침금융소비자보호원격지원서비스 네이버 블로그 인스타그램 유튜브 페이스북 패밀리사이트 O2O를 잇는 신뢰와 기술로 차량을 사고 파는 모습의 진화를 만듭니다 고객센터 : 1599-5455FAX : 02-754-8768대표메일 : trust@encar.com주소 : 서울특별시 중구 통일로2길 16, 18~19층(순화동) 사업자 등록번호 : 104-86-54476통신판매업신고 : 제2014-서울중구-0393호대표자 : 김상범Copyright © 엔카닷컴(주) 내 차를 최고가에 팔고, 믿고 사는 가장 좋은 방법. 엔카닷컴(주) 엔카닷컴(주)는 통신판매중개자로서 통신판매의 당사자가 아니며, 상품·거래정보, 거래에 대하여 책임을 지지 않습니다."
41595719,YF 쏘나타Y20 월드컵 스페셜 에디션 연식,10/09식,144060,가솔린,서울,430,https://fem.encar.com/cars/detail/41595719?advClickPosition=mweb_mhightlight_g167_t400&listAdvType=mhighlight&type=detail&view_type=checked,"엔카 기본정보 옵션정보 차량상태 보증현황 판매자 정보 딜러 셀프등록 로그인/회원가입 채팅 전체메뉴 열기 엔카진단 등록번호 41595719조회수 24찜 0 신고하기 프린트 공유하기 찜하기 이전이미지 다음이미지 1 / 20 사진 모두보기 YF 쏘나타Y20 월드컵 스페셜 에디션 연식 10/09식 연형정보 주행거리 144,060km 연료 가솔린 차량번호 15보6447 자세히 엔카가 아래 사항을 모두 진단 하였습니다 툴팁 엔카진단 프레임무사고 확인 옵션 정보더보기 주요옵션 옵션 설명 보기 선루프 없음 헤드램프 (HID) 없음 주차감지센서 있음 후방카메라 있음 자동에어컨 있음 스마트키 있음 내비게이션 있음 열선시트 있음 통풍시트 없음 가죽시트 있음 32개 옵션 모두보기 이 차를 추천하는 이유더보기 적산 거리 대비 준수한 실내외 컨디션을 유지 중이며 네비게이션과 함께 후방카메라를 장착하여 안전성을 더한 차량입니다! 전좌석 열선시트 적용도 되어있습니다. 차량 상태 엔카진단 엔카가 무사고 진단을 했어요 프레임 진단 정상 외부패널 진단 정상 엔카진단 자세히 보기 성능점검을 등록한 차량이에요 제시번호 : 2628502049 교환 없음 판금 없음 부식 없음 성능기록부 자세히보기 차량이력 내차 피해 총 1,585,420원 (2회) 타차 가해 총 1,092,180원 (2회) 특이 사항 없음 차량이력 자세히 보기 보증 현황 제조사 보증제조사보증도움말 일반/차체 엔진/미션 엔카금융 1분만에 한도/금리 비교 다양한 금융사의 금리를 비교해보세요 방문없이 조회가 가능해요 신용점수에 영향이 없어요 금리 비교하기 판매자 정보 판매자정보사진 에스오토이수현매매 판매자 정보 판매중13판매완료29 울산 북구 종사원증번호 20252027상사/조합정보 구매 가이드 허위매물 대처 압류 및 저당 처리 성능 상태 점검기록부 차량 금액 외 별도 수수료 차량 이전등록 차량 체크사항 알림등록 비슷한 조건의 동일한 모델이 신규매물로 등록되면 알려드릴까요? 알림등록 430만원 총비용계산기 보험료 계산 대출상품 조회 리스상품 조회 보험이력 4건 성능점검내역 일반/엔카직영 신차대비 -% 신차가격표 판매자 문의하기 중고차시세 팔린매물 동급매물 엔카 중고차론 금융사 비교하고 제휴 추가할인 금리 4.9% 부터~ 닫기 허위매물 단속 및 매매관련 분쟁 처리 등을 위해 050안심번호로문의하면 전화번호와 통화내용이 엔카에 자동 저장됩니다.050도움말 엔카는 등록 시스템만을 제공하며, 판매자가 직접 등록한 차량의 모든 책임은 판매자에게 있습니다. 신고하기 회사소개인재채용클린엔카지점안내엔카직영성능점검장안내매매지원이용약관고객센터디스플레이광고개인정보처리방침금융소비자보호원격지원서비스 네이버 블로그 인스타그램 유튜브 페이스북 패밀리사이트 O2O를 잇는 신뢰와 기술로 차량을 사고 파는 모습의 진화를 만듭니다 고객센터 : 1599-5455FAX : 02-754-8768대표메일 : trust@encar.com주소 : 서울특별시 중구 통일로2길 16, 18~19층(순화동) 사업자 등록번호 : 104-86-54476통신판매업신고 : 제2014-서울중구-0393호대표자 : 김상범Copyright © 엔카닷컴(주) 내 차를 최고가에 팔고, 믿고 사는 가장 좋은 방법. 엔카닷컴(주) 엔카닷컴(주)는 통신판매중개자로서 통신판매의 당사자가 아니며, 상품·거래정보, 거래에 대하여 책임을 지지 않습니다."
41328748,YF 쏘나타Y20 럭셔리 연식,12/02식,128819,가솔린,서울,160,https://fem.encar.com/cars/detail/41328748?advClickPosition=mweb_mhightlight_g168_t400&listAdvType=mhighlight&type=detail&view_type=checked,"엔카 기본정보 옵션정보 차량상태 보증현황 판매자 정보 딜러 셀프등록 로그인/회원가입 채팅 전체메뉴 열기 엔카진단 등록번호 41328748조회수 192찜 3 신고하기 프린트 공유하기 찜하기 이전이미지 다음이미지 1 / 20 사진 모두보기 YF 쏘나타Y20 럭셔리 연식 12/02식 연형정보 주행거리 128,819km 연료 가솔린 차량번호 25무3491 자세히 엔카가 아래 사항을 모두 진단 하였습니다 툴팁 엔카진단 프레임무사고 확인 옵션 정보더보기 주요옵션 옵션 설명 보기 선루프 없음 헤드램프 (HID) 없음 주차감지센서 있음 후방카메라 있음 자동에어컨 있음 스마트키 있음 내비게이션 있음 열선시트 있음 통풍시트 없음 가죽시트 있음 31개 옵션 모두보기 이 차만의 옵션더보기 Intelligent DMB 네비게이션(외장형 앰프, 서브 우퍼, 음성 인식, 후방카메라, 후방주차가이드 시스템 포함) 160만원 이 차를 추천하는 이유더보기 간편하게 시동을 걸고 끌 수 있는 스마트키가 장착되어 더욱 편리하며 이미 완성된 디자인으로 사랑을 아낌없이 받았던 소나타죠 빠르게 만나보세요 차량 상태 엔카진단 엔카가 무사고 진단을 했어요 프레임 진단 정상 외부패널 진단 교환 엔카진단 자세히 보기 성능점검을 등록한 차량이에요 제시번호 : 20261010744 교환 1 판금 1 부식 없음 성능기록부 자세히보기 차량이력 내차 피해 총 3,125,313원 (4회) 타차 가해 총 601,110원 (1회) 특이 사항 없음 차량이력 자세히 보기 보증 현황 제조사 보증제조사보증도움말 일반/차체 엔진/미션 엔카금융 1분만에 한도/금리 비교 다양한 금융사의 금리를 비교해보세요 방문없이 조회가 가능해요 신용점수에 영향이 없어요 금리 비교하기 판매자 정보 판매자정보사진 (주)하안자동차조권식매매 판매자 정보 판매중28판매완료160 경기 광명시 종사원증번호 GC20-05720상사/조합정보 구매 가이드 허위매물 대처 압류 및 저당 처리 성능 상태 점검기록부 차량 금액 외 별도 수수료 차량 이전등록 차량 체크사항 알림등록 비슷한 조건의 동일한 모델이 신규매물로 등록되면 알려드릴까요? 알림등록 520만원 총비용계산기 보험료 계산 대출상품 조회 리스상품 조회 보험이력 5건 성능점검내역 일반/엔카직영 신차대비 -% 신차가격표 판매자 문의하기 중고차시세 팔린매물 동급매물 엔카 중고차론 금융사 비교하고 제휴 추가할인 금리 4.9% 부터~ 닫기 허위매물 단속 및 매매관련 분쟁 처리 등을 위해 050안심번호로문의하면 전화번호와 통화내용이 엔카에 자동 저장됩니다.050도움말 엔카는 등록 시스템만을 제공하며, 판매자가 직접 등록한 차량의 모든 책임은 판매자에게 있습니다. 신고하기 회사소개인재채용클린엔카지점안내엔카직영성능점검장안내매매지원이용약관고객센터디스플레이광고개인정보처리방침금융소비자보호원격지원서비스 네이버 블로그 인스타그램 유튜브 페이스북 패밀리사이트 O2O를 잇는 신뢰와 기술로 차량을 사고 파는 모습의 진화를 만듭니다 고객센터 : 1599-5455FAX : 02-754-8768대표메일 : trust@encar.com주소 : 서울특별시 중구 통일로2길 16, 18~19층(순화동) 사업자 등록번호 : 104-86-54476통신판매업신고 : 제2014-서울중구-0393호대표자 : 김상범Copyright © 엔카닷컴(주) 내 차를 최고가에 팔고, 믿고 사는 가장 좋은 방법. 엔카닷컴(주) 엔카닷컴(주)는 통신판매중개자로서 통신판매의 당사자가 아니며, 상품·거래정보, 거래에 대하여 책임을 지지 않습니다."
41216585,YF 쏘나타Y20 프리미어 연식,10/11식,107071,가솔린,서울,8,https://fem.encar.com/cars/detail/41216585?advClickPosition=mweb_mhightlight_g169_t400&listAdvType=mhighlight&type=detail&view_type=checked,"엔카 기본정보 옵션정보 차량상태 보증현황 판매자 정보 딜러 셀프등록 로그인/회원가입 채팅 전체메뉴 엔카진단 등록번호 41216585조회수 101찜 2 신고하기 프린트 공유하기 찜하기 이전이미지 다음이미지 1 / 20 사진 모두보기 YF 쏘나타Y20 프리미어 연식 10/11식 (11년형) 연형정보 주행거리 107,071km 연료 가솔린 차량번호 66루4841 자세히 엔카가 아래 사항을 모두 진단 하였습니다 툴팁 엔카진단 프레임무사고 확인 옵션 정보더보기 주요옵션 옵션 설명 보기 선루프 있음 헤드램프 (HID) 없음 주차감지센서 있음 후방카메라 없음 자동에어컨 있음 스마트키 있음 내비게이션 있음 열선시트 있음 통풍시트 없음 가죽시트 있음 32개 옵션 모두보기 이 차만의 옵션더보기 화이트 크리스탈(WHC) 외장컬러선택옵션설명 자세히보기 8만원 3피스 타입 파노라마 썬루프(전동식 롤 블라인드) 115만원 이 차를 추천하는 이유더보기 운전석 전동시트와 스마트키로 편리하며 선루프도 선택옵션으로 추가하여 개방감과 쾌적함을 느낄 수 있는 차량이네요 차량 상태 엔카진단 엔카가 무사고 진단을 했어요 프레임 진단 정상 외부패널 진단 정상 엔카진단 자세히 보기 성능점검을 등록한 차량이에요 제시번호 : 20251624867 교환 없음 판금 1 부식 없음 성능기록부 자세히보기 차량이력 내차 피해 총 1,198,911원 (3회) 타차 가해 총 778,580원 (1회) 특이 사항 없음 차량이력 자세히 보기 보증 현황 제조사 보증제조사보증도움말 일반/차체 엔진/미션 엔카금융 1분만에 한도/금리 비교 다양한 금융사의 금리를 비교해보세요 방문없이 조회가 가능해요 신용점수에 영향이 없어요 금리 비교하기 판매자 정보 판매자정보사진 (주)하안자동차조권식매매 판매자 정보 판매중28판매완료160 경기 광명시 종사원증번호 GC20-05720상사/조합정보 구매 가이드 허위매물 대처 압류 및 저당 처리 성능 상태 점검기록부 차량 금액 외 별도 수수료 차량 이전등록 차량 체크사항 알림등록 비슷한 조건의 동일한 모델이 신규매물로 등록되면 알려드릴까요? 알림등록 460만원 총비용계산기 보험료 계산 대출상품 조회 리스상품 조회 보험이력 4건 성능점검내역 일반/엔카직영 신차대비 -% 신차가격표 판매자 문의하기 중고차시세 팔린매물 동급매물 엔카 중고차론 금융사 비교하고 제휴 추가할인 금리 4.9% 부터~ 닫기 허위매물 단속 및 매매관련 분쟁 처리 등을 위해 050안심번호로문의하면 전화번호와 통화내용이 엔카에 자동 저장됩니다.050도움말 엔카는 등록 시스템만을 제공하며, 판매자가 직접 등록한 차량의 모든 책임은 판매자에게 있습니다. 신고하기 회사소개인재채용클린엔카지점안내엔카직영성능점검장안내매매지원이용약관고객센터디스플레이광고개인정보처리방침금융소비자보호원격지원서비스 네이버 블로그 인스타그램 유튜브 페이스북 패밀리사이트 O2O를 잇는 신뢰와 기술로 차량을 사고 파는 모습의 진화를 만듭니다 고객센터 : 1599-5455FAX : 02-754-8768대표메일 : trust@encar.com주소 : 서울특별시 중구 통일로2길 16, 18~19층(순화동) 사업자 등록번호 : 104-86-54476통신판매업신고 : 제2014-서울중구-0393호대표자 : 김상범Copyright © 엔카닷컴(주) 내 차를 최고가에 팔고, 믿고 사는 가장 좋은 방법. 엔카닷컴(주) 엔카닷컴(주)는 통신판매중개자로서 통신판매의 당사자가 아니며, 상품·거래정보, 거래에 대하여 책임을 지지 않습니다."
41391045,YF 쏘나타Y20 프라임블랙 연식,10/10식,186884,가솔린,서울,299,https://fem.encar.com/cars/detail/41391045?advClickPosition=mweb_mhightlight_g170_t400&listAdvType=mhighlight&type=detail&view_type=checked,"엔카 기본정보 옵션정보 차량상태 보증현황 판매자 정보 딜러 셀프등록 로그인/회원가입 채팅 전체메뉴 엔카진단 등록번호 41391045조회수 257찜 4 신고하기 프린트 공유하기 찜하기 이전이미지 다음이미지 1 / 20 사진 모두보기 YF 쏘나타Y20 프라임블랙 연식 10/10식 (11년형) 연형정보 주행거리 186,884km 연료 가솔린 차량번호 62서4138 자세히 엔카가 아래 사항을 모두 진단 하였습니다 툴팁 엔카진단 프레임무사고 확인 옵션 정보더보기 주요옵션 옵션 설명 보기 선루프 없음 헤드램프 (HID) 없음 주차감지센서 있음 후방카메라 있음 자동에어컨 있음 스마트키 없음 내비게이션 있음 열선시트 있음 통풍시트 없음 가죽시트 있음 30개 옵션 모두보기 이 차를 추천하는 이유더보기 내비게이션과 후방카메라 추가 장착으로 주행과 주차가 한결 편리하며, 실속 있는 중형 세단을 부담 없이 이용하고 싶은 분들께 추천합니다. 차량 상태 엔카진단 엔카가 무사고 진단을 했어요 프레임 진단 정상 외부패널 진단 교환 엔카진단 자세히 보기 성능점검을 등록한 차량이에요 제시번호 : 202511045639 교환 없음 판금 없음 부식 없음 성능기록부 자세히보기 차량이력 내차 피해 총 931,108원 (1회) 타차 가해 없음 특이 사항 없음 차량이력 자세히 보기 보증 현황 제조사 보증제조사보증도움말 일반/차체 엔진/미션 엔카금융 1분만에 한도/금리 비교 다양한 금융사의 금리를 비교해보세요 방문없이 조회가 가능해요 신용점수에 영향이 없어요 금리 비교하기 판매자 정보 판매자정보사진 더뉴스마트주식회사서태일매매 판매자 정보 판매중37판매완료196 경기 용인시 처인구 종사원증번호 GC24-03690상사/조합정보 구매 가이드 허위매물 대처 압류 및 저당 처리 성능 상태 점검기록부 차량 금액 외 별도 수수료 차량 이전등록 차량 체크사항 알림등록 비슷한 조건의 동일한 모델이 신규매물로 등록되면 알려드릴까요? 알림등록 299만원 총비용계산기 보험료 계산 대출상품 조회 리스상품 조회 보험이력 1건 성능점검내역 일반/엔카직영 신차대비 -% 신차가격표 판매자 문의하기 중고차시세 팔린매물 동급매물 엔카 중고차론 금융사 비교하고 제휴 추가할인 금리 4.9% 부터~ 닫기 허위매물 단속 및 매매관련 분쟁 처리 등을 위해 050안심번호로문의하면 전화번호와 통화내용이 엔카에 자동 저장됩니다.050도움말 엔카는 등록 시스템만을 제공하며, 판매자가 직접 등록한 차량의 모든 책임은 판매자에게 있습니다. 신고하기 회사소개인재채용클린엔카지점안내엔카직영성능점검장안내매매지원이용약관고객센터디스플레이광고개인정보처리방침금융소비자보호원격지원서비스 네이버 블로그 인스타그램 유튜브 페이스북 패밀리사이트 O2O를 잇는 신뢰와 기술로 차량을 사고 파는 모습의 진화를 만듭니다 고객센터 : 1599-5455FAX : 02-754-8768대표메일 : trust@encar.com주소 : 서울특별시 중구 통일로2길 16, 18~19층(순화동) 사업자 등록번호 : 104-86-54476통신판매업신고 : 제2014-서울중구-0393호대표자 : 김상범Copyright © 엔카닷컴(주) 내 차를 최고가에 팔고, 믿고 사는 가장 좋은 방법. 엔카닷컴(주) 엔카닷컴(주)는 통신판매중개자로서 통신판매의 당사자가 아니며, 상품·거래정보, 거래에 대하여 책임을 지지 않습니다."
41493489,YF 쏘나타LPI 프리미어(장애인용) 연식,10/03식,84370,LPG(일반인 구입),서울,430,https://fem.encar.com/cars/detail/41493489?advClickPosition=mweb_mhightlight_g171_t400&listAdvType=mhighlight&type=detail&view_type=checked,"엔카 기본정보 옵션정보 차량상태 보증현황 판매자 정보 딜러 셀프등록 로그인/회원가입 채팅 전체메뉴 엔카진단 등록번호 41493489조회수 290찜 6 신고하기 프린트 공유하기 찜하기 이전이미지 다음이미지 1 / 20 사진 모두보기 YF 쏘나타LPI 프리미어(장애인용) 연식 10/03식 연형정보 주행거리 84,370km 연료 LPG(일반인 구입) 차량번호 61구6105 자세히 엔카가 아래 사항을 모두 진단 하였습니다 툴팁 엔카진단 프레임무사고 확인 옵션 정보더보기 주요옵션 옵션 설명 보기 선루프 없음 헤드램프 (HID) 없음 주차감지센서 있음 후방카메라 없음 자동에어컨 있음 스마트키 있음 내비게이션 있음 열선시트 있음 통풍시트 없음 가죽시트 있음 25개 옵션 모두보기 이 차를 추천하는 이유더보기 적당한 디스플레이로 주행중 보기 더욱 편한 정품 내비게이션 선택옵션을 추가하여 목적지까지 안전하고 편리한 길안내를 받아보실 수 있는 차량입니다 차량 상태 엔카진단 엔카가 무사고 진단을 했어요 프레임 진단 정상 외부패널 진단 교환 엔카진단 자세히 보기 성능점검을 등록한 차량이에요 제시번호 : 2628500617 교환 1 판금 없음 부식 없음 성능기록부 자세히보기 차량이력 내차 피해 총 4,053,191원 (8회) 타차 가해 없음 특이 사항 없음 차량이력 자세히 보기 보증 현황 제조사 보증제조사보증도움말 일반/차체 엔진/미션 엔카금융 1분만에 한도/금리 비교 다양한 금융사의 금리를 비교해보세요 방문없이 조회가 가능해요 신용점수에 영향이 없어요 금리 비교하기 판매자 정보 판매자정보사진 차파는오빠정환식매매 판매자 정보 판매중19판매완료138 울산 북구 무룡로 68 종사원증번호 US25-00029상사/조합정보 구매 가이드 허위매물 대처 압류 및 저당 처리 성능 상태 점검기록부 차량 금액 외 별도 수수료 차량 이전등록 차량 체크사항 알림등록 비슷한 조건의 동일한 모델이 신규매물로 등록되면 알려드릴까요? 알림등록 430만원 총비용계산기 보험료 계산 대출상품 조회 리스상품 조회 보험이력 8건 성능점검내역 일반/엔카직영 신차가격표 판매자 문의하기 중고차시세 팔린매물 동급매물 엔카 중고차론 금융사 비교하고 제휴 추가할인 금리 4.9% 부터~ 닫기 허위매물 단속 및 매매관련 분쟁 처리 등을 위해 050안심번호로문의하면 전화번호와 통화내용이 엔카에 자동 저장됩니다.050도움말 엔카는 등록 시스템만을 제공하며, 판매자가 직접 등록한 차량의 모든 책임은 판매자에게 있습니다. 신고하기 회사소개인재채용클린엔카지점안내엔카직영성능점검장안내매매지원이용약관고객센터디스플레이광고개인정보처리방침금융소비자보호원격지원서비스 네이버 블로그 인스타그램 유튜브 페이스북 패밀리사이트 O2O를 잇는 신뢰와 기술로 차량을 사고 파는 모습의 진화를 만듭니다 고객센터 : 1599-5455FAX : 02-754-8768대표메일 : trust@encar.com주소 : 서울특별시 중구 통일로2길 16, 18~19층(순화동) 사업자 등록번호 : 104-86-54476통신판매업신고 : 제2014-서울중구-0393호대표자 : 김상범Copyright © 엔카닷컴(주) 내 차를 최고가에 팔고, 믿고 사는 가장 좋은 방법. 엔카닷컴(주) 엔카닷컴(주)는 통신판매중개자로서 통신판매의 당사자가 아니며, 상품·거래정보, 거래에 대하여 책임을 지지 않습니다."
39829663,YF 쏘나타Y20 프리미어고급형 연식,09/09식,89549,가솔린,서울,439,https://fem.encar.com/cars/detail/39829663?advClickPosition=mweb_mhightlight_g172_t400&listAdvType=mhighlight&type=detail&view_type=checked,"엔카 기본정보 옵션정보 차량상태 보증현황 판매자 정보 딜러 셀프등록 로그인/회원가입 채팅 전체메뉴 열기 엔카진단 등록번호 39829663조회수 140찜 8 신고하기 프린트 공유하기 찜하기 #무사고 #1인신조 #핸드폰연동네비 #타이어4짝새거수준 #엔진미션굳 이전이미지 다음이미지 1 / 20 사진 모두보기 YF 쏘나타Y20 프리미어고급형 연식 09/09식 (10년형) 연형정보 주행거리 89,549km 연료 가솔린 차량번호 47머3696 자세히 엔카가 아래 사항을 모두 진단 하였습니다 툴팁 엔카진단 프레임무사고 확인 옵션 정보더보기 주요옵션 옵션 설명 보기 선루프 없음 헤드램프 (HID) 없음 주차감지센서 있음 후방카메라 있음 자동에어컨 있음 스마트키 있음 내비게이션 있음 열선시트 있음 통풍시트 없음 가죽시트 있음 28개 옵션 모두보기 이 차를 추천하는 이유더보기 안드로이드 올인원 네비게이션이 매립시공되어 있어 인테리어 효과와 초행길 편안한 길찾기,후방카메라 연동으로 주차시 안전한 시야확보를 보조합니다 차량 상태 엔카진단 엔카가 무사고 진단을 했어요 프레임 진단 정상 외부패널 진단 교환 엔카진단 자세히 보기 성능점검을 등록한 차량이에요 제시번호 : 20251271372 교환 1 판금 없음 부식 없음 성능기록부 자세히보기 차량이력 내차 피해 총 3,878,491원 (6회) 타차 가해 총 1,647,928원 (2회) 특이 사항 없음 차량이력 자세히 보기 보증 현황 제조사 보증제조사보증도움말 일반/차체 엔진/미션 엔카금융 1분만에 한도/금리 비교 다양한 금융사의 금리를 비교해보세요 방문없이 조회가 가능해요 신용점수에 영향이 없어요 금리 비교하기 판매자 정보 판매자정보사진 라성자동차매매단지채윤기매매 판매자 정보 판매중91판매완료380 경기 시흥시 종사원증번호 GC23-00431상사/조합정보 구매 가이드 허위매물 대처 압류 및 저당 처리 성능 상태 점검기록부 차량 금액 외 별도 수수료 차량 이전등록 차량 체크사항 알림등록 비슷한 조건의 동일한 모델이 신규매물로 등록되면 알려드릴까요? 알림등록 439만원 총비용계산기 보험료 계산 대출상품 조회 리스상품 조회 보험이력 8건 성능점검내역 일반/엔카직영 신차대비 -% 신차가격표 판매자 문의하기 중고차시세 팔린매물 동급매물 엔카 중고차론 금융사 비교하고 제휴 추가할인 금리 4.9% 부터~ 닫기 허위매물 단속 및 매매관련 분쟁 처리 등을 위해 050안심번호로문의하면 전화번호와 통화내용이 엔카에 자동 저장됩니다.050도움말 엔카는 등록 시스템만을 제공하며, 판매자가 직접 등록한 차량의 모든 책임은 판매자에게 있습니다. 신고하기 회사소개인재채용클린엔카지점안내엔카직영성능점검장안내매매지원이용약관고객센터디스플레이광고개인정보처리방침금융소비자보호원격지원서비스 네이버 블로그 인스타그램 유튜브 페이스북 패밀리사이트 O2O를 잇는 신뢰와 기술로 차량을 사고 파는 모습의 진화를 만듭니다 고객센터 : 1599-5455FAX : 02-754-8768대표메일 : trust@encar.com주소 : 서울특별시 중구 통일로2길 16, 18~19층(순화동) 사업자 등록번호 : 104-86-54476통신판매업신고 : 제2014-서울중구-0393호대표자 : 김상범Copyright © 엔카닷컴(주) 내 차를 최고가에 팔고, 믿고 사는 가장 좋은 방법. 엔카닷컴(주) 엔카닷컴(주)는 통신판매중개자로서 통신판매의 당사자가 아니며, 상품·거래정보, 거래에 대하여 책임을 지지 않습니다."
41248326,YF 쏘나타Y20 프리미어 연식,10/09식,194621,가솔린,서울,250,https://fem.encar.com/cars/detail/41248326?advClickPosition=mweb_mhightlight_g173_t400&listAdvType=mhighlight&type=detail&view_type=normal,"엔카 기본정보 옵션정보 차량상태 보증현황 판매자 정보 딜러 셀프등록 로그인/회원가입 채팅 전체메뉴 열기 등록번호 41248326조회수 202찜 2 신고하기 프린트 공유하기 찜하기 #급매#특옵션#HOT @네비/후방카메라/버튼시동/하이패스/전동시트/블박/열선@ 이전이미지 다음이미지 1 / 20 사진 모두보기 YF 쏘나타Y20 프리미어 연식 10/09식 (11년형) 연형정보 주행거리 194,621km 연료 가솔린 차량번호 20가4784 자세히 옵션 정보더보기 주요옵션 옵션 설명 보기 선루프 없음 헤드램프 (HID) 없음 주차감지센서 있음 후방카메라 있음 자동에어컨 있음 스마트키 있음 내비게이션 있음 열선시트 있음 통풍시트 없음 가죽시트 있음 32개 옵션 모두보기 차량 상태 성능점검을 등록한 차량이에요 제시번호 : 20251578466 교환 4 판금 2 부식 없음 성능기록부 자세히보기 차량이력 내차 피해 총 6,769,746원 (6회) 타차 가해 총 4,536,720원 (5회) 특이 사항 없음 차량이력 자세히 보기 보증 현황 제조사 보증제조사보증도움말 일반/차체 엔진/미션 엔카금융 1분만에 한도/금리 비교 다양한 금융사의 금리를 비교해보세요 방문없이 조회가 가능해요 신용점수에 영향이 없어요 금리 비교하기 판매자 정보 판매자정보사진 청춘카박지훈매매 판매자 정보 판매중152판매완료339 경기 수원시 권선구 종사원증번호 GC20-05671상사/조합정보 구매 가이드 허위매물 대처 압류 및 저당 처리 성능 상태 점검기록부 차량 금액 외 별도 수수료 차량 이전등록 차량 체크사항 알림등록 비슷한 조건의 동일한 모델이 신규매물로 등록되면 알려드릴까요? 알림등록 250만원 총비용계산기 보험료 계산 대출상품 조회 리스상품 조회 보험이력 11건 성능점검내역 일반/엔카직영 신차대비 9% 신차가격표 판매자 문의하기 중고차시세 팔린매물 동급매물 엔카 중고차론 금융사 비교하고 제휴 추가할인 금리 4.9% 부터~ 닫기 허위매물 단속 및 매매관련 분쟁 처리 등을 위해 050안심번호로문의하면 전화번호와 통화내용이 엔카에 자동 저장됩니다.050도움말 엔카는 등록 시스템만을 제공하며, 판매자가 직접 등록한 차량의 모든 책임은 판매자에게 있습니다. 신고하기 회사소개인재채용클린엔카지점안내엔카직영성능점검장안내매매지원이용약관고객센터디스플레이광고개인정보처리방침금융소비자보호원격지원서비스 네이버 블로그 인스타그램 유튜브 페이스북 패밀리사이트 O2O를 잇는 신뢰와 기술로 차량을 사고 파는 모습의 진화를 만듭니다 고객센터 : 1599-5455FAX : 02-754-8768대표메일 : trust@encar.com주소 : 서울특별시 중구 통일로2길 16, 18~19층(순화동) 사업자 등록번호 : 104-86-54476통신판매업신고 : 제2014-서울중구-0393호대표자 : 김상범Copyright © 엔카닷컴(주) 내 차를 최고가에 팔고, 믿고 사는 가장 좋은 방법. 엔카닷컴(주) 엔카닷컴(주)는 통신판매중개자로서 통신판매의 당사자가 아니며, 상품·거래정보, 거래에 대하여 책임을 지지 않습니다."
41485703,YF 쏘나타Y20 그랜드 연식,10/09식,156042,가솔린,서울,170,https://fem.encar.com/cars/detail/41485703?advClickPosition=mweb_mhightlight_g174_t400&listAdvType=mhighlight&type=detail&view_type=checked,"엔카 기본정보 옵션정보 차량상태 보증현황 판매자 정보 딜러 셀프등록 로그인/회원가입 채팅 전체메뉴 열기 엔카진단 등록번호 41485703조회수 319찜 6 신고하기 프린트 공유하기 찜하기 이전이미지 다음이미지 1 / 20 사진 모두보기 YF 쏘나타Y20 그랜드 연식 10/09식 (11년형) 연형정보 주행거리 156,042km 연료 가솔린 차량번호 60서7153 자세히 엔카가 아래 사항을 모두 진단 하였습니다 툴팁 엔카진단 프레임무사고 확인 옵션 정보더보기 주요옵션 옵션 설명 보기 선루프 없음 헤드램프 (HID) 없음 주차감지센서 있음 후방카메라 있음 자동에어컨 없음 스마트키 없음 내비게이션 있음 열선시트 있음 통풍시트 없음 가죽시트 없음 23개 옵션 모두보기 이 차만의 옵션더보기 6단 자동변속기 + 풋 파킹 브레이크 + 액티브 에코 시스템 + 후석 에어벤트 170만원 이 차를 추천하는 이유더보기 앞좌석 열선시트가 장착되어 겨울철 따듯한 온기를 제공하여 쾌적한 드라이빙이 가능하며 정품 오디오로 블루투스 사용이 가능한 소나타 차량을 추천드립니다 차량 상태 엔카진단 엔카가 무사고 진단을 했어요 프레임 진단 정상 외부패널 진단 교환 엔카진단 자세히 보기 성능점검을 등록한 차량이에요 제시번호 : 20261063237 교환 2 판금 2 부식 없음 성능기록부 자세히보기 보증 현황 제조사 보증제조사보증도움말 일반/차체 엔진/미션 엔카금융 1분만에 한도/금리 비교 다양한 금융사의 금리를 비교해보세요 방문없이 조회가 가능해요 신용점수에 영향이 없어요 금리 비교하기 판매자 정보 판매자정보사진 주식회사 버디카김세혁매매 판매자 정보 판매중46판매완료149 경기 수원시 권선구 평동로79번길 45 종사원증번호 GC2402656상사/조합정보 구매 가이드 허위매물 대처 압류 및 저당 처리 성능 상태 점검기록부 차량 금액 외 별도 수수료 차량 이전등록 차량 체크사항 알림등록 비슷한 조건의 동일한 모델이 신규매물로 등록되면 알려드릴까요? 알림등록 249만원 총비용계산기 보험료 계산 대출상품 조회 리스상품 조회 보험이력 공개 성능점검내역 일반/엔카직영 신차대비 -% 신차가격표 판매자 문의하기 중고차시세 팔린매물 동급매물 엔카 중고차론 금융사 비교하고 제휴 추가할인 금리 4.9% 부터~ 닫기 허위매물 단속 및 매매관련 분쟁 처리 등을 위해 050안심번호로문의하면 전화번호와 통화내용이 엔카에 자동 저장됩니다.050도움말 엔카는 등록 시스템만을 제공하며, 판매자가 직접 등록한 차량의 모든 책임은 판매자에게 있습니다. 신고하기 회사소개인재채용클린엔카지점안내엔카직영성능점검장안내매매지원이용약관고객센터디스플레이광고개인정보처리방침금융소비자보호원격지원서비스 네이버 블로그 인스타그램 유튜브 페이스북 패밀리사이트 O2O를 잇는 신뢰와 기술로 차량을 사고 파는 모습의 진화를 만듭니다 고객센터 : 1599-5455FAX : 02-754-8768대표메일 : trust@encar.com주소 : 서울특별시 중구 통일로2길 16, 18~19층(순화동) 사업자 등록번호 : 104-86-54476통신판매업신고 : 제2014-서울중구-0393호대표자 : 김상범Copyright © 엔카닷컴(주) 내 차를 최고가에 팔고, 믿고 사는 가장 좋은 방법. 엔카닷컴(주) 엔카닷컴(주)는 통신판매중개자로서 통신판매의 당사자가 아니며, 상품·거래정보, 거래에 대하여 책임을 지지 않습니다."
41228209,YF 쏘나타LPI 프리미어 연식,10/07식,184276,LPG(일반인 구입),서울,239,https://fem.encar.com/cars/detail/41228209?advClickPosition=mweb_mhightlight_g175_t400&listAdvType=mhighlight&type=detail&view_type=normal,"엔카 기본정보 옵션정보 차량상태 보증현황 판매자 정보 딜러 셀프등록 로그인/회원가입 채팅 전체메뉴 등록번호 41228209조회수 471찜 6 신고하기 프린트 공유하기 찜하기 이전이미지 다음이미지 1 / 20 사진 모두보기 YF 쏘나타LPI 프리미어 연식 10/07식 (11년형) 연형정보 주행거리 184,276km 연료 LPG(일반인 구입) 차량번호 32루1606 자세히 옵션 정보더보기 주요옵션 옵션 설명 보기 선루프 있음 헤드램프 (HID) 없음 주차감지센서 없음 후방카메라 없음 자동에어컨 있음 스마트키 없음 내비게이션 있음 열선시트 없음 통풍시트 없음 가죽시트 있음 20개 옵션 모두보기 차량 상태 성능점검을 등록한 차량이에요 제시번호 : 2025234444 본 차량의 성능 점검 기록부는 판매자가 사진으로 등록했습니다. 성능기록부 자세히보기 보증 현황 제조사 보증제조사보증도움말 일반/차체 엔진/미션 엔카금융 1분만에 한도/금리 비교 다양한 금융사의 금리를 비교해보세요 방문없이 조회가 가능해요 신용점수에 영향이 없어요 금리 비교하기 판매자 정보 판매자정보사진 (주)숨카직영점이동우매매 판매자 정보 판매중19판매완료193 경기 부천시 오정구 송내대로 450 종사원증번호 GG22-01895상사/조합정보 구매 가이드 허위매물 대처 압류 및 저당 처리 성능 상태 점검기록부 차량 금액 외 별도 수수료 차량 이전등록 차량 체크사항 알림등록 비슷한 조건의 동일한 모델이 신규매물로 등록되면 알려드릴까요? 알림등록 239만원 총비용계산기 보험료 계산 대출상품 조회 리스상품 조회 보험이력 비공개 성능점검내역 일반/엔카직영 신차가격표 판매자 문의하기 중고차시세 팔린매물 동급매물 엔카 중고차론 금융사 비교하고 제휴 추가할인 금리 4.9% 부터~ 닫기 허위매물 단속 및 매매관련 분쟁 처리 등을 위해 050안심번호로문의하면 전화번호와 통화내용이 엔카에 자동 저장됩니다.050도움말 엔카는 등록 시스템만을 제공하며, 판매자가 직접 등록한 차량의 모든 책임은 판매자에게 있습니다. 신고하기 회사소개인재채용클린엔카지점안내엔카직영성능점검장안내매매지원이용약관고객센터디스플레이광고개인정보처리방침금융소비자보호원격지원서비스 네이버 블로그 인스타그램 유튜브 페이스북 패밀리사이트 O2O를 잇는 신뢰와 기술로 차량을 사고 파는 모습의 진화를 만듭니다 고객센터 : 1599-5455FAX : 02-754-8768대표메일 : trust@encar.com주소 : 서울특별시 중구 통일로2길 16, 18~19층(순화동) 사업자 등록번호 : 104-86-54476통신판매업신고 : 제2014-서울중구-0393호대표자 : 김상범Copyright © 엔카닷컴(주) 내 차를 최고가에 팔고, 믿고 사는 가장 좋은 방법. 엔카닷컴(주) 엔카닷컴(주)는 통신판매중개자로서 통신판매의 당사자가 아니며, 상품·거래정보, 거래에 대하여 책임을 지지 않습니다."
41422418,YF 쏘나타LPI 럭셔리 연식,09/10식,188448,LPG(일반인 구입),서울,280,https://fem.encar.com/cars/detail/41422418?advClickPosition=mweb_mhightlight_g176_t400&listAdvType=mhighlight&type=detail&view_type=checked,"엔카 기본정보 옵션정보 차량상태 보증현황 판매자 정보 딜러 셀프등록 로그인/회원가입 채팅 전체메뉴 엔카진단 등록번호 41422418조회수 270찜 3 신고하기 프린트 공유하기 찜하기 이전이미지 다음이미지 1 / 20 사진 모두보기 YF 쏘나타LPI 럭셔리 연식 09/10식 (10년형) 연형정보 주행거리 188,448km 연료 LPG(일반인 구입) 차량번호 54도8696 자세히 엔카가 아래 사항을 모두 진단 하였습니다 툴팁 엔카진단 프레임무사고 확인 옵션 정보더보기 주요옵션 옵션 설명 보기 선루프 없음 헤드램프 (HID) 없음 주차감지센서 없음 후방카메라 없음 자동에어컨 없음 스마트키 없음 내비게이션 있음 열선시트 없음 통풍시트 없음 가죽시트 있음 18개 옵션 모두보기 이 차를 추천하는 이유더보기 주행거리 대비 양호한 실내컨디션을 유지하고있어 관리가 잘 된 차량으로 보이며 매립형 네비게이션으로 실시간 길안내가 가능한 소나타 차량을 추천드립니다~ 차량 상태 엔카진단 엔카가 무사고 진단을 했어요 프레임 진단 정상 외부패널 진단 교환 엔카진단 자세히 보기 성능점검을 등록한 차량이에요 제시번호 : 20261034246 교환 1 판금 4 부식 없음 성능기록부 자세히보기 차량이력 내차 피해 총 1,547,640원 (2회) 타차 가해 없음 특이 사항 렌트 이력 차량이력 자세히 보기 보증 현황 제조사 보증제조사보증도움말 일반/차체 엔진/미션 엔카금융 1분만에 한도/금리 비교 다양한 금융사의 금리를 비교해보세요 방문없이 조회가 가능해요 신용점수에 영향이 없어요 금리 비교하기 판매자 정보 판매자정보사진 제이모션최준서매매 판매자 정보 판매중29판매완료127 경기 수원시 권선구 종사원증번호 GC24-00435상사/조합정보 구매 가이드 허위매물 대처 압류 및 저당 처리 성능 상태 점검기록부 차량 금액 외 별도 수수료 차량 이전등록 차량 체크사항 알림등록 비슷한 조건의 동일한 모델이 신규매물로 등록되면 알려드릴까요? 알림등록 280만원 총비용계산기 보험료 계산 대출상품 조회 리스상품 조회 보험이력 2건 성능점검내역 일반/엔카직영 신차가격표 판매자 문의하기 중고차시세 팔린매물 동급매물 엔카 중고차론 금융사 비교하고 제휴 추가할인 금리 4.9% 부터~ 닫기 허위매물 단속 및 매매관련 분쟁 처리 등을 위해 050안심번호로문의하면 전화번호와 통화내용이 엔카에 자동 저장됩니다.050도움말 엔카는 등록 시스템만을 제공하며, 판매자가 직접 등록한 차량의 모든 책임은 판매자에게 있습니다. 신고하기 회사소개인재채용클린엔카지점안내엔카직영성능점검장안내매매지원이용약관고객센터디스플레이광고개인정보처리방침금융소비자보호원격지원서비스 네이버 블로그 인스타그램 유튜브 페이스북 패밀리사이트 O2O를 잇는 신뢰와 기술로 차량을 사고 파는 모습의 진화를 만듭니다 고객센터 : 1599-5455FAX : 02-754-8768대표메일 : trust@encar.com주소 : 서울특별시 중구 통일로2길 16, 18~19층(순화동) 사업자 등록번호 : 104-86-54476통신판매업신고 : 제2014-서울중구-0393호대표자 : 김상범Copyright © 엔카닷컴(주) 내 차를 최고가에 팔고, 믿고 사는 가장 좋은 방법. 엔카닷컴(주) 엔카닷컴(주)는 통신판매중개자로서 통신판매의 당사자가 아니며, 상품·거래정보, 거래에 대하여 책임을 지지 않습니다."
41595033,YF 쏘나타Y20 탑와인스페셜 연식,11/04식,148803,가솔린,서울,115,https://fem.encar.com/cars/detail/41595033?advClickPosition=mweb_mhightlight_g177_t400&listAdvType=mhighlight&type=detail&view_type=checked,"엔카 기본정보 옵션정보 차량상태 보증현황 판매자 정보 딜러 셀프등록 로그인/회원가입 채팅 전체메뉴 열기 엔카진단 등록번호 41595033조회수 36찜 0 신고하기 프린트 공유하기 찜하기 이전이미지 다음이미지 1 / 20 사진 모두보기 YF 쏘나타Y20 탑와인스페셜 연식 11/04식 연형정보 주행거리 148,803km 연료 가솔린 차량번호 24노7997 자세히 엔카가 아래 사항을 모두 진단 하였습니다 툴팁 엔카진단 프레임무사고 확인 옵션 정보더보기 주요옵션 옵션 설명 보기 선루프 있음 헤드램프 (HID) 없음 주차감지센서 있음 후방카메라 있음 자동에어컨 있음 스마트키 있음 내비게이션 없음 열선시트 있음 통풍시트 있음 가죽시트 있음 34개 옵션 모두보기 이 차만의 옵션더보기 3피스 타입 파노라마 썬루프(전동식 롤 블라인드) 115만원 이 차를 추천하는 이유더보기 흔하지않은 와인 컬러 시트가 강렬함을 내뿜는 차량입니다! 파노라마썬루프가 추가된 차량으로 실내 쾌적함과 개방감까지 모두 보유중이네요! 차량 상태 엔카진단 엔카가 무사고 진단을 했어요 프레임 진단 정상 외부패널 진단 정상 엔카진단 자세히 보기 성능점검을 등록한 차량이에요 제시번호 : 20260306 교환 없음 판금 없음 부식 없음 성능기록부 자세히보기 차량이력 내차 피해 총 2,088,823원 (3회) 타차 가해 없음 특이 사항 없음 차량이력 자세히 보기 보증 현황 제조사 보증제조사보증도움말 일반/차체 엔진/미션 엔카금융 1분만에 한도/금리 비교 다양한 금융사의 금리를 비교해보세요 방문없이 조회가 가능해요 신용점수에 영향이 없어요 금리 비교하기 판매자 정보 판매자정보사진 스카이모터스강현성매매 판매자 정보 판매중9판매완료35 경기 수원시 권선구 권선로 308-5 종사원증번호 GC25-06073상사/조합정보 구매 가이드 허위매물 대처 압류 및 저당 처리 성능 상태 점검기록부 차량 금액 외 별도 수수료 차량 이전등록 차량 체크사항 알림등록 비슷한 조건의 동일한 모델이 신규매물로 등록되면 알려드릴까요? 알림등록 480만원 총비용계산기 보험료 계산 대출상품 조회 리스상품 조회 보험이력 3건 성능점검내역 일반/엔카직영 신차대비 -% 신차가격표 판매자 문의하기 중고차시세 팔린매물 동급매물 엔카 중고차론 금융사 비교하고 제휴 추가할인 금리 4.9% 부터~ 닫기 허위매물 단속 및 매매관련 분쟁 처리 등을 위해 050안심번호로문의하면 전화번호와 통화내용이 엔카에 자동 저장됩니다.050도움말 엔카는 등록 시스템만을 제공하며, 판매자가 직접 등록한 차량의 모든 책임은 판매자에게 있습니다. 신고하기 회사소개인재채용클린엔카지점안내엔카직영성능점검장안내매매지원이용약관고객센터디스플레이광고개인정보처리방침금융소비자보호원격지원서비스 네이버 블로그 인스타그램 유튜브 페이스북 패밀리사이트 O2O를 잇는 신뢰와 기술로 차량을 사고 파는 모습의 진화를 만듭니다 고객센터 : 1599-5455FAX : 02-754-8768대표메일 : trust@encar.com주소 : 서울특별시 중구 통일로2길 16, 18~19층(순화동) 사업자 등록번호 : 104-86-54476통신판매업신고 : 제2014-서울중구-0393호대표자 : 김상범Copyright © 엔카닷컴(주) 내 차를 최고가에 팔고, 믿고 사는 가장 좋은 방법. 엔카닷컴(주) 엔카닷컴(주)는 통신판매중개자로서 통신판매의 당사자가 아니며, 상품·거래정보, 거래에 대하여 책임을 지지 않습니다."
41584724,YF 쏘나타LPI 디럭스 연식,11/09식,149770,LPG(일반인 구입),서울,380,https://fem.encar.com/cars/detail/41584724?advClickPosition=mweb_mhightlight_g178_t400&listAdvType=mhighlight&type=detail&view_type=checked,"엔카 기본정보 옵션정보 차량상태 보증현황 판매자 정보 딜러 셀프등록 로그인/회원가입 채팅 전체메뉴 엔카진단 등록번호 41584724조회수 71찜 2 신고하기 프린트 공유하기 찜하기 이전이미지 다음이미지 1 / 20 사진 모두보기 YF 쏘나타LPI 디럭스 연식 11/09식 (12년형) 연형정보 주행거리 149,770km 연료 LPG(일반인 구입) 차량번호 34부6128 자세히 엔카가 아래 사항을 모두 진단 하였습니다 툴팁 엔카진단 프레임무사고 확인 옵션 정보더보기 주요옵션 옵션 설명 보기 선루프 없음 헤드램프 (HID) 없음 주차감지센서 없음 후방카메라 있음 자동에어컨 없음 스마트키 없음 내비게이션 있음 열선시트 없음 통풍시트 없음 가죽시트 있음 14개 옵션 모두보기 이 차를 추천하는 이유더보기 순정같은 마감재를 사용한 사제네비게이션과 후방카메라가 매립되어 깔끔한 일체감과 편하고 쉬운 길찾기 및 후진주차의 안전성을 더욱 높여주는 차량입니다 차량 상태 엔카진단 엔카가 무사고 진단을 했어요 프레임 진단 정상 외부패널 진단 정상 엔카진단 자세히 보기 성능점검을 등록한 차량이에요 제시번호 : 2026016429 교환 없음 판금 없음 부식 없음 성능기록부 자세히보기 차량이력 내차 피해 총 594,490원 (1회) 타차 가해 총 2,787,197원 (2회) 특이 사항 없음 차량이력 자세히 보기 보증 현황 제조사 보증제조사보증도움말 일반/차체 엔진/미션 엔카금융 1분만에 한도/금리 비교 다양한 금융사의 금리를 비교해보세요 방문없이 조회가 가능해요 신용점수에 영향이 없어요 금리 비교하기 판매자 정보 판매자정보사진 (주)다산모터스황정하매매 판매자 정보 판매중19판매완료210 광주 서구 종사원증번호 2406200240상사/조합정보 구매 가이드 허위매물 대처 압류 및 저당 처리 성능 상태 점검기록부 차량 금액 외 별도 수수료 차량 이전등록 차량 체크사항 알림등록 비슷한 조건의 동일한 모델이 신규매물로 등록되면 알려드릴까요? 알림등록 380만원 총비용계산기 보험료 계산 대출상품 조회 리스상품 조회 보험이력 3건 성능점검내역 일반/엔카직영 신차가격표 판매자 문의하기 중고차시세 팔린매물 동급매물 엔카 중고차론 금융사 비교하고 제휴 추가할인 금리 4.9% 부터~ 닫기 허위매물 단속 및 매매관련 분쟁 처리 등을 위해 050안심번호로문의하면 전화번호와 통화내용이 엔카에 자동 저장됩니다.050도움말 엔카는 등록 시스템만을 제공하며, 판매자가 직접 등록한 차량의 모든 책임은 판매자에게 있습니다. 신고하기 회사소개인재채용클린엔카지점안내엔카직영성능점검장안내매매지원이용약관고객센터디스플레이광고개인정보처리방침금융소비자보호원격지원서비스 네이버 블로그 인스타그램 유튜브 페이스북 패밀리사이트 O2O를 잇는 신뢰와 기술로 차량을 사고 파는 모습의 진화를 만듭니다 고객센터 : 1599-5455FAX : 02-754-8768대표메일 : trust@encar.com주소 : 서울특별시 중구 통일로2길 16, 18~19층(순화동) 사업자 등록번호 : 104-86-54476통신판매업신고 : 제2014-서울중구-0393호대표자 : 김상범Copyright © 엔카닷컴(주) 내 차를 최고가에 팔고, 믿고 사는 가장 좋은 방법. 엔카닷컴(주) 엔카닷컴(주)는 통신판매중개자로서 통신판매의 당사자가 아니며, 상품·거래정보, 거래에 대하여 책임을 지지 않습니다."
41280569,YF 쏘나타LPI 프리미어 연식,11/01식,254056,LPG(일반인 구입),서울,240,https://fem.encar.com/cars/detail/41280569?advClickPosition=mweb_mhightlight_g179_t400&listAdvType=mhighlight&type=detail&view_type=normal,"엔카 기본정보 옵션정보 차량상태 보증현황 판매자 정보 딜러 셀프등록 로그인/회원가입 채팅 전체메뉴 열기 등록번호 41280569조회수 138찜 3 신고하기 프린트 공유하기 찜하기 #HOT#COOL#양호 엔카 실촬영 이전이미지 다음이미지 1 / 20 사진 모두보기 YF 쏘나타LPI 프리미어 연식 11/01식 연형정보 주행거리 254,056km 연료 LPG(일반인 구입) 차량번호 57머2768 자세히 옵션 정보더보기 주요옵션 옵션 설명 보기 선루프 없음 헤드램프 (HID) 없음 주차감지센서 있음 후방카메라 있음 자동에어컨 있음 스마트키 없음 내비게이션 있음 열선시트 있음 통풍시트 없음 가죽시트 있음 23개 옵션 모두보기 차량 상태 성능점검을 등록한 차량이에요 제시번호 : 0213088390 교환 3 판금 3 부식 없음 성능기록부 자세히보기 차량이력 내차 피해 총 5,728,985원 (5회) 타차 가해 총 5,164,800원 (4회) 특이 사항 렌트 이력 차량이력 자세히 보기 보증 현황 제조사 보증제조사보증도움말 일반/차체 엔진/미션 엔카금융 1분만에 한도/금리 비교 다양한 금융사의 금리를 비교해보세요 방문없이 조회가 가능해요 신용점수에 영향이 없어요 금리 비교하기 판매자 정보 판매자정보사진 (주)경보모터스 김범석매매 판매자 정보 판매중5판매완료14 경기 김포시 고촌읍 아라육로152번길 45 종사원증번호 GG17-01490상사/조합정보 헛걸음보상 가입 헛걸음보상 약속내용 고객님이 방문하실 때까지 차량을 판매하지 않으며, 광고내용과 일치함을 약속드립니다. 5년 72일째 유지중 방문예약하기 구매 가이드 허위매물 대처 압류 및 저당 처리 성능 상태 점검기록부 차량 금액 외 별도 수수료 차량 이전등록 차량 체크사항 알림등록 비슷한 조건의 동일한 모델이 신규매물로 등록되면 알려드릴까요? 알림등록 240만원 총비용계산기 보험료 계산 대출상품 조회 리스상품 조회 보험이력 9건 성능점검내역 일반/엔카직영 신차가격표 판매자 문의하기 중고차시세 팔린매물 동급매물 엔카 중고차론 금융사 비교하고 제휴 추가할인 금리 4.9% 부터~ 닫기 허위매물 단속 및 매매관련 분쟁 처리 등을 위해 050안심번호로문의하면 전화번호와 통화내용이 엔카에 자동 저장됩니다.050도움말 엔카는 등록 시스템만을 제공하며, 판매자가 직접 등록한 차량의 모든 책임은 판매자에게 있습니다. 신고하기 회사소개인재채용클린엔카지점안내엔카직영성능점검장안내매매지원이용약관고객센터디스플레이광고개인정보처리방침금융소비자보호원격지원서비스 네이버 블로그 인스타그램 유튜브 페이스북 패밀리사이트 O2O를 잇는 신뢰와 기술로 차량을 사고 파는 모습의 진화를 만듭니다 고객센터 : 1599-5455FAX : 02-754-8768대표메일 : trust@encar.com주소 : 서울특별시 중구 통일로2길 16, 18~19층(순화동) 사업자 등록번호 : 104-86-54476통신판매업신고 : 제2014-서울중구-0393호대표자 : 김상범Copyright © 엔카닷컴(주) 내 차를 최고가에 팔고, 믿고 사는 가장 좋은 방법. 엔카닷컴(주) 엔카닷컴(주)는 통신판매중개자로서 통신판매의 당사자가 아니며, 상품·거래정보, 거래에 대하여 책임을 지지 않습니다."
41375378,YF 쏘나타LPI 디럭스 연식,11/02식,137133,LPG(일반인 구입),서울,349,https://fem.encar.com/cars/detail/41375378?advClickPosition=mweb_mhightlight_g180_t400&listAdvType=mhighlight&type=detail&view_type=checked,"엔카 기본정보 옵션정보 차량상태 보증현황 판매자 정보 딜러 셀프등록 로그인/회원가입 채팅 전체메뉴 엔카진단 등록번호 41375378조회수 491찜 6 신고하기 프린트 공유하기 찜하기 이전이미지 다음이미지 1 / 20 사진 모두보기 YF 쏘나타LPI 디럭스 연식 11/02식 연형정보 주행거리 137,133km 연료 LPG(일반인 구입) 차량번호 15라6257 자세히 엔카가 아래 사항을 모두 진단 하였습니다 툴팁 엔카진단 프레임무사고 확인 옵션 정보더보기 주요옵션 옵션 설명 보기 선루프 없음 헤드램프 (HID) 없음 주차감지센서 없음 후방카메라 있음 자동에어컨 없음 스마트키 없음 내비게이션 있음 열선시트 없음 통풍시트 없음 가죽시트 있음 14개 옵션 모두보기 이 차를 추천하는 이유더보기 아이나비 네비게이션과 후방카메라를 장착해서 주행편의성을 높여주고 연식대비 가죽의 상태도 양호한 쏘나타! 부담없는 금액에 만나보세요~ 차량 상태 엔카진단 엔카가 무사고 진단을 했어요 프레임 진단 정상 외부패널 진단 교환 엔카진단 자세히 보기 성능점검을 등록한 차량이에요 제시번호 : 202410021247 교환 2 판금 없음 부식 없음 성능기록부 자세히보기 차량이력 내차 피해 없음 타차 가해 총 2,044,732원 (4회) 특이 사항 렌트 이력 차량이력 자세히 보기 보증 현황 제조사 보증제조사보증도움말 일반/차체 엔진/미션 엔카금융 1분만에 한도/금리 비교 다양한 금융사의 금리를 비교해보세요 방문없이 조회가 가능해요 신용점수에 영향이 없어요 금리 비교하기 판매자 정보 판매자정보사진 스마일모터스임길선매매 판매자 정보 판매중17판매완료55 전북 익산시 무왕로 1654 종사원증번호 JB21-00312상사/조합정보 구매 가이드 허위매물 대처 압류 및 저당 처리 성능 상태 점검기록부 차량 금액 외 별도 수수료 차량 이전등록 차량 체크사항 알림등록 비슷한 조건의 동일한 모델이 신규매물로 등록되면 알려드릴까요? 알림등록 349만원 총비용계산기 보험료 계산 대출상품 조회 리스상품 조회 보험이력 4건 성능점검내역 일반/엔카직영 신차가격표 판매자 문의하기 중고차시세 팔린매물 동급매물 엔카 중고차론 금융사 비교하고 제휴 추가할인 금리 4.9% 부터~ 닫기 허위매물 단속 및 매매관련 분쟁 처리 등을 위해 050안심번호로문의하면 전화번호와 통화내용이 엔카에 자동 저장됩니다.050도움말 엔카는 등록 시스템만을 제공하며, 판매자가 직접 등록한 차량의 모든 책임은 판매자에게 있습니다. 신고하기 회사소개인재채용클린엔카지점안내엔카직영성능점검장안내매매지원이용약관고객센터디스플레이광고개인정보처리방침금융소비자보호원격지원서비스 네이버 블로그 인스타그램 유튜브 페이스북 패밀리사이트 O2O를 잇는 신뢰와 기술로 차량을 사고 파는 모습의 진화를 만듭니다 고객센터 : 1599-5455FAX : 02-754-8768대표메일 : trust@encar.com주소 : 서울특별시 중구 통일로2길 16, 18~19층(순화동) 사업자 등록번호 : 104-86-54476통신판매업신고 : 제2014-서울중구-0393호대표자 : 김상범Copyright © 엔카닷컴(주) 내 차를 최고가에 팔고, 믿고 사는 가장 좋은 방법. 엔카닷컴(주) 엔카닷컴(주)는 통신판매중개자로서 통신판매의 당사자가 아니며, 상품·거래정보, 거래에 대하여 책임을 지지 않습니다."
41316807,YF 쏘나타LPI 프리미어(장애인용) 연식,10/09식,152778,LPG(일반인 구입),서울,320,https://fem.encar.com/cars/detail/41316807?advClickPosition=mweb_mhightlight_g181_t400&listAdvType=mhighlight&type=detail&view_type=checked,"엔카 기본정보 옵션정보 차량상태 보증현황 판매자 정보 딜러 셀프등록 로그인/회원가입 채팅 전체메뉴 열기 엔카진단 등록번호 41316807조회수 524찜 4 신고하기 프린트 공유하기 찜하기 이전이미지 다음이미지 1 / 20 사진 모두보기 YF 쏘나타LPI 프리미어(장애인용) 연식 10/09식 (11년형) 연형정보 주행거리 152,778km 연료 LPG(일반인 구입) 차량번호 56어6870 자세히 엔카가 아래 사항을 모두 진단 하였습니다 툴팁 엔카진단 프레임무사고 확인 옵션 정보더보기 주요옵션 옵션 설명 보기 선루프 없음 헤드램프 (HID) 없음 주차감지센서 있음 후방카메라 없음 자동에어컨 있음 스마트키 있음 내비게이션 없음 열선시트 있음 통풍시트 없음 가죽시트 있음 25개 옵션 모두보기 이 차를 추천하는 이유더보기 뒷좌석 탑승자를 배려한 열선시트가 장착되어 있어서 추운 겨울철에도 따뜻하게 이용할 수 있겠네요~ 부담 없는 가격의 중형 세단을 찾으신다면 쏘나타를 추천드립니다! 차량 상태 엔카진단 엔카가 무사고 진단을 했어요 프레임 진단 정상 외부패널 진단 교환 엔카진단 자세히 보기 성능점검을 등록한 차량이에요 제시번호 : 202410017713 교환 1 판금 없음 부식 없음 성능기록부 자세히보기 차량이력 내차 피해 총 1,729,466원 (2회) 타차 가해 총 9,584,950원 (4회) 특이 사항 없음 차량이력 자세히 보기 보증 현황 제조사 보증제조사보증도움말 일반/차체 엔진/미션 엔카금융 1분만에 한도/금리 비교 다양한 금융사의 금리를 비교해보세요 방문없이 조회가 가능해요 신용점수에 영향이 없어요 금리 비교하기 판매자 정보 판매자정보사진 스마일모터스임길선매매 판매자 정보 판매중17판매완료55 전북 익산시 무왕로 1654 종사원증번호 JB21-00312상사/조합정보 구매 가이드 허위매물 대처 압류 및 저당 처리 성능 상태 점검기록부 차량 금액 외 별도 수수료 차량 이전등록 차량 체크사항 알림등록 비슷한 조건의 동일한 모델이 신규매물로 등록되면 알려드릴까요? 알림등록 320만원 총비용계산기 보험료 계산 대출상품 조회 리스상품 조회 보험이력 6건 성능점검내역 일반/엔카직영 신차가격표 판매자 문의하기 중고차시세 팔린매물 동급매물 엔카 중고차론 금융사 비교하고 제휴 추가할인 금리 4.9% 부터~ 닫기 허위매물 단속 및 매매관련 분쟁 처리 등을 위해 050안심번호로문의하면 전화번호와 통화내용이 엔카에 자동 저장됩니다.050도움말 엔카는 등록 시스템만을 제공하며, 판매자가 직접 등록한 차량의 모든 책임은 판매자에게 있습니다. 신고하기 회사소개인재채용클린엔카지점안내엔카직영성능점검장안내매매지원이용약관고객센터디스플레이광고개인정보처리방침금융소비자보호원격지원서비스 네이버 블로그 인스타그램 유튜브 페이스북 패밀리사이트 O2O를 잇는 신뢰와 기술로 차량을 사고 파는 모습의 진화를 만듭니다 고객센터 : 1599-5455FAX : 02-754-8768대표메일 : trust@encar.com주소 : 서울특별시 중구 통일로2길 16, 18~19층(순화동) 사업자 등록번호 : 104-86-54476통신판매업신고 : 제2014-서울중구-0393호대표자 : 김상범Copyright © 엔카닷컴(주) 내 차를 최고가에 팔고, 믿고 사는 가장 좋은 방법. 엔카닷컴(주) 엔카닷컴(주)는 통신판매중개자로서 통신판매의 당사자가 아니며, 상품·거래정보, 거래에 대하여 책임을 지지 않습니다."
41279634,YF 쏘나타LPI 프리미어(장애인용) 연식,10/02식,99887,LPG(일반인 구입),서울,350,https://fem.encar.com/cars/detail/41279634?advClickPosition=mweb_mhightlight_g182_t400&listAdvType=mhighlight&type=detail&view_type=normal,"엔카 기본정보 옵션정보 차량상태 보증현황 판매자 정보 딜러 셀프등록 로그인/회원가입 채팅 전체메뉴 등록번호 41279634조회수 231찜 5 신고하기 프린트 공유하기 찜하기 #HOT#COOL#양호 엔카 실촬영 이전이미지 다음이미지 1 / 19 사진 모두보기 YF 쏘나타LPI 프리미어(장애인용) 연식 10/02식 연형정보 주행거리 99,887km 연료 LPG(일반인 구입) 차량번호 24가8569 자세히 옵션 정보더보기 주요옵션 옵션 설명 보기 선루프 없음 헤드램프 (HID) 없음 주차감지센서 있음 후방카메라 없음 자동에어컨 있음 스마트키 있음 내비게이션 있음 열선시트 있음 통풍시트 없음 가죽시트 있음 24개 옵션 모두보기 차량 상태 성능점검을 등록한 차량이에요 제시번호 : 20260105457774 교환 2 판금 없음 부식 없음 성능기록부 자세히보기 차량이력 내차 피해 총 3,167,653원 (2회) 타차 가해 총 288,820원 (1회) 특이 사항 없음 차량이력 자세히 보기 보증 현황 제조사 보증제조사보증도움말 일반/차체 엔진/미션 엔카금융 1분만에 한도/금리 비교 다양한 금융사의 금리를 비교해보세요 방문없이 조회가 가능해요 신용점수에 영향이 없어요 금리 비교하기 판매자 정보 판매자정보사진 국제자동차손대영매매 판매자 정보 판매중19판매완료98 충북 청주시 상당구 1순환로1594번길 56 종사원증번호 CB21-00029상사/조합정보 구매 가이드 허위매물 대처 압류 및 저당 처리 성능 상태 점검기록부 차량 금액 외 별도 수수료 차량 이전등록 차량 체크사항 알림등록 비슷한 조건의 동일한 모델이 신규매물로 등록되면 알려드릴까요? 알림등록 350만원 총비용계산기 보험료 계산 대출상품 조회 리스상품 조회 보험이력 3건 성능점검내역 일반/엔카직영 신차가격표 판매자 문의하기 중고차시세 팔린매물 동급매물 엔카 중고차론 금융사 비교하고 제휴 추가할인 금리 4.9% 부터~ 닫기 허위매물 단속 및 매매관련 분쟁 처리 등을 위해 050안심번호로문의하면 전화번호와 통화내용이 엔카에 자동 저장됩니다.050도움말 엔카는 등록 시스템만을 제공하며, 판매자가 직접 등록한 차량의 모든 책임은 판매자에게 있습니다. 신고하기 회사소개인재채용클린엔카지점안내엔카직영성능점검장안내매매지원이용약관고객센터디스플레이광고개인정보처리방침금융소비자보호원격지원서비스 네이버 블로그 인스타그램 유튜브 페이스북 패밀리사이트 O2O를 잇는 신뢰와 기술로 차량을 사고 파는 모습의 진화를 만듭니다 고객센터 : 1599-5455FAX : 02-754-8768대표메일 : trust@encar.com주소 : 서울특별시 중구 통일로2길 16, 18~19층(순화동) 사업자 등록번호 : 104-86-54476통신판매업신고 : 제2014-서울중구-0393호대표자 : 김상범Copyright © 엔카닷컴(주) 내 차를 최고가에 팔고, 믿고 사는 가장 좋은 방법. 엔카닷컴(주) 엔카닷컴(주)는 통신판매중개자로서 통신판매의 당사자가 아니며, 상품·거래정보, 거래에 대하여 책임을 지지 않습니다."
41212555,YF 쏘나타CVVL 럭셔리 연식,12/03식,162410,가솔린,서울,349,https://fem.encar.com/cars/detail/41212555?advClickPosition=mweb_mhightlight_g183_t400&listAdvType=mhighlight&type=detail&view_type=normal,"엔카 기본정보 옵션정보 차량상태 보증현황 판매자 정보 딜러 셀프등록 로그인/회원가입 채팅 전체메뉴 열기 등록번호 41212555조회수 141찜 4 신고하기 프린트 공유하기 찜하기 #HOT#COOL#양호 엔카 실촬영 이전이미지 다음이미지 1 / 20 사진 모두보기 YF 쏘나타CVVL 럭셔리 연식 12/03식 연형정보 주행거리 162,410km 연료 가솔린 차량번호 28나8381 자세히 옵션 정보더보기 주요옵션 옵션 설명 보기 선루프 없음 헤드램프 (HID) 없음 주차감지센서 있음 후방카메라 있음 자동에어컨 있음 스마트키 있음 내비게이션 없음 열선시트 있음 통풍시트 없음 가죽시트 있음 29개 옵션 모두보기 차량 상태 성능점검을 등록한 차량이에요 제시번호 : 2025004788 교환 2 판금 2 부식 없음 성능기록부 자세히보기 차량이력 내차 피해 총 3,986,769원 (4회) 타차 가해 총 2,535,700원 (1회) 특이 사항 없음 차량이력 자세히 보기 보증 현황 제조사 보증제조사보증도움말 일반/차체 엔진/미션 엔카금융 1분만에 한도/금리 비교 다양한 금융사의 금리를 비교해보세요 방문없이 조회가 가능해요 신용점수에 영향이 없어요 금리 비교하기 판매자 정보 판매자정보사진 붕붕모터스박경두매매 판매자 정보 판매중22판매완료124 경남 창원시 의창구 사화로 396 종사원증번호 2105500293상사/조합정보 구매 가이드 허위매물 대처 압류 및 저당 처리 성능 상태 점검기록부 차량 금액 외 별도 수수료 차량 이전등록 차량 체크사항 알림등록 비슷한 조건의 동일한 모델이 신규매물로 등록되면 알려드릴까요? 알림등록 349만원 총비용계산기 보험료 계산 대출상품 조회 리스상품 조회 보험이력 5건 성능점검내역 일반/엔카직영 신차대비 14% 신차가격표 판매자 문의하기 중고차시세 팔린매물 동급매물 엔카 중고차론 금융사 비교하고 제휴 추가할인 금리 4.9% 부터~ 닫기 허위매물 단속 및 매매관련 분쟁 처리 등을 위해 050안심번호로문의하면 전화번호와 통화내용이 엔카에 자동 저장됩니다.050도움말 엔카는 등록 시스템만을 제공하며, 판매자가 직접 등록한 차량의 모든 책임은 판매자에게 있습니다. 신고하기 회사소개인재채용클린엔카지점안내엔카직영성능점검장안내매매지원이용약관고객센터디스플레이광고개인정보처리방침금융소비자보호원격지원서비스 네이버 블로그 인스타그램 유튜브 페이스북 패밀리사이트 O2O를 잇는 신뢰와 기술로 차량을 사고 파는 모습의 진화를 만듭니다 고객센터 : 1599-5455FAX : 02-754-8768대표메일 : trust@encar.com주소 : 서울특별시 중구 통일로2길 16, 18~19층(순화동) 사업자 등록번호 : 104-86-54476통신판매업신고 : 제2014-서울중구-0393호대표자 : 김상범Copyright © 엔카닷컴(주) 내 차를 최고가에 팔고, 믿고 사는 가장 좋은 방법. 엔카닷컴(주) 엔카닷컴(주)는 통신판매중개자로서 통신판매의 당사자가 아니며, 상품·거래정보, 거래에 대하여 책임을 지지 않습니다."
41274781,YF 쏘나타Y20 탑고급형 연식,09/11식,158757,가솔린,서울,8,https://fem.encar.com/cars/detail/41274781?advClickPosition=mweb_mhightlight_g184_t400&listAdvType=mhighlight&type=detail&view_type=checked,"엔카 기본정보 옵션정보 차량상태 보증현황 판매자 정보 딜러 셀프등록 로그인/회원가입 채팅 전체메뉴 엔카진단 등록번호 41274781조회수 37찜 0 신고하기 프린트 공유하기 찜하기 이전이미지 다음이미지 1 / 20 사진 모두보기 YF 쏘나타Y20 탑고급형 연식 09/11식 (10년형) 연형정보 주행거리 158,757km 연료 가솔린 차량번호 60주8270 자세히 엔카가 아래 사항을 모두 진단 하였습니다 툴팁 엔카진단 프레임무사고 확인 옵션 정보더보기 주요옵션 옵션 설명 보기 선루프 있음 헤드램프 (HID) 없음 주차감지센서 있음 후방카메라 있음 자동에어컨 있음 스마트키 있음 내비게이션 있음 열선시트 있음 통풍시트 없음 가죽시트 있음 32개 옵션 모두보기 이 차만의 옵션더보기 화이트 크리스탈(WHC) 외장컬러 8만원 3피스 타입 파노라마 썬루프(전동식 롤 블라인드) 115만원 이 차를 추천하는 이유더보기 중고차 선호도 높은 화이트바디 외관색상에 꽉막힌 도로위 답답함을 시원하게 날려줄 개방감 넘치는 파노라마 선루프까지 탑재완료! 차량 상태 엔카진단 엔카가 무사고 진단을 했어요 프레임 진단 정상 외부패널 진단 정상 엔카진단 자세히 보기 성능점검을 등록한 차량이에요 제시번호 : 2025072014 교환 없음 판금 1 부식 없음 성능기록부 자세히보기 차량이력 내차 피해 총 3,202,446원 (4회) 타차 가해 총 6,317,261원 (7회) 특이 사항 없음 차량이력 자세히 보기 보증 현황 제조사 보증제조사보증도움말 일반/차체 엔진/미션 엔카금융 1분만에 한도/금리 비교 다양한 금융사의 금리를 비교해보세요 방문없이 조회가 가능해요 신용점수에 영향이 없어요 금리 비교하기 판매자 정보 판매자정보사진 카마스터이준민매매 판매자 정보 판매중38판매완료223 인천 부평구 종사원증번호 IC23-00223상사/조합정보 구매 가이드 허위매물 대처 압류 및 저당 처리 성능 상태 점검기록부 차량 금액 외 별도 수수료 차량 이전등록 차량 체크사항 알림등록 비슷한 조건의 동일한 모델이 신규매물로 등록되면 알려드릴까요? 알림등록 360만원 총비용계산기 보험료 계산 대출상품 조회 리스상품 조회 보험이력 11건 성능점검내역 일반/엔카직영 신차대비 -% 신차가격표 판매자 문의하기 중고차시세 팔린매물 동급매물 엔카 중고차론 금융사 비교하고 제휴 추가할인 금리 4.9% 부터~ 닫기 허위매물 단속 및 매매관련 분쟁 처리 등을 위해 050안심번호로문의하면 전화번호와 통화내용이 엔카에 자동 저장됩니다.050도움말 엔카는 등록 시스템만을 제공하며, 판매자가 직접 등록한 차량의 모든 책임은 판매자에게 있습니다. 신고하기 회사소개인재채용클린엔카지점안내엔카직영성능점검장안내매매지원이용약관고객센터디스플레이광고개인정보처리방침금융소비자보호원격지원서비스 네이버 블로그 인스타그램 유튜브 페이스북 패밀리사이트 O2O를 잇는 신뢰와 기술로 차량을 사고 파는 모습의 진화를 만듭니다 고객센터 : 1599-5455FAX : 02-754-8768대표메일 : trust@encar.com주소 : 서울특별시 중구 통일로2길 16, 18~19층(순화동) 사업자 등록번호 : 104-86-54476통신판매업신고 : 제2014-서울중구-0393호대표자 : 김상범Copyright © 엔카닷컴(주) 내 차를 최고가에 팔고, 믿고 사는 가장 좋은 방법. 엔카닷컴(주) 엔카닷컴(주)는 통신판매중개자로서 통신판매의 당사자가 아니며, 상품·거래정보, 거래에 대하여 책임을 지지 않습니다."
41142289,YF 쏘나타LPI 프리미어(장애인용) 연식,10/07식,159977,LPG(일반인 구입),서울,289,https://fem.encar.com/cars/detail/41142289?advClickPosition=mweb_mhightlight_g185_t400&listAdvType=mhighlight&type=detail&view_type=normal,"엔카 기본정보 옵션정보 차량상태 보증현황 판매자 정보 딜러 셀프등록 로그인/회원가입 채팅 전체메뉴 열기 등록번호 41142289조회수 446찜 6 신고하기 프린트 공유하기 찜하기 #양호#HOT#24시간상담 가성비 좋은 lpg차량!!! 스마트키 입고 후 경정비(로커암커버) 이전이미지 다음이미지 1 / 20 사진 모두보기 YF 쏘나타LPI 프리미어(장애인용) 연식 10/07식 (11년형) 연형정보 주행거리 159,977km 연료 LPG(일반인 구입) 차량번호 67더2156 자세히 옵션 정보더보기 주요옵션 옵션 설명 보기 선루프 없음 헤드램프 (HID) 없음 주차감지센서 있음 후방카메라 있음 자동에어컨 있음 스마트키 있음 내비게이션 있음 열선시트 있음 통풍시트 없음 가죽시트 있음 28개 옵션 모두보기 차량 상태 성능점검을 등록한 차량이에요 제시번호 : 2025004650 교환 5 판금 5 부식 없음 성능기록부 자세히보기 차량이력 내차 피해 총 6,485,334원 (7회) 타차 가해 총 3,719,425원 (4회) 특이 사항 없음 차량이력 자세히 보기 보증 현황 제조사 보증제조사보증도움말 일반/차체 엔진/미션 엔카금융 1분만에 한도/금리 비교 다양한 금융사의 금리를 비교해보세요 방문없이 조회가 가능해요 신용점수에 영향이 없어요 금리 비교하기 판매자 정보 판매자정보사진 붕붕모터스박경두매매 판매자 정보 판매중22판매완료124 경남 창원시 의창구 사화로 396 종사원증번호 2105500293상사/조합정보 구매 가이드 허위매물 대처 압류 및 저당 처리 성능 상태 점검기록부 차량 금액 외 별도 수수료 차량 이전등록 차량 체크사항 알림등록 비슷한 조건의 동일한 모델이 신규매물로 등록되면 알려드릴까요? 알림등록 289만원 총비용계산기 보험료 계산 대출상품 조회 리스상품 조회 보험이력 11건 성능점검내역 일반/엔카직영 신차가격표 판매자 문의하기 중고차시세 팔린매물 동급매물 엔카 중고차론 금융사 비교하고 제휴 추가할인 금리 4.9% 부터~ 닫기 허위매물 단속 및 매매관련 분쟁 처리 등을 위해 050안심번호로문의하면 전화번호와 통화내용이 엔카에 자동 저장됩니다.050도움말 엔카는 등록 시스템만을 제공하며, 판매자가 직접 등록한 차량의 모든 책임은 판매자에게 있습니다. 신고하기 회사소개인재채용클린엔카지점안내엔카직영성능점검장안내매매지원이용약관고객센터디스플레이광고개인정보처리방침금융소비자보호원격지원서비스 네이버 블로그 인스타그램 유튜브 페이스북 패밀리사이트 O2O를 잇는 신뢰와 기술로 차량을 사고 파는 모습의 진화를 만듭니다 고객센터 : 1599-5455FAX : 02-754-8768대표메일 : trust@encar.com주소 : 서울특별시 중구 통일로2길 16, 18~19층(순화동) 사업자 등록번호 : 104-86-54476통신판매업신고 : 제2014-서울중구-0393호대표자 : 김상범Copyright © 엔카닷컴(주) 내 차를 최고가에 팔고, 믿고 사는 가장 좋은 방법. 엔카닷컴(주) 엔카닷컴(주)는 통신판매중개자로서 통신판매의 당사자가 아니며, 상품·거래정보, 거래에 대하여 책임을 지지 않습니다."
41315293,YF 쏘나타CVVL 럭셔리 연식,12/07식,145530,가솔린,서울,8,https://fem.encar.com/cars/detail/41315293?advClickPosition=mweb_mhightlight_g186_t400&listAdvType=mhighlight&type=detail&view_type=hs_ad,"엔카 기본정보 옵션정보 차량상태 보증현황 엔카서비스 딜러 셀프등록 로그인/회원가입 채팅 전체메뉴 열기 엔카믿고 등록번호 41126668조회수 519찜 19 신고하기 프린트 공유하기 찜하기 #양호#HOT#비흡연 엔카실촬영,개선형엔진,노킹없음,버튼시동,열선시트,후방카메라 이전이미지 다음이미지 1 / 16 사진 모두보기 YF 쏘나타CVVL 럭셔리 연식 12/07식 연형정보 주행거리 145,530km 연료 가솔린 차량번호 22다6262 자세히 엔카를 통한 구매는 환불을 보장합니다 엔카믿고 차량확인 시원하는 곳으로 배송 구매 시7일간 타보고 환불가능 옵션 정보더보기 주요옵션 옵션 설명 보기 선루프 없음 헤드램프 (HID) 없음 주차감지센서 있음 후방카메라 있음 자동에어컨 있음 스마트키 있음 내비게이션 없음 열선시트 있음 통풍시트 없음 가죽시트 있음 29개 옵션 모두보기 이 차만의 옵션더보기 화이트 크리스탈(WHC) 외장컬러선택옵션설명 자세히보기 8만원 차량 상태 엔카가 차량상태를 확인했어요 더보기 외관 스크래치, 등화장치, 타이어 상태, 실내 냄새까지 엔카 진단센터에서 직접 확인했어요. 차량 키 개수 2개 틴팅(앞 유리) 있음 타이어트레드 잔량 (앞) 툴팁 4mm 타이어트레드 잔량 (뒤) 툴팁 4mm 더보기 차량관리상태 모두보기 성능점검을 등록한 차량이에요 제시번호 : 20251597681 교환 3 판금 1 부식 없음 성능기록부 자세히보기 차량이력 내차 피해 총 5,682,203원 (5회) 타차 가해 총 944,980원 (2회) 특이 사항 없음 차량이력 자세히 보기 보증 현황 제조사 보증제조사보증도움말 일반/차체 엔진/미션 엔카를 통해 구매하기 엔카믿고 제공혜택 차량확인 시원하는 곳으로 배송 구매 시7일간 타보고 환불가능 집앞으로 배송받기 엔카 전담 상담원 엔카 매니저 고객님과 꼼꼼히 상담 후 배송해드린 차량을 7일간 타보세요. 대출 상담부터 스크래치 확인까지 1:1로 엔카매니저가 모두 도와드리는 서비스 입니다. 판매자 정보 엔카금융 1분만에 한도/금리 비교 다양한 금융사의 금리를 비교해보세요 방문없이 조회가 가능해요 신용점수에 영향이 없어요 금리 비교하기 구매 가이드 허위매물 대처 압류 및 저당 처리 성능 상태 점검기록부 차량 금액 외 별도 수수료 차량 이전등록 차량 체크사항 알림등록 비슷한 조건의 동일한 모델이 신규매물로 등록되면 알려드릴까요? 알림등록 350만원 총비용계산기 보험료 계산 대출상품 조회 리스상품 조회 보험이력 7건 성능점검내역 일반/엔카직영 신차대비 14% 신차가격표 문의하기 엔카를 통해 구매하기 중고차시세 팔린매물 동급매물 엔카 중고차론 금융사 비교하고 제휴 추가할인 금리 4.9% 부터~ 닫기 허위매물 단속 및 매매관련 분쟁 처리 등을 위해 050안심번호로문의하면 전화번호와 통화내용이 엔카에 자동 저장됩니다.050도움말 회사소개인재채용클린엔카지점안내엔카직영성능점검장안내매매지원이용약관고객센터디스플레이광고개인정보처리방침금융소비자보호원격지원서비스 네이버 블로그 인스타그램 유튜브 페이스북 패밀리사이트 O2O를 잇는 신뢰와 기술로 차량을 사고 파는 모습의 진화를 만듭니다 고객센터 : 1599-5455FAX : 02-754-8768대표메일 : trust@encar.com주소 : 서울특별시 중구 통일로2길 16, 18~19층(순화동) 사업자 등록번호 : 104-86-54476통신판매업신고 : 제2014-서울중구-0393호대표자 : 김상범Copyright © 엔카닷컴(주) 내 차를 최고가에 팔고, 믿고 사는 가장 좋은 방법. 엔카닷컴(주) 엔카닷컴(주)는 통신판매중개자로서 통신판매의 당사자가 아니며, 상품·거래정보, 거래에 대하여 책임을 지지 않습니다."
40955076,YF 쏘나타Y20 프라임고급형 연식,10/05식,136187,가솔린,서울,135,https://fem.encar.com/cars/detail/40955076?advClickPosition=mweb_mhightlight_g187_t400&listAdvType=mhighlight&type=detail&view_type=normal,"엔카 기본정보 옵션정보 차량상태 보증현황 엔카서비스 딜러 셀프등록 로그인/회원가입 채팅 전체메뉴 엔카믿고 등록번호 40955073조회수 1,435찜 8 신고하기 프린트 공유하기 찜하기 #양호#HOT#COOL 가성비 끝판왕 !! 이전이미지 다음이미지 1 / 21 사진 모두보기 YF 쏘나타Y20 프라임고급형 연식 10/05식 연형정보 주행거리 136,187km 연료 가솔린 차량번호 64러9792 자세히 엔카를 통한 구매는 환불을 보장합니다 엔카믿고 차량확인 시안심거래존 방문 구매 시7일간 타보고 환불가능 옵션 정보더보기 주요옵션 옵션 설명 보기 선루프 없음 헤드램프 (HID) 없음 주차감지센서 있음 후방카메라 있음 자동에어컨 있음 스마트키 없음 내비게이션 있음 열선시트 있음 통풍시트 없음 가죽시트 있음 25개 옵션 모두보기 이 차만의 옵션더보기 Intelligent DMB 네비게이션(외장형 앰프,서브 우퍼, 음성 인식 포함) 135만원 차량 상태 엔카가 차량상태를 확인했어요 더보기 외관 스크래치, 등화장치, 타이어 상태, 실내 냄새까지 엔카 진단센터에서 직접 확인했어요. 차량 키 개수 1개 틴팅(앞 유리) 있음 타이어트레드 잔량 (앞) 툴팁 7mm 타이어트레드 잔량 (뒤) 툴팁 7mm 더보기 차량관리상태 모두보기 성능점검을 등록한 차량이에요 제시번호 : 20251118 교환 1 판금 2 부식 없음 성능기록부 자세히보기 차량이력 내차 피해 총 1,610,378원 (3회) 타차 가해 총 1,423,862원 (2회) 특이 사항 렌트 이력 차량이력 자세히 보기 보증 현황 제조사 보증제조사보증도움말 일반/차체 엔진/미션 엔카를 통해 구매하기 엔카믿고 제공혜택 차량확인 시안심거래존 방문 구매 시7일간 타보고 환불가능 전문가 동행 요청하기 차량 구입의 모든것을 도와드립니다. 엔카 전담 상담원 엔카 매니저 위치 판매자 정보 엔카금융 1분만에 한도/금리 비교 다양한 금융사의 금리를 비교해보세요 방문없이 조회가 가능해요 신용점수에 영향이 없어요 금리 비교하기 구매 가이드 허위매물 대처 압류 및 저당 처리 성능 상태 점검기록부 차량 금액 외 별도 수수료 차량 이전등록 차량 체크사항 알림등록 비슷한 조건의 동일한 모델이 신규매물로 등록되면 알려드릴까요? 알림등록 430만원 총비용계산기 보험료 계산 대출상품 조회 리스상품 조회 보험이력 5건 성능점검내역 일반/엔카직영 신차대비 17% 신차가격표 문의하기 엔카를 통해 구매하기 중고차시세 팔린매물 동급매물 엔카 중고차론 금융사 비교하고 제휴 추가할인 금리 4.9% 부터~ 닫기 허위매물 단속 및 매매관련 분쟁 처리 등을 위해 050안심번호로문의하면 전화번호와 통화내용이 엔카에 자동 저장됩니다.050도움말 회사소개인재채용클린엔카지점안내엔카직영성능점검장안내매매지원이용약관고객센터디스플레이광고개인정보처리방침금융소비자보호원격지원서비스 네이버 블로그 인스타그램 유튜브 페이스북 패밀리사이트 O2O를 잇는 신뢰와 기술로 차량을 사고 파는 모습의 진화를 만듭니다 고객센터 : 1599-5455FAX : 02-754-8768대표메일 : trust@encar.com주소 : 서울특별시 중구 통일로2길 16, 18~19층(순화동) 사업자 등록번호 : 104-86-54476통신판매업신고 : 제2014-서울중구-0393호대표자 : 김상범Copyright © 엔카닷컴(주) 내 차를 최고가에 팔고, 믿고 사는 가장 좋은 방법. 엔카닷컴(주) 엔카닷컴(주)는 통신판매중개자로서 통신판매의 당사자가 아니며, 상품·거래정보, 거래에 대하여 책임을 지지 않습니다."
41126668,YF 쏘나타CVVL 럭셔리 연식,12/07식,145530,가솔린,서울,8,https://fem.encar.com/cars/detail/41126668?advClickPosition=mweb_mhightlight_g188_t400&listAdvType=mhighlight&type=detail&view_type=normal,"엔카 기본정보 옵션정보 차량상태 보증현황 판매자 정보 딜러 셀프등록 로그인/회원가입 채팅 전체메뉴 열기 등록번호 41126668조회수 520찜 1 신고하기 프린트 공유하기 찜하기 #양호#HOT#비흡연 엔카실촬영,개선형엔진,노킹없음,버튼시동,열선시트,후방카메라 이전이미지 다음이미지 1 / 16 사진 모두보기 YF 쏘나타CVVL 럭셔리 연식 12/07식 연형정보 주행거리 145,530km 연료 가솔린 차량번호 22다6262 자세히 옵션 정보더보기 주요옵션 옵션 설명 보기 선루프 없음 헤드램프 (HID) 없음 주차감지센서 있음 후방카메라 있음 자동에어컨 있음 스마트키 있음 내비게이션 없음 열선시트 있음 통풍시트 없음 가죽시트 있음 29개 옵션 모두보기 이 차만의 옵션더보기 화이트 크리스탈(WHC) 외장컬러선택옵션설명 자세히보기 8만원 차량 상태 성능점검을 등록한 차량이에요 제시번호 : 20251597681 교환 3 판금 1 부식 없음 성능기록부 자세히보기 차량이력 내차 피해 총 5,682,203원 (5회) 타차 가해 총 944,980원 (2회) 특이 사항 없음 차량이력 자세히 보기 보증 현황 제조사 보증제조사보증도움말 일반/차체 엔진/미션 엔카금융 1분만에 한도/금리 비교 다양한 금융사의 금리를 비교해보세요 방문없이 조회가 가능해요 신용점수에 영향이 없어요 금리 비교하기 판매자 정보 판매자정보사진 솔카송대현매매 판매자 정보 판매중22판매완료220 경기 수원시 권선구 권선로 341 종사원증번호 GC23-00378상사/조합정보 이 차량을 '엔카믿고'로 신청하시면 엔카가 거래 과정을 함께 합니다. 엔카에 거래 도움받기 구매 가이드 허위매물 대처 압류 및 저당 처리 성능 상태 점검기록부 차량 금액 외 별도 수수료 차량 이전등록 차량 체크사항 알림등록 비슷한 조건의 동일한 모델이 신규매물로 등록되면 알려드릴까요? 알림등록 350만원 총비용계산기 보험료 계산 대출상품 조회 리스상품 조회 보험이력 7건 성능점검내역 일반/엔카직영 신차대비 14% 신차가격표 판매자 문의하기 중고차시세 팔린매물 동급매물 엔카 중고차론 금융사 비교하고 제휴 추가할인 금리 4.9% 부터~ 닫기 허위매물 단속 및 매매관련 분쟁 처리 등을 위해 050안심번호로문의하면 전화번호와 통화내용이 엔카에 자동 저장됩니다.050도움말 엔카는 등록 시스템만을 제공하며, 판매자가 직접 등록한 차량의 모든 책임은 판매자에게 있습니다. 신고하기 회사소개인재채용클린엔카지점안내엔카직영성능점검장안내매매지원이용약관고객센터디스플레이광고개인정보처리방침금융소비자보호원격지원서비스 네이버 블로그 인스타그램 유튜브 페이스북 패밀리사이트 O2O를 잇는 신뢰와 기술로 차량을 사고 파는 모습의 진화를 만듭니다 고객센터 : 1599-5455FAX : 02-754-8768대표메일 : trust@encar.com주소 : 서울특별시 중구 통일로2길 16, 18~19층(순화동) 사업자 등록번호 : 104-86-54476통신판매업신고 : 제2014-서울중구-0393호대표자 : 김상범Copyright © 엔카닷컴(주) 내 차를 최고가에 팔고, 믿고 사는 가장 좋은 방법. 엔카닷컴(주) 엔카닷컴(주)는 통신판매중개자로서 통신판매의 당사자가 아니며, 상품·거래정보, 거래에 대하여 책임을 지지 않습니다."
41307713,YF 쏘나타LPI 탑 연식,10/09식,185972,LPG(일반인 구입),서울,319,https://fem.encar.com/cars/detail/41307713?advClickPosition=mweb_mhightlight_g190_t400&listAdvType=mhighlight&type=detail&view_type=normal,"엔카 기본정보 옵션정보 차량상태 보증현황 판매자 정보 딜러 셀프등록 로그인/회원가입 채팅 전체메뉴 등록번호 41307713조회수 26찜 0 신고하기 프린트 공유하기 찜하기 #HOT#COOL#양호 엔카 실촬영 이전이미지 다음이미지 1 / 20 사진 모두보기 YF 쏘나타LPI 탑 연식 10/09식 연형정보 주행거리 185,972km 연료 LPG(일반인 구입) 차량번호 62보2317 자세히 옵션 정보더보기 주요옵션 옵션 설명 보기 선루프 없음 헤드램프 (HID) 없음 주차감지센서 있음 후방카메라 없음 자동에어컨 있음 스마트키 없음 내비게이션 없음 열선시트 있음 통풍시트 없음 가죽시트 있음 21개 옵션 모두보기 차량 상태 성능점검을 등록한 차량이에요 제시번호 : 2025060746 본 차량의 성능 점검 기록부는 판매자가 사진으로 등록했습니다. 성능기록부 자세히보기 차량이력 내차 피해 총 1,506,674원 (2회) 타차 가해 없음 특이 사항 없음 차량이력 자세히 보기 보증 현황 제조사 보증제조사보증도움말 일반/차체 엔진/미션 엔카금융 1분만에 한도/금리 비교 다양한 금융사의 금리를 비교해보세요 방문없이 조회가 가능해요 신용점수에 영향이 없어요 금리 비교하기 판매자 정보 판매자정보사진 아크모터스김병문매매 판매자 정보 판매중30판매완료22 경북 영천시 금호로 461 종사원증번호 2505401076상사/조합정보 구매 가이드 허위매물 대처 압류 및 저당 처리 성능 상태 점검기록부 차량 금액 외 별도 수수료 차량 이전등록 차량 체크사항 알림등록 비슷한 조건의 동일한 모델이 신규매물로 등록되면 알려드릴까요? 알림등록 319만원 총비용계산기 보험료 계산 대출상품 조회 리스상품 조회 보험이력 2건 성능점검내역 일반/엔카직영 신차가격표 판매자 문의하기 중고차시세 팔린매물 동급매물 엔카 중고차론 금융사 비교하고 제휴 추가할인 금리 4.9% 부터~ 닫기 허위매물 단속 및 매매관련 분쟁 처리 등을 위해 050안심번호로문의하면 전화번호와 통화내용이 엔카에 자동 저장됩니다.050도움말 엔카는 등록 시스템만을 제공하며, 판매자가 직접 등록한 차량의 모든 책임은 판매자에게 있습니다. 신고하기 회사소개인재채용클린엔카지점안내엔카직영성능점검장안내매매지원이용약관고객센터디스플레이광고개인정보처리방침금융소비자보호원격지원서비스 네이버 블로그 인스타그램 유튜브 페이스북 패밀리사이트 O2O를 잇는 신뢰와 기술로 차량을 사고 파는 모습의 진화를 만듭니다 고객센터 : 1599-5455FAX : 02-754-8768대표메일 : trust@encar.com주소 : 서울특별시 중구 통일로2길 16, 18~19층(순화동) 사업자 등록번호 : 104-86-54476통신판매업신고 : 제2014-서울중구-0393호대표자 : 김상범Copyright © 엔카닷컴(주) 내 차를 최고가에 팔고, 믿고 사는 가장 좋은 방법. 엔카닷컴(주) 엔카닷컴(주)는 통신판매중개자로서 통신판매의 당사자가 아니며, 상품·거래정보, 거래에 대하여 책임을 지지 않습니다."
39741733,YF 쏘나타LPI 프리미어(장애인용) 연식,10/07식,79266,LPG(일반인 구입),서울,460,https://fem.encar.com/cars/detail/39741733?advClickPosition=mweb_mhightlight_g191_t400&listAdvType=mhighlight&type=detail&view_type=checked,"엔카 기본정보 옵션정보 차량상태 보증현황 판매자 정보 딜러 셀프등록 로그인/회원가입 채팅 전체메뉴 열기 엔카진단 등록번호 39741733조회수 616찜 15 신고하기 프린트 공유하기 찜하기 이전이미지 다음이미지 1 / 20 사진 모두보기 YF 쏘나타LPI 프리미어(장애인용) 연식 10/07식 연형정보 주행거리 79,266km 연료 LPG(일반인 구입) 차량번호 56노5838 자세히 엔카가 아래 사항을 모두 진단 하였습니다 툴팁 엔카진단 프레임무사고 확인 옵션 정보더보기 주요옵션 옵션 설명 보기 선루프 없음 헤드램프 (HID) 없음 주차감지센서 있음 후방카메라 있음 자동에어컨 있음 스마트키 있음 내비게이션 있음 열선시트 있음 통풍시트 없음 가죽시트 있음 28개 옵션 모두보기 이 차를 추천하는 이유더보기 가성비 좋은 출퇴근 차량을 찾고 계신가요? 연식 대비 짧은 키로수로 버튼류 손상 없이 깔끔한 실내 컨디션을 보여주는 쏘나타 차량입니다. 차량 상태 엔카진단 엔카가 무사고 진단을 했어요 프레임 진단 정상 외부패널 진단 교환 엔카진단 자세히 보기 성능점검을 등록한 차량이에요 제시번호 : 2526210092 교환 1 판금 2 부식 없음 성능기록부 자세히보기 차량이력 내차 피해 총 3,790,468원 (4회) 타차 가해 총 2,278,200원 (2회) 특이 사항 없음 차량이력 자세히 보기 보증 현황 제조사 보증제조사보증도움말 일반/차체 엔진/미션 엔카금융 1분만에 한도/금리 비교 다양한 금융사의 금리를 비교해보세요 방문없이 조회가 가능해요 신용점수에 영향이 없어요 금리 비교하기 판매자 정보 판매자정보사진 그린모터스김원민매매 판매자 정보 판매중11판매완료52 서울 강남구 종사원증번호 SS21-00177상사/조합정보 구매 가이드 허위매물 대처 압류 및 저당 처리 성능 상태 점검기록부 차량 금액 외 별도 수수료 차량 이전등록 차량 체크사항 알림등록 비슷한 조건의 동일한 모델이 신규매물로 등록되면 알려드릴까요? 알림등록 460만원 총비용계산기 보험료 계산 대출상품 조회 리스상품 조회 보험이력 6건 성능점검내역 일반/엔카직영 신차가격표 판매자 문의하기 중고차시세 팔린매물 동급매물 엔카 중고차론 금융사 비교하고 제휴 추가할인 금리 4.9% 부터~ 닫기 허위매물 단속 및 매매관련 분쟁 처리 등을 위해 050안심번호로문의하면 전화번호와 통화내용이 엔카에 자동 저장됩니다.050도움말 엔카는 등록 시스템만을 제공하며, 판매자가 직접 등록한 차량의 모든 책임은 판매자에게 있습니다. 신고하기 회사소개인재채용클린엔카지점안내엔카직영성능점검장안내매매지원이용약관고객센터디스플레이광고개인정보처리방침금융소비자보호원격지원서비스 네이버 블로그 인스타그램 유튜브 페이스북 패밀리사이트 O2O를 잇는 신뢰와 기술로 차량을 사고 파는 모습의 진화를 만듭니다 고객센터 : 1599-5455FAX : 02-754-8768대표메일 : trust@encar.com주소 : 서울특별시 중구 통일로2길 16, 18~19층(순화동) 사업자 등록번호 : 104-86-54476통신판매업신고 : 제2014-서울중구-0393호대표자 : 김상범Copyright © 엔카닷컴(주) 내 차를 최고가에 팔고, 믿고 사는 가장 좋은 방법. 엔카닷컴(주) 엔카닷컴(주)는 통신판매중개자로서 통신판매의 당사자가 아니며, 상품·거래정보, 거래에 대하여 책임을 지지 않습니다."
41197305,YF 쏘나타LPI 프리미어 연식,11/10식,137088,LPG(일반인 구입),서울,370,https://fem.encar.com/cars/detail/41197305?advClickPosition=mweb_mhightlight_g192_t400&listAdvType=mhighlight&type=detail&view_type=normal,"엔카 기본정보 옵션정보 차량상태 보증현황 판매자 정보 딜러 셀프등록 로그인/회원가입 채팅 전체메뉴 열기 등록번호 41197305조회수 217찜 2 신고하기 프린트 공유하기 찜하기 #LPG#1인소유#짧은Km 1인신조,용도이력없음,누우엔진,정비완료 이전이미지 다음이미지 1 / 20 사진 모두보기 YF 쏘나타LPI 프리미어 연식 11/10식 (12년형) 연형정보 주행거리 137,088km 연료 LPG(일반인 구입) 차량번호 69오5866 자세히 옵션 정보더보기 주요옵션 옵션 설명 보기 선루프 없음 헤드램프 (HID) 없음 주차감지센서 있음 후방카메라 있음 자동에어컨 있음 스마트키 없음 내비게이션 있음 열선시트 없음 통풍시트 없음 가죽시트 있음 27개 옵션 모두보기 차량 상태 성능점검을 등록한 차량이에요 제시번호 : 2121546 교환 8 판금 2 부식 없음 성능기록부 자세히보기 차량이력 내차 피해 총 4,991,009원 (3회) 타차 가해 총 3,869,700원 (3회) 특이 사항 없음 차량이력 자세히 보기 보증 현황 제조사 보증제조사보증도움말 일반/차체 엔진/미션 엔카금융 1분만에 한도/금리 비교 다양한 금융사의 금리를 비교해보세요 방문없이 조회가 가능해요 신용점수에 영향이 없어요 금리 비교하기 판매자 정보 판매자정보사진 (주)애니카모터스이영록매매 판매자 정보 판매중19판매완료69 경기 부천시 오정구 송내대로 450 종사원증번호 gg25-00690상사/조합정보 구매 가이드 허위매물 대처 압류 및 저당 처리 성능 상태 점검기록부 차량 금액 외 별도 수수료 차량 이전등록 차량 체크사항 알림등록 비슷한 조건의 동일한 모델이 신규매물로 등록되면 알려드릴까요? 알림등록 370만원 총비용계산기 보험료 계산 대출상품 조회 리스상품 조회 보험이력 6건 성능점검내역 일반/엔카직영 신차가격표 판매자 문의하기 중고차시세 팔린매물 동급매물 엔카 중고차론 금융사 비교하고 제휴 추가할인 금리 4.9% 부터~ 닫기 허위매물 단속 및 매매관련 분쟁 처리 등을 위해 050안심번호로문의하면 전화번호와 통화내용이 엔카에 자동 저장됩니다.050도움말 엔카는 등록 시스템만을 제공하며, 판매자가 직접 등록한 차량의 모든 책임은 판매자에게 있습니다. 신고하기 회사소개인재채용클린엔카지점안내엔카직영성능점검장안내매매지원이용약관고객센터디스플레이광고개인정보처리방침금융소비자보호원격지원서비스 네이버 블로그 인스타그램 유튜브 페이스북 패밀리사이트 O2O를 잇는 신뢰와 기술로 차량을 사고 파는 모습의 진화를 만듭니다 고객센터 : 1599-5455FAX : 02-754-8768대표메일 : trust@encar.com주소 : 서울특별시 중구 통일로2길 16, 18~19층(순화동) 사업자 등록번호 : 104-86-54476통신판매업신고 : 제2014-서울중구-0393호대표자 : 김상범Copyright © 엔카닷컴(주) 내 차를 최고가에 팔고, 믿고 사는 가장 좋은 방법. 엔카닷컴(주) 엔카닷컴(주)는 통신판매중개자로서 통신판매의 당사자가 아니며, 상품·거래정보, 거래에 대하여 책임을 지지 않습니다."
41517668,YF 쏘나타CVVL 프리미어 연식,12/04식,94191,가솔린,서울,8,https://fem.encar.com/cars/detail/41517668?advClickPosition=mweb_mhightlight_g193_t400&listAdvType=mhighlight&type=detail&view_type=normal,"엔카 기본정보 옵션정보 차량상태 보증현황 판매자 정보 딜러 셀프등록 로그인/회원가입 채팅 전체메뉴 열기 등록번호 41517668조회수 166찜 1 신고하기 프린트 공유하기 찜하기 이전이미지 다음이미지 1 / 20 사진 모두보기 YF 쏘나타CVVL 프리미어 연식 12/04식 연형정보 주행거리 94,191km 연료 가솔린 차량번호 27저7997 자세히 옵션 정보더보기 주요옵션 옵션 설명 보기 선루프 있음 헤드램프 (HID) 없음 주차감지센서 있음 후방카메라 있음 자동에어컨 있음 스마트키 있음 내비게이션 있음 열선시트 있음 통풍시트 없음 가죽시트 있음 34개 옵션 모두보기 이 차만의 옵션더보기 화이트 크리스탈(WHC) 외장컬러선택옵션설명 자세히보기 8만원 3피스 타입 파노라마 썬루프(전동식 롤 블라인드) 115만원 Intelligent DMB 내비게이션(외장형 앰프, 서브우퍼, 음성 인식, 후방카메라, 후방주차가이드 시스템 포함) 160만원 차량 상태 성능점검을 등록한 차량이에요 제시번호 : 2026018300 교환 없음 판금 없음 부식 없음 성능기록부 자세히보기 보증 현황 제조사 보증제조사보증도움말 일반/차체 엔진/미션 엔카금융 1분만에 한도/금리 비교 다양한 금융사의 금리를 비교해보세요 방문없이 조회가 가능해요 신용점수에 영향이 없어요 금리 비교하기 판매자 정보 판매자정보사진 롯데상사최정훈매매 판매자 정보 판매중25판매완료152 부산 연제구 거제천로 174 종사원증번호 10-051-00985상사/조합정보 구매 가이드 허위매물 대처 압류 및 저당 처리 성능 상태 점검기록부 차량 금액 외 별도 수수료 차량 이전등록 차량 체크사항 알림등록 비슷한 조건의 동일한 모델이 신규매물로 등록되면 알려드릴까요? 알림등록 659만원 총비용계산기 보험료 계산 대출상품 조회 리스상품 조회 보험이력 공개 성능점검내역 일반/엔카직영 신차대비 23% 신차가격표 판매자 문의하기 중고차시세 팔린매물 동급매물 엔카 중고차론 금융사 비교하고 제휴 추가할인 금리 4.9% 부터~ 닫기 허위매물 단속 및 매매관련 분쟁 처리 등을 위해 050안심번호로문의하면 전화번호와 통화내용이 엔카에 자동 저장됩니다.050도움말 엔카는 등록 시스템만을 제공하며, 판매자가 직접 등록한 차량의 모든 책임은 판매자에게 있습니다. 신고하기 회사소개인재채용클린엔카지점안내엔카직영성능점검장안내매매지원이용약관고객센터디스플레이광고개인정보처리방침금융소비자보호원격지원서비스 네이버 블로그 인스타그램 유튜브 페이스북 패밀리사이트 O2O를 잇는 신뢰와 기술로 차량을 사고 파는 모습의 진화를 만듭니다 고객센터 : 1599-5455FAX : 02-754-8768대표메일 : trust@encar.com주소 : 서울특별시 중구 통일로2길 16, 18~19층(순화동) 사업자 등록번호 : 104-86-54476통신판매업신고 : 제2014-서울중구-0393호대표자 : 김상범Copyright © 엔카닷컴(주) 내 차를 최고가에 팔고, 믿고 사는 가장 좋은 방법. 엔카닷컴(주) 엔카닷컴(주)는 통신판매중개자로서 통신판매의 당사자가 아니며, 상품·거래정보, 거래에 대하여 책임을 지지 않습니다."
41625508,YF 쏘나타Y20 프라임고급형 연식,10/03식,86116,가솔린,서울,25,https://fem.encar.com/cars/detail/41625508?advClickPosition=mweb_mhightlight_g194_t400&listAdvType=mhighlight&type=detail&view_type=checked,"엔카 기본정보 옵션정보 차량상태 보증현황 판매자 정보 딜러 셀프등록 로그인/회원가입 채팅 전체메뉴 열기 엔카진단 등록번호 41625508조회수 43찜 1 신고하기 프린트 공유하기 찜하기 이전이미지 다음이미지 1 / 20 사진 모두보기 YF 쏘나타Y20 프라임고급형 연식 10/03식 연형정보 주행거리 86,116km 연료 가솔린 차량번호 24너3529 자세히 엔카가 아래 사항을 모두 진단 하였습니다 툴팁 엔카진단 프레임무사고 확인 옵션 정보더보기 주요옵션 옵션 설명 보기 선루프 없음 헤드램프 (HID) 없음 주차감지센서 있음 후방카메라 있음 자동에어컨 있음 스마트키 없음 내비게이션 있음 열선시트 있음 통풍시트 없음 가죽시트 있음 27개 옵션 모두보기 이 차만의 옵션더보기 하이패스 시스템(ECM 룸미러 포함) 25만원 이 차를 추천하는 이유더보기 세월을 함께한 차량이지만 사용감이 쉽게 드러나는 키박스 주변까지 큰 흠집 없이 깔끔하게 보존된 관리 상태를 확인! 비상 상황에 대비한 보조키까지 함께 구비 :) 차량 상태 엔카진단 엔카가 무사고 진단을 했어요 프레임 진단 정상 외부패널 진단 정상 엔카진단 자세히 보기 성능점검을 등록한 차량이에요 제시번호 : 20261463 교환 없음 판금 없음 부식 없음 성능기록부 자세히보기 차량이력 내차 피해 총 1,051,386원 (1회) 타차 가해 총 717,473원 (2회) 특이 사항 없음 차량이력 자세히 보기 보증 현황 제조사 보증제조사보증도움말 일반/차체 엔진/미션 엔카금융 1분만에 한도/금리 비교 다양한 금융사의 금리를 비교해보세요 방문없이 조회가 가능해요 신용점수에 영향이 없어요 금리 비교하기 판매자 정보 판매자정보사진 정진엠티에스박상준매매 판매자 정보 판매중24판매완료81 부산 연제구 종사원증번호 11-051-26836상사/조합정보 구매 가이드 허위매물 대처 압류 및 저당 처리 성능 상태 점검기록부 차량 금액 외 별도 수수료 차량 이전등록 차량 체크사항 알림등록 비슷한 조건의 동일한 모델이 신규매물로 등록되면 알려드릴까요? 알림등록 450만원 총비용계산기 보험료 계산 대출상품 조회 리스상품 조회 보험이력 3건 성능점검내역 일반/엔카직영 신차대비 -% 신차가격표 판매자 문의하기 중고차시세 팔린매물 동급매물 엔카 중고차론 금융사 비교하고 제휴 추가할인 금리 4.9% 부터~ 닫기 허위매물 단속 및 매매관련 분쟁 처리 등을 위해 050안심번호로문의하면 전화번호와 통화내용이 엔카에 자동 저장됩니다.050도움말 엔카는 등록 시스템만을 제공하며, 판매자가 직접 등록한 차량의 모든 책임은 판매자에게 있습니다. 신고하기 회사소개인재채용클린엔카지점안내엔카직영성능점검장안내매매지원이용약관고객센터디스플레이광고개인정보처리방침금융소비자보호원격지원서비스 네이버 블로그 인스타그램 유튜브 페이스북 패밀리사이트 O2O를 잇는 신뢰와 기술로 차량을 사고 파는 모습의 진화를 만듭니다 고객센터 : 1599-5455FAX : 02-754-8768대표메일 : trust@encar.com주소 : 서울특별시 중구 통일로2길 16, 18~19층(순화동) 사업자 등록번호 : 104-86-54476통신판매업신고 : 제2014-서울중구-0393호대표자 : 김상범Copyright © 엔카닷컴(주) 내 차를 최고가에 팔고, 믿고 사는 가장 좋은 방법. 엔카닷컴(주) 엔카닷컴(주)는 통신판매중개자로서 통신판매의 당사자가 아니며, 상품·거래정보, 거래에 대하여 책임을 지지 않습니다."
41005014,YF 쏘나타LPI 럭셔리 연식,10/09식,239324,LPG(일반인 구입),서울,250,https://fem.encar.com/cars/detail/41005014?advClickPosition=mweb_mhightlight_g195_t400&listAdvType=mhighlight&type=detail&view_type=checked,"엔카 기본정보 옵션정보 차량상태 보증현황 판매자 정보 딜러 셀프등록 로그인/회원가입 채팅 전체메뉴 엔카진단 등록번호 41005014조회수 518찜 8 신고하기 프린트 공유하기 찜하기 이전이미지 다음이미지 1 / 20 사진 모두보기 YF 쏘나타LPI 럭셔리 연식 10/09식 (11년형) 연형정보 주행거리 239,324km 연료 LPG(일반인 구입) 차량번호 38나6173 자세히 엔카가 아래 사항을 모두 진단 하였습니다 툴팁 엔카진단 프레임무사고 확인 옵션 정보더보기 주요옵션 옵션 설명 보기 선루프 없음 헤드램프 (HID) 없음 주차감지센서 있음 후방카메라 있음 자동에어컨 없음 스마트키 없음 내비게이션 있음 열선시트 없음 통풍시트 없음 가죽시트 있음 17개 옵션 모두보기 이 차를 추천하는 이유더보기 타이어 4본 모두 트레드 잔량이 우수한 상태로 구매 이후 추가 지출을 줄여주며 LPG를 사용해 연료비 부담도 덜한 가성비 있는 쏘나타 차량입니다+ 차량 상태 엔카진단 엔카가 무사고 진단을 했어요 프레임 진단 정상 외부패널 진단 정상 엔카진단 자세히 보기 성능점검을 등록한 차량이에요 제시번호 : 2025101515 교환 없음 판금 1 부식 없음 성능기록부 자세히보기 차량이력 내차 피해 총 2,287,263원 (2회) 타차 가해 총 1,610,000원 (1회) 특이 사항 렌트 이력 차량이력 자세히 보기 보증 현황 제조사 보증제조사보증도움말 일반/차체 엔진/미션 엔카금융 1분만에 한도/금리 비교 다양한 금융사의 금리를 비교해보세요 방문없이 조회가 가능해요 신용점수에 영향이 없어요 금리 비교하기 판매자 정보 판매자정보사진 (주)뉴광주모터스이민준매매 판매자 정보 판매중14판매완료70 광주 서구 종사원증번호 18-062-00552상사/조합정보 구매 가이드 허위매물 대처 압류 및 저당 처리 성능 상태 점검기록부 차량 금액 외 별도 수수료 차량 이전등록 차량 체크사항 알림등록 비슷한 조건의 동일한 모델이 신규매물로 등록되면 알려드릴까요? 알림등록 250만원 총비용계산기 보험료 계산 대출상품 조회 리스상품 조회 보험이력 3건 성능점검내역 일반/엔카직영 신차가격표 판매자 문의하기 중고차시세 팔린매물 동급매물 엔카 중고차론 금융사 비교하고 제휴 추가할인 금리 4.9% 부터~ 닫기 허위매물 단속 및 매매관련 분쟁 처리 등을 위해 050안심번호로문의하면 전화번호와 통화내용이 엔카에 자동 저장됩니다.050도움말 엔카는 등록 시스템만을 제공하며, 판매자가 직접 등록한 차량의 모든 책임은 판매자에게 있습니다. 신고하기 회사소개인재채용클린엔카지점안내엔카직영성능점검장안내매매지원이용약관고객센터디스플레이광고개인정보처리방침금융소비자보호원격지원서비스 네이버 블로그 인스타그램 유튜브 페이스북 패밀리사이트 O2O를 잇는 신뢰와 기술로 차량을 사고 파는 모습의 진화를 만듭니다 고객센터 : 1599-5455FAX : 02-754-8768대표메일 : trust@encar.com주소 : 서울특별시 중구 통일로2길 16, 18~19층(순화동) 사업자 등록번호 : 104-86-54476통신판매업신고 : 제2014-서울중구-0393호대표자 : 김상범Copyright © 엔카닷컴(주) 내 차를 최고가에 팔고, 믿고 사는 가장 좋은 방법. 엔카닷컴(주) 엔카닷컴(주)는 통신판매중개자로서 통신판매의 당사자가 아니며, 상품·거래정보, 거래에 대하여 책임을 지지 않습니다."
40327289,YF 쏘나타LPI 럭셔리 연식,11/01식,212198,LPG(일반인 구입),서울,270,https://fem.encar.com/cars/detail/40327289?advClickPosition=mweb_mhightlight_g196_t400&listAdvType=mhighlight&type=detail&view_type=normal,"엔카 기본정보 옵션정보 차량상태 보증현황 판매자 정보 딜러 셀프등록 로그인/회원가입 채팅 전체메뉴 등록번호 40327289조회수 137찜 0 신고하기 프린트 공유하기 찜하기 이전이미지 다음이미지 1 / 20 사진 모두보기 YF 쏘나타LPI 럭셔리 연식 11/01식 연형정보 주행거리 212,198km 연료 LPG(일반인 구입) 차량번호 33조6329 자세히 옵션 정보더보기 주요옵션 옵션 설명 보기 선루프 없음 헤드램프 (HID) 없음 주차감지센서 있음 후방카메라 없음 자동에어컨 없음 스마트키 없음 내비게이션 없음 열선시트 없음 통풍시트 없음 가죽시트 없음 8개 옵션 모두보기 차량 상태 성능점검을 등록한 차량이에요 제시번호 : 202508012986 교환 없음 판금 없음 부식 없음 성능기록부 자세히보기 보증 현황 제조사 보증제조사보증도움말 일반/차체 엔진/미션 엔카금융 1분만에 한도/금리 비교 다양한 금융사의 금리를 비교해보세요 방문없이 조회가 가능해요 신용점수에 영향이 없어요 금리 비교하기 판매자 정보 판매자정보사진 동화자동차상사윤승현매매 판매자 정보 판매중8판매완료59 대구 달서구 종사원증번호 23-053-00402상사/조합정보 구매 가이드 허위매물 대처 압류 및 저당 처리 성능 상태 점검기록부 차량 금액 외 별도 수수료 차량 이전등록 차량 체크사항 알림등록 비슷한 조건의 동일한 모델이 신규매물로 등록되면 알려드릴까요? 알림등록 270만원 총비용계산기 보험료 계산 대출상품 조회 리스상품 조회 보험이력 공개 성능점검내역 일반/엔카직영 신차가격표 판매자 문의하기 중고차시세 팔린매물 동급매물 엔카 중고차론 금융사 비교하고 제휴 추가할인 금리 4.9% 부터~ 닫기 허위매물 단속 및 매매관련 분쟁 처리 등을 위해 050안심번호로문의하면 전화번호와 통화내용이 엔카에 자동 저장됩니다.050도움말 엔카는 등록 시스템만을 제공하며, 판매자가 직접 등록한 차량의 모든 책임은 판매자에게 있습니다. 신고하기 회사소개인재채용클린엔카지점안내엔카직영성능점검장안내매매지원이용약관고객센터디스플레이광고개인정보처리방침금융소비자보호원격지원서비스 네이버 블로그 인스타그램 유튜브 페이스북 패밀리사이트 O2O를 잇는 신뢰와 기술로 차량을 사고 파는 모습의 진화를 만듭니다 고객센터 : 1599-5455FAX : 02-754-8768대표메일 : trust@encar.com주소 : 서울특별시 중구 통일로2길 16, 18~19층(순화동) 사업자 등록번호 : 104-86-54476통신판매업신고 : 제2014-서울중구-0393호대표자 : 김상범Copyright © 엔카닷컴(주) 내 차를 최고가에 팔고, 믿고 사는 가장 좋은 방법. 엔카닷컴(주) 엔카닷컴(주)는 통신판매중개자로서 통신판매의 당사자가 아니며, 상품·거래정보, 거래에 대하여 책임을 지지 않습니다."
41639647,YF 쏘나타CVVL 프리미어 연식,12/05식,77544,가솔린,서울,8,https://fem.encar.com/cars/detail/41639647?advClickPosition=mweb_mhightlight_g197_t400&listAdvType=mhighlight&type=detail&view_type=hs_ad,"엔카 기본정보 옵션정보 차량상태 보증현황 엔카서비스 딜러 셀프등록 로그인/회원가입 채팅 전체메뉴 엔카진단+ 엔카믿고 등록번호 41632969조회수 43찜 1 신고하기 프린트 공유하기 찜하기 이전이미지 다음이미지 1 / 20 사진 모두보기 YF 쏘나타CVVL 프리미어 연식 12/05식 연형정보 주행거리 77,544km 연료 가솔린 차량번호 47가6168 자세히 엔카가 아래 사항을 모두 진단 하였습니다 툴팁 엔카진단+ 프레임무사고 확인 내외부차량 관리 상태 확인 엔카를 통한 구매는 환불을 보장합니다 엔카믿고 차량확인 시원하는 곳으로 배송 구매 시7일간 타보고 환불가능 옵션 정보더보기 주요옵션 옵션 설명 보기 선루프 있음 헤드램프 (LED) 있음 주차감지센서 있음 후방카메라 있음 자동에어컨 있음 스마트키 있음 내비게이션 있음 열선시트 있음 통풍시트 있음 가죽시트 있음 37개 옵션 모두보기 이 차만의 옵션더보기 화이트 크리스탈(WHC) 외장컬러선택옵션설명 자세히보기 8만원 통풍시트(운전석/동승석) + 동승석 파워시트 40만원 3피스 타입 파노라마 썬루프(전동식 롤 블라인드) 115만원 이 차를 추천하는 이유더보기 19년식인 제 차 보다 주행거리가 짧네요! 게다가 동매물에서 흔치 않은 선루프와 통풍시트로 쾌적함도 유지하고 있으며, 인증 LED 헤드램프 장착으로 가성비까지 챙겼어요! 차량 상태 엔카진단+ 엔카가 무사고 진단을 했어요 프레임 진단 정상 외부패널 진단 정상 엔카진단 자세히 보기 엔카가 차량상태를 확인했어요 더보기 외관 스크래치, 등화장치, 타이어 상태, 실내 냄새까지 엔카 진단센터에서 직접 확인했어요. 차량 키 개수 2개 틴팅(앞 유리) 있음 타이어트레드 잔량 (앞) 툴팁 6mm 타이어트레드 잔량 (뒤) 툴팁 4mm 더보기 차량관리상태 모두보기 성능점검을 등록한 차량이에요 제시번호 : 202603000229 교환 없음 판금 없음 부식 없음 성능기록부 자세히보기 차량이력 내차 피해 총 5,429,574원 (5회) 타차 가해 총 3,343,838원 (3회) 특이 사항 없음 차량이력 자세히 보기 보증 현황 제조사 보증제조사보증도움말 일반/차체 엔진/미션 엔카보증 성능보험보험사제공성능보험도움말 30일/2,000km 약 60개 부품 보증 (법적 의무 가입대상) 엔카종합보증엔카제공엔카종합보증도움말 ~180일/10,000km 약 160개 부품 보증, 가입 시 보상한도 내 무제한 보증 수리 엔카를 통해 구매하기 엔카믿고 제공혜택 차량확인 시원하는 곳으로 배송 구매 시7일간 타보고 환불가능 집앞으로 배송받기 엔카 전담 상담원 엔카 매니저 고객님과 꼼꼼히 상담 후 배송해드린 차량을 7일간 타보세요. 대출 상담부터 스크래치 확인까지 1:1로 엔카매니저가 모두 도와드리는 서비스 입니다. 판매자 정보 엔카금융 1분만에 한도/금리 비교 다양한 금융사의 금리를 비교해보세요 방문없이 조회가 가능해요 신용점수에 영향이 없어요 금리 비교하기 구매 가이드 허위매물 대처 압류 및 저당 처리 성능 상태 점검기록부 차량 금액 외 별도 수수료 차량 이전등록 차량 체크사항 알림등록 비슷한 조건의 동일한 모델이 신규매물로 등록되면 알려드릴까요? 알림등록 680만원 총비용계산기 보험료 계산 대출상품 조회 리스상품 조회 보험이력 8건 성능점검내역 일반/엔카직영 신차대비 -% 신차가격표 문의하기 엔카를 통해 구매하기 중고차시세 팔린매물 동급매물 엔카 중고차론 금융사 비교하고 제휴 추가할인 금리 4.9% 부터~ 닫기 허위매물 단속 및 매매관련 분쟁 처리 등을 위해 050안심번호로문의하면 전화번호와 통화내용이 엔카에 자동 저장됩니다.050도움말 회사소개인재채용클린엔카지점안내엔카직영성능점검장안내매매지원이용약관고객센터디스플레이광고개인정보처리방침금융소비자보호원격지원서비스 네이버 블로그 인스타그램 유튜브 페이스북 패밀리사이트 O2O를 잇는 신뢰와 기술로 차량을 사고 파는 모습의 진화를 만듭니다 고객센터 : 1599-5455FAX : 02-754-8768대표메일 : trust@encar.com주소 : 서울특별시 중구 통일로2길 16, 18~19층(순화동) 사업자 등록번호 : 104-86-54476통신판매업신고 : 제2014-서울중구-0393호대표자 : 김상범Copyright © 엔카닷컴(주) 내 차를 최고가에 팔고, 믿고 사는 가장 좋은 방법. 엔카닷컴(주) 엔카닷컴(주)는 통신판매중개자로서 통신판매의 당사자가 아니며, 상품·거래정보, 거래에 대하여 책임을 지지 않습니다."
41632969,YF 쏘나타CVVL 프리미어 연식,12/05식,77544,가솔린,서울,8,https://fem.encar.com/cars/detail/41632969?advClickPosition=mweb_mhightlight_g198_t400&listAdvType=mhighlight&type=detail&view_type=checked,"엔카 기본정보 옵션정보 차량상태 보증현황 판매자 정보 딜러 셀프등록 로그인/회원가입 채팅 전체메뉴 열기 엔카진단+ 등록번호 41632969조회수 44찜 1 신고하기 프린트 공유하기 찜하기 이전이미지 다음이미지 1 / 20 사진 모두보기 YF 쏘나타CVVL 프리미어 연식 12/05식 연형정보 주행거리 77,544km 연료 가솔린 차량번호 47가6168 자세히 엔카가 아래 사항을 모두 진단 하였습니다 툴팁 엔카진단+ 프레임무사고 확인 내외부차량 관리 상태 확인 옵션 정보더보기 주요옵션 옵션 설명 보기 선루프 있음 헤드램프 (LED) 있음 주차감지센서 있음 후방카메라 있음 자동에어컨 있음 스마트키 있음 내비게이션 있음 열선시트 있음 통풍시트 있음 가죽시트 있음 37개 옵션 모두보기 이 차만의 옵션더보기 화이트 크리스탈(WHC) 외장컬러선택옵션설명 자세히보기 8만원 통풍시트(운전석/동승석) + 동승석 파워시트 40만원 3피스 타입 파노라마 썬루프(전동식 롤 블라인드) 115만원 이 차를 추천하는 이유더보기 19년식인 제 차 보다 주행거리가 짧네요! 게다가 동매물에서 흔치 않은 선루프와 통풍시트로 쾌적함도 유지하고 있으며, 인증 LED 헤드램프 장착으로 가성비까지 챙겼어요! 차량 상태 엔카진단+ 엔카가 무사고 진단을 했어요 프레임 진단 정상 외부패널 진단 정상 엔카진단 자세히 보기 엔카가 차량상태를 확인했어요 더보기 외관 스크래치, 등화장치, 타이어 상태, 실내 냄새까지 엔카 진단센터에서 직접 확인했어요. 차량 키 개수 2개 틴팅(앞 유리) 있음 타이어트레드 잔량 (앞) 툴팁 6mm 타이어트레드 잔량 (뒤) 툴팁 4mm 더보기 차량관리상태 모두보기 성능점검을 등록한 차량이에요 제시번호 : 202603000229 교환 없음 판금 없음 부식 없음 성능기록부 자세히보기 차량이력 내차 피해 총 5,429,574원 (5회) 타차 가해 총 3,343,838원 (3회) 특이 사항 없음 차량이력 자세히 보기 보증 현황 제조사 보증제조사보증도움말 일반/차체 엔진/미션 엔카금융 1분만에 한도/금리 비교 다양한 금융사의 금리를 비교해보세요 방문없이 조회가 가능해요 신용점수에 영향이 없어요 금리 비교하기 판매자 정보 판매자정보사진 동영자동차신주엽매매 판매자 정보 판매중75판매완료140 대구 동구 안심로59길 42 종사원증번호 DG12-0338상사/조합정보 이 차량을 '엔카믿고'로 신청하시면 엔카가 거래 과정을 함께 합니다. 엔카에 거래 도움받기 구매 가이드 허위매물 대처 압류 및 저당 처리 성능 상태 점검기록부 차량 금액 외 별도 수수료 차량 이전등록 차량 체크사항 알림등록 비슷한 조건의 동일한 모델이 신규매물로 등록되면 알려드릴까요? 알림등록 680만원 총비용계산기 보험료 계산 대출상품 조회 리스상품 조회 보험이력 8건 성능점검내역 일반/엔카직영 신차대비 -% 신차가격표 판매자 문의하기 중고차시세 팔린매물 동급매물 엔카 중고차론 금융사 비교하고 제휴 추가할인 금리 4.9% 부터~ 닫기 허위매물 단속 및 매매관련 분쟁 처리 등을 위해 050안심번호로문의하면 전화번호와 통화내용이 엔카에 자동 저장됩니다.050도움말 엔카는 등록 시스템만을 제공하며, 판매자가 직접 등록한 차량의 모든 책임은 판매자에게 있습니다. 신고하기 회사소개인재채용클린엔카지점안내엔카직영성능점검장안내매매지원이용약관고객센터디스플레이광고개인정보처리방침금융소비자보호원격지원서비스 네이버 블로그 인스타그램 유튜브 페이스북 패밀리사이트 O2O를 잇는 신뢰와 기술로 차량을 사고 파는 모습의 진화를 만듭니다 고객센터 : 1599-5455FAX : 02-754-8768대표메일 : trust@encar.com주소 : 서울특별시 중구 통일로2길 16, 18~19층(순화동) 사업자 등록번호 : 104-86-54476통신판매업신고 : 제2014-서울중구-0393호대표자 : 김상범Copyright © 엔카닷컴(주) 내 차를 최고가에 팔고, 믿고 사는 가장 좋은 방법. 엔카닷컴(주) 엔카닷컴(주)는 통신판매중개자로서 통신판매의 당사자가 아니며, 상품·거래정보, 거래에 대하여 책임을 지지 않습니다."
41155141,YF 쏘나타LPI 프리미어(장애인용) 연식,10/02식,189717,LPG(일반인 구입),서울,999,https://fem.encar.com/cars/detail/41155141?advClickPosition=mweb_mhightlight_g199_t400&listAdvType=mhighlight&type=detail&view_type=checked,"엔카 기본정보 옵션정보 차량상태 보증현황 판매자 정보 딜러 셀프등록 로그인/회원가입 채팅 전체메뉴 열기 엔카진단 등록번호 41155141조회수 214찜 4 신고하기 프린트 공유하기 찜하기 이전이미지 다음이미지 1 / 20 사진 모두보기 YF 쏘나타LPI 프리미어(장애인용) 연식 10/02식 연형정보 주행거리 189,717km 연료 LPG(일반인 구입) 차량번호 54구6782 자세히 엔카가 아래 사항을 모두 진단 하였습니다 툴팁 엔카진단 프레임무사고 확인 옵션 정보더보기 주요옵션 옵션 설명 보기 선루프 있음 헤드램프 (HID) 없음 주차감지센서 있음 후방카메라 있음 자동에어컨 있음 스마트키 있음 내비게이션 없음 열선시트 있음 통풍시트 없음 가죽시트 있음 25개 옵션 모두보기 이 차를 추천하는 이유더보기 휠 튜닝으로 외관의 스포티함을 더해 더욱 돋보이네요! 또한 전동시트가 장착되어 있어 운전자의 불편함을 덜어주어 타고 내릴때 불편함 없이 안전하게 탑승가능해요!! 차량 상태 엔카진단 엔카가 무사고 진단을 했어요 프레임 진단 정상 외부패널 진단 정상 엔카진단 자세히 보기 성능점검을 등록한 차량이에요 제시번호 : 20251608690 교환 없음 판금 없음 부식 없음 성능기록부 자세히보기 차량이력 내차 피해 총 3,078,585원 (5회) 타차 가해 총 737,000원 (1회) 특이 사항 없음 차량이력 자세히 보기 보증 현황 제조사 보증제조사보증도움말 일반/차체 엔진/미션 엔카금융 1분만에 한도/금리 비교 다양한 금융사의 금리를 비교해보세요 방문없이 조회가 가능해요 신용점수에 영향이 없어요 금리 비교하기 판매자 정보 판매자정보사진 신원자동차매매상사정환석매매 판매자 정보 판매중20판매완료155 경기 수원시 권선구 권선로 308 종사원증번호 GC23-05628상사/조합정보 구매 가이드 허위매물 대처 압류 및 저당 처리 성능 상태 점검기록부 차량 금액 외 별도 수수료 차량 이전등록 차량 체크사항 알림등록 비슷한 조건의 동일한 모델이 신규매물로 등록되면 알려드릴까요? 알림등록 999만원(계약중) 총비용계산기 보험료 계산 대출상품 조회 리스상품 조회 보험이력 6건 성능점검내역 일반/엔카직영 신차가격표 판매자 문의하기 중고차시세 팔린매물 동급매물 엔카 중고차론 금융사 비교하고 제휴 추가할인 금리 4.9% 부터~ 닫기 허위매물 단속 및 매매관련 분쟁 처리 등을 위해 050안심번호로문의하면 전화번호와 통화내용이 엔카에 자동 저장됩니다.050도움말 엔카는 등록 시스템만을 제공하며, 판매자가 직접 등록한 차량의 모든 책임은 판매자에게 있습니다. 신고하기 회사소개인재채용클린엔카지점안내엔카직영성능점검장안내매매지원이용약관고객센터디스플레이광고개인정보처리방침금융소비자보호원격지원서비스 네이버 블로그 인스타그램 유튜브 페이스북 패밀리사이트 O2O를 잇는 신뢰와 기술로 차량을 사고 파는 모습의 진화를 만듭니다 고객센터 : 1599-5455FAX : 02-754-8768대표메일 : trust@encar.com주소 : 서울특별시 중구 통일로2길 16, 18~19층(순화동) 사업자 등록번호 : 104-86-54476통신판매업신고 : 제2014-서울중구-0393호대표자 : 김상범Copyright © 엔카닷컴(주) 내 차를 최고가에 팔고, 믿고 사는 가장 좋은 방법. 엔카닷컴(주) 엔카닷컴(주)는 통신판매중개자로서 통신판매의 당사자가 아니며, 상품·거래정보, 거래에 대하여 책임을 지지 않습니다."
39309907,YF 쏘나타F24 GDI최고급형 연식,10/06식,90473,가솔린,서울,106,https://fem.encar.com/cars/detail/39309907?advClickPosition=mweb_mhightlight_g200_t400&listAdvType=mhighlight&type=detail&view_type=checked,"엔카 기본정보 옵션정보 차량상태 보증현황 판매자 정보 딜러 셀프등록 로그인/회원가입 채팅 전체메뉴 열기 엔카진단 등록번호 39309907조회수 263찜 4 신고하기 프린트 공유하기 찜하기 @@무사고.파노라마.순정네비.후방카메라.하이패스.메모리시트.풀옵션~ 이전이미지 다음이미지 1 / 20 사진 모두보기 YF 쏘나타F24 GDI최고급형 연식 10/06식 연형정보 주행거리 90,473km 연료 가솔린 차량번호 42너7929 자세히 엔카가 아래 사항을 모두 진단 하였습니다 툴팁 엔카진단 프레임무사고 확인 옵션 정보더보기 주요옵션 옵션 설명 보기 선루프 있음 헤드램프 (HID) 있음 주차감지센서 있음 후방카메라 있음 자동에어컨 있음 스마트키 있음 내비게이션 있음 열선시트 있음 통풍시트 없음 가죽시트 있음 36개 옵션 모두보기 이 차만의 옵션더보기 Intelligent DMB 네비게이션(JBL 사운드, 음성 인식, 후방카메라, 후방 주차가이드 시스템 포함, 후방 디스플레이 룸미러 삭제) 106만원 3피스 타입 파노라마 썬루프(전동식 롤 블라인드) 122만원 이 차를 추천하는 이유더보기 최고급형 등급다운 풍부한 옵션과 연식에 비해 십만키로도 주행하지 않아 좋은 컨디션까지 유지중이니 서두르셔야겠어요! 차량 상태 엔카진단 엔카가 무사고 진단을 했어요 프레임 진단 정상 외부패널 진단 교환 엔카진단 자세히 보기 성능점검을 등록한 차량이에요 제시번호 : 20250327 교환 2 판금 없음 부식 없음 성능기록부 자세히보기 차량이력 내차 피해 총 6,325,338원 (4회) 타차 가해 총 2,503,144원 (3회) 특이 사항 없음 차량이력 자세히 보기 보증 현황 제조사 보증제조사보증도움말 일반/차체 엔진/미션 엔카금융 1분만에 한도/금리 비교 다양한 금융사의 금리를 비교해보세요 방문없이 조회가 가능해요 신용점수에 영향이 없어요 금리 비교하기 판매자 정보 판매자정보사진 하나모터스이응주매매 판매자 정보 판매중31판매완료95 대구 북구 노원로 115 종사원증번호 5142080632상사/조합정보 구매 가이드 허위매물 대처 압류 및 저당 처리 성능 상태 점검기록부 차량 금액 외 별도 수수료 차량 이전등록 차량 체크사항 알림등록 비슷한 조건의 동일한 모델이 신규매물로 등록되면 알려드릴까요? 알림등록 9,999만원(계약중) 총비용계산기 보험료 계산 대출상품 조회 리스상품 조회 보험이력 7건 성능점검내역 일반/엔카직영 신차대비 -% 신차가격표 판매자 문의하기 중고차시세 팔린매물 동급매물 엔카 중고차론 금융사 비교하고 제휴 추가할인 금리 4.9% 부터~ 닫기 허위매물 단속 및 매매관련 분쟁 처리 등을 위해 050안심번호로문의하면 전화번호와 통화내용이 엔카에 자동 저장됩니다.050도움말 엔카는 등록 시스템만을 제공하며, 판매자가 직접 등록한 차량의 모든 책임은 판매자에게 있습니다. 신고하기 회사소개인재채용클린엔카지점안내엔카직영성능점검장안내매매지원이용약관고객센터디스플레이광고개인정보처리방침금융소비자보호원격지원서비스 네이버 블로그 인스타그램 유튜브 페이스북 패밀리사이트 O2O를 잇는 신뢰와 기술로 차량을 사고 파는 모습의 진화를 만듭니다 고객센터 : 1599-5455FAX : 02-754-8768대표메일 : trust@encar.com주소 : 서울특별시 중구 통일로2길 16, 18~19층(순화동) 사업자 등록번호 : 104-86-54476통신판매업신고 : 제2014-서울중구-0393호대표자 : 김상범Copyright © 엔카닷컴(주) 내 차를 최고가에 팔고, 믿고 사는 가장 좋은 방법. 엔카닷컴(주) 엔카닷컴(주)는 통신판매중개자로서 통신판매의 당사자가 아니며, 상품·거래정보, 거래에 대하여 책임을 지지 않습니다."
