idx,매물ID,상세링크,error
236,40945676,https://fem.encar.com/cars/detail/40945676?advClickPosition=mweb_mhightlight_g186_t49383&listAdvType=mhighlight&type=detail&view_type=hs_ad,"HTTPConnectionPool(host='localhost', port=61662): Max retries exceeded with url: /session/71fa598c889a92e8ace863c2506f6780/element/f.4BA4A2392A9C43D5329960FDFA2BF3EB.d.85405ECC6CEC1834377400D0813DD166.e.20872/text (Caused by ReadTimeoutError(""HTTPConnectionPool(host='localhost', port=61662): Read timed out. (read timeout=120)""))"
237,41660601,https://fem.encar.com/cars/detail/41660601?advClickPosition=mweb_mhightlight_g187_t49383&listAdvType=mhighlight&type=detail&view_type=hs_ad,"HTTPConnectionPool(host='localhost', port=61662): Read timed out. (read timeout=120)"
238,41662129,https://fem.encar.com/cars/detail/41662129?advClickPosition=mweb_mhightlight_g188_t49383&listAdvType=mhighlight&type=detail&view_type=hs_ad,"HTTPConnectionPool(host='localhost', port=61662): Read timed out. (read timeout=120)"
239,41653279,https://fem.encar.com/cars/detail/41653279?advClickPosition=mweb_mhightlight_g189_t49383&listAdvType=mhighlight&type=detail&view_type=hs_ad,"HTTPConnectionPool(host='localhost', port=61662): Read timed out. (read timeout=120)"
240,41653283,https://fem.encar.com/cars/detail/41653283?advClickPosition=mweb_mhightlight_g190_t49383&listAdvType=mhighlight&type=detail&view_type=hs_ad,"HTTPConnectionPool(host='localhost', port=61662): Read timed out. (read timeout=120)"
241,41578163,https://fem.encar.com/cars/detail/41578163?advClickPosition=mweb_mhightlight_g191_t49383&listAdvType=mhighlight&type=detail&view_type=hs_ad,"HTTPConnectionPool(host='localhost', port=61662): Read timed out. (read timeout=120)"
242,41549386,https://fem.encar.com/cars/detail/41549386?advClickPosition=mweb_mhightlight_g192_t49383&listAdvType=mhighlight&type=detail&view_type=hs_ad,"Message: tab crashed
  (Session info: chrome=145.0.7632.160)
"
243,41548327,https://fem.encar.com/cars/detail/41548327?advClickPosition=mweb_mhightlight_g193_t49383&listAdvType=mhighlight&type=detail&view_type=hs_ad,"Message: tab crashed
  (Session info: chrome=145.0.7632.160)
"
244,41502541,https://fem.encar.com/cars/detail/41502541?advClickPosition=mweb_mhightlight_g194_t49383&listAdvType=mhighlight&type=detail&view_type=hs_ad,"Message: tab crashed
  (Session info: chrome=145.0.7632.160)
"
245,41495342,https://fem.encar.com/cars/detail/41495342?advClickPosition=mweb_mhightlight_g195_t49383&listAdvType=mhighlight&type=detail&view_type=hs_ad,"Message: tab crashed
  (Session info: chrome=145.0.7632.160)
"
246,41652550,https://fem.encar.com/cars/detail/41652550?advClickPosition=mweb_mhightlight_g196_t49383&listAdvType=mhighlight&type=detail&view_type=hs_ad,"Message: tab crashed
  (Session info: chrome=145.0.7632.160)
"
247,41634353,https://fem.encar.com/cars/detail/41634353?advClickPosition=mweb_mhightlight_g197_t49383&listAdvType=mhighlight&type=detail&view_type=hs_ad,"Message: tab crashed
  (Session info: chrome=145.0.7632.160)
"
248,41617397,https://fem.encar.com/cars/detail/41617397?advClickPosition=mweb_mhightlight_g198_t49383&listAdvType=mhighlight&type=detail&view_type=hs_ad,"Message: tab crashed
  (Session info: chrome=145.0.7632.160)
"
249,41416532,https://fem.encar.com/cars/detail/41416532?advClickPosition=mweb_mhightlight_g199_t49383&listAdvType=mhighlight&type=detail&view_type=hs_ad,"Message: tab crashed
  (Session info: chrome=145.0.7632.160)
"
250,41401484,https://fem.encar.com/cars/detail/41401484?advClickPosition=mweb_mhightlight_g200_t49383&listAdvType=mhighlight&type=detail&view_type=hs_ad,"Message: tab crashed
  (Session info: chrome=145.0.7632.160)
"
260,41400718,https://fem.encar.com/cars/detail/41400718?advClickPosition=mweb_mhightlight_g10_t49382&listAdvType=mhighlight&type=detail&view_type=hs_ad,"Message: tab crashed
  (Session info: chrome=145.0.7632.160)
"
266,41327962,https://fem.encar.com/cars/detail/41327962?advClickPosition=mweb_mhightlight_g16_t49382&listAdvType=mhighlight&type=detail&view_type=hs_ad,"Message: tab crashed
  (Session info: chrome=145.0.7632.160)
"
267,41326815,https://fem.encar.com/cars/detail/41326815?advClickPosition=mweb_mhightlight_g17_t49382&listAdvType=mhighlight&type=detail&view_type=hs_ad,"Message: tab crashed
  (Session info: chrome=145.0.7632.160)
"
268,41315412,https://fem.encar.com/cars/detail/41315412?advClickPosition=mweb_mhightlight_g18_t49382&listAdvType=mhighlight&type=detail&view_type=hs_ad,"Message: tab crashed
  (Session info: chrome=145.0.7632.160)
"
278,40792317,https://fem.encar.com/cars/detail/40792317?advClickPosition=mweb_mhightlight_g28_t49382&listAdvType=mhighlight&type=detail&view_type=checked,"Message: tab crashed
  (Session info: chrome=145.0.7632.160)
"
279,40828352,https://fem.encar.com/cars/detail/40828352?advClickPosition=mweb_mhightlight_g29_t49382&listAdvType=mhighlight&type=detail&view_type=normal,"Message: tab crashed
  (Session info: chrome=145.0.7632.160)
"
280,40804018,https://fem.encar.com/cars/detail/40804018?advClickPosition=mweb_mhightlight_g30_t49382&listAdvType=mhighlight&type=detail&view_type=normal,"Message: tab crashed
  (Session info: chrome=145.0.7632.160)
"
281,40475411,https://fem.encar.com/cars/detail/40475411?advClickPosition=mweb_mhightlight_g31_t49382&listAdvType=mhighlight&type=detail&view_type=checked,"Message: tab crashed
  (Session info: chrome=145.0.7632.160)
"
282,40466156,https://fem.encar.com/cars/detail/40466156?advClickPosition=mweb_mhightlight_g32_t49382&listAdvType=mhighlight&type=detail&view_type=normal,"Message: tab crashed
  (Session info: chrome=145.0.7632.160)
"
283,40488323,https://fem.encar.com/cars/detail/40488323?advClickPosition=mweb_mhightlight_g33_t49382&listAdvType=mhighlight&type=detail&view_type=normal,"Message: tab crashed
  (Session info: chrome=145.0.7632.160)
"
284,40320757,https://fem.encar.com/cars/detail/40320757?advClickPosition=mweb_mhightlight_g34_t49382&listAdvType=mhighlight&type=detail&view_type=checked,"Message: tab crashed
  (Session info: chrome=145.0.7632.160)
"
285,40264557,https://fem.encar.com/cars/detail/40264557?advClickPosition=mweb_mhightlight_g35_t49382&listAdvType=mhighlight&type=detail&view_type=checked,"Message: tab crashed
  (Session info: chrome=145.0.7632.160)
"
286,39900576,https://fem.encar.com/cars/detail/39900576?advClickPosition=mweb_mhightlight_g36_t49382&listAdvType=mhighlight&type=detail&view_type=checked,"Message: tab crashed
  (Session info: chrome=145.0.7632.160)
"
287,39961440,https://fem.encar.com/cars/detail/39961440?advClickPosition=mweb_mhightlight_g37_t49382&listAdvType=mhighlight&type=detail&view_type=normal,"Message: tab crashed
  (Session info: chrome=145.0.7632.160)
"
288,39475193,https://fem.encar.com/cars/detail/39475193?advClickPosition=mweb_mhightlight_g38_t49382&listAdvType=mhighlight&type=detail&view_type=normal,"Message: tab crashed
  (Session info: chrome=145.0.7632.160)
"
289,41327782,https://fem.encar.com/cars/detail/41327782?advClickPosition=mweb_mhightlight_g39_t49382&listAdvType=mhighlight&type=detail&view_type=checked,"Message: tab crashed
  (Session info: chrome=145.0.7632.160)
"
290,41321657,https://fem.encar.com/cars/detail/41321657?advClickPosition=mweb_mhightlight_g40_t49382&listAdvType=mhighlight&type=detail&view_type=checked,"Message: tab crashed
  (Session info: chrome=145.0.7632.160)
"
291,41312057,https://fem.encar.com/cars/detail/41312057?advClickPosition=mweb_mhightlight_g41_t49382&listAdvType=mhighlight&type=detail&view_type=checked,"Message: tab crashed
  (Session info: chrome=145.0.7632.160)
"
292,41292320,https://fem.encar.com/cars/detail/41292320?advClickPosition=mweb_mhightlight_g42_t49382&listAdvType=mhighlight&type=detail&view_type=checked,"Message: tab crashed
  (Session info: chrome=145.0.7632.160)
"
293,41281515,https://fem.encar.com/cars/detail/41281515?advClickPosition=mweb_mhightlight_g43_t49382&listAdvType=mhighlight&type=detail&view_type=normal,"Message: tab crashed
  (Session info: chrome=145.0.7632.160)
"
294,41283741,https://fem.encar.com/cars/detail/41283741?advClickPosition=mweb_mhightlight_g44_t49382&listAdvType=mhighlight&type=detail&view_type=checked,"Message: tab crashed
  (Session info: chrome=145.0.7632.160)
"
295,41280357,https://fem.encar.com/cars/detail/41280357?advClickPosition=mweb_mhightlight_g45_t49382&listAdvType=mhighlight&type=detail&view_type=checked,"Message: tab crashed
  (Session info: chrome=145.0.7632.160)
"
296,41282289,https://fem.encar.com/cars/detail/41282289?advClickPosition=mweb_mhightlight_g46_t49382&listAdvType=mhighlight&type=detail&view_type=normal,"Message: tab crashed
  (Session info: chrome=145.0.7632.160)
"
297,41199398,https://fem.encar.com/cars/detail/41199398?advClickPosition=mweb_mhightlight_g47_t49382&listAdvType=mhighlight&type=detail&view_type=checked,"Message: tab crashed
  (Session info: chrome=145.0.7632.160)
"
298,41198421,https://fem.encar.com/cars/detail/41198421?advClickPosition=mweb_mhightlight_g48_t49382&listAdvType=mhighlight&type=detail&view_type=normal,"Message: tab crashed
  (Session info: chrome=145.0.7632.160)
"
299,41189638,https://fem.encar.com/cars/detail/41189638?advClickPosition=mweb_mhightlight_g49_t49382&listAdvType=mhighlight&type=detail&view_type=checked,"Message: tab crashed
  (Session info: chrome=145.0.7632.160)
"
300,41181546,https://fem.encar.com/cars/detail/41181546?advClickPosition=mweb_mhightlight_g50_t49382&listAdvType=mhighlight&type=detail&view_type=normal,"Message: tab crashed
  (Session info: chrome=145.0.7632.160)
"
301,41138193,https://fem.encar.com/cars/detail/41138193?advClickPosition=mweb_mhightlight_g51_t49382&listAdvType=mhighlight&type=detail&view_type=checked,"Message: tab crashed
  (Session info: chrome=145.0.7632.160)
"
302,40998531,https://fem.encar.com/cars/detail/40998531?advClickPosition=mweb_mhightlight_g52_t49382&listAdvType=mhighlight&type=detail&view_type=normal,"Message: tab crashed
  (Session info: chrome=145.0.7632.160)
"
303,40856398,https://fem.encar.com/cars/detail/40856398?advClickPosition=mweb_mhightlight_g53_t49382&listAdvType=mhighlight&type=detail&view_type=checked,"Message: tab crashed
  (Session info: chrome=145.0.7632.160)
"
304,40937046,https://fem.encar.com/cars/detail/40937046?advClickPosition=mweb_mhightlight_g54_t49382&listAdvType=mhighlight&type=detail&view_type=checked,"Message: tab crashed
  (Session info: chrome=145.0.7632.160)
"
305,40881742,https://fem.encar.com/cars/detail/40881742?advClickPosition=mweb_mhightlight_g55_t49382&listAdvType=mhighlight&type=detail&view_type=checked,"Message: tab crashed
  (Session info: chrome=145.0.7632.160)
"
306,41264951,https://fem.encar.com/cars/detail/41264951?advClickPosition=mweb_mhightlight_g56_t49382&listAdvType=mhighlight&type=detail&view_type=checked,"Message: tab crashed
  (Session info: chrome=145.0.7632.160)
"
307,41268938,https://fem.encar.com/cars/detail/41268938?advClickPosition=mweb_mhightlight_g57_t49382&listAdvType=mhighlight&type=detail&view_type=checked,"Message: tab crashed
  (Session info: chrome=145.0.7632.160)
"
308,41266712,https://fem.encar.com/cars/detail/41266712?advClickPosition=mweb_mhightlight_g58_t49382&listAdvType=mhighlight&type=detail&view_type=normal,"Message: tab crashed
  (Session info: chrome=145.0.7632.160)
"
309,41234748,https://fem.encar.com/cars/detail/41234748?advClickPosition=mweb_mhightlight_g59_t49382&listAdvType=mhighlight&type=detail&view_type=checked,"Message: tab crashed
  (Session info: chrome=145.0.7632.160)
"
310,41229285,https://fem.encar.com/cars/detail/41229285?advClickPosition=mweb_mhightlight_g60_t49382&listAdvType=mhighlight&type=detail&view_type=checked,"Message: tab crashed
  (Session info: chrome=145.0.7632.160)
"
311,41228298,https://fem.encar.com/cars/detail/41228298?advClickPosition=mweb_mhightlight_g61_t49382&listAdvType=mhighlight&type=detail&view_type=checked,"Message: tab crashed
  (Session info: chrome=145.0.7632.160)
"
312,41215714,https://fem.encar.com/cars/detail/41215714?advClickPosition=mweb_mhightlight_g62_t49382&listAdvType=mhighlight&type=detail&view_type=checked,"Message: tab crashed
  (Session info: chrome=145.0.7632.160)
"
313,41268555,https://fem.encar.com/cars/detail/41268555?advClickPosition=mweb_mhightlight_g63_t49382&listAdvType=mhighlight&type=detail&view_type=checked,"Message: tab crashed
  (Session info: chrome=145.0.7632.160)
"
314,41243643,https://fem.encar.com/cars/detail/41243643?advClickPosition=mweb_mhightlight_g64_t49382&listAdvType=mhighlight&type=detail&view_type=checked,"Message: tab crashed
  (Session info: chrome=145.0.7632.160)
"
315,41269652,https://fem.encar.com/cars/detail/41269652?advClickPosition=mweb_mhightlight_g65_t49382&listAdvType=mhighlight&type=detail&view_type=checked,"Message: tab crashed
  (Session info: chrome=145.0.7632.160)
"
316,41216724,https://fem.encar.com/cars/detail/41216724?advClickPosition=mweb_mhightlight_g66_t49382&listAdvType=mhighlight&type=detail&view_type=checked,"Message: tab crashed
  (Session info: chrome=145.0.7632.160)
"
317,41213137,https://fem.encar.com/cars/detail/41213137?advClickPosition=mweb_mhightlight_g67_t49382&listAdvType=mhighlight&type=detail&view_type=checked,"Message: tab crashed
  (Session info: chrome=145.0.7632.160)
"
318,41327438,https://fem.encar.com/cars/detail/41327438?advClickPosition=mweb_mhightlight_g68_t49382&listAdvType=mhighlight&type=detail&view_type=normal,"Message: tab crashed
  (Session info: chrome=145.0.7632.160)
"
319,41325795,https://fem.encar.com/cars/detail/41325795?advClickPosition=mweb_mhightlight_g69_t49382&listAdvType=mhighlight&type=detail&view_type=normal,"Message: tab crashed
  (Session info: chrome=145.0.7632.160)
"
320,41313546,https://fem.encar.com/cars/detail/41313546?advClickPosition=mweb_mhightlight_g70_t49382&listAdvType=mhighlight&type=detail&view_type=normal,"Message: tab crashed
  (Session info: chrome=145.0.7632.160)
"
321,41291299,https://fem.encar.com/cars/detail/41291299?advClickPosition=mweb_mhightlight_g71_t49382&listAdvType=mhighlight&type=detail&view_type=checked,"Message: tab crashed
  (Session info: chrome=145.0.7632.160)
"
322,41289961,https://fem.encar.com/cars/detail/41289961?advClickPosition=mweb_mhightlight_g72_t49382&listAdvType=mhighlight&type=detail&view_type=checked,"Message: tab crashed
  (Session info: chrome=145.0.7632.160)
"
323,41285343,https://fem.encar.com/cars/detail/41285343?advClickPosition=mweb_mhightlight_g73_t49382&listAdvType=mhighlight&type=detail&view_type=normal,"Message: tab crashed
  (Session info: chrome=145.0.7632.160)
"
324,41283605,https://fem.encar.com/cars/detail/41283605?advClickPosition=mweb_mhightlight_g74_t49382&listAdvType=mhighlight&type=detail&view_type=checked,"Message: tab crashed
  (Session info: chrome=145.0.7632.160)
"
325,41199023,https://fem.encar.com/cars/detail/41199023?advClickPosition=mweb_mhightlight_g75_t49382&listAdvType=mhighlight&type=detail&view_type=checked,"Message: tab crashed
  (Session info: chrome=145.0.7632.160)
"
326,41024654,https://fem.encar.com/cars/detail/41024654?advClickPosition=mweb_mhightlight_g76_t49382&listAdvType=mhighlight&type=detail&view_type=normal,"Message: tab crashed
  (Session info: chrome=145.0.7632.160)
"
327,40980060,https://fem.encar.com/cars/detail/40980060?advClickPosition=mweb_mhightlight_g77_t49382&listAdvType=mhighlight&type=detail&view_type=checked,"Message: tab crashed
  (Session info: chrome=145.0.7632.160)
"
328,40566833,https://fem.encar.com/cars/detail/40566833?advClickPosition=mweb_mhightlight_g78_t49382&listAdvType=mhighlight&type=detail&view_type=checked,"Message: tab crashed
  (Session info: chrome=145.0.7632.160)
"
329,40425520,https://fem.encar.com/cars/detail/40425520?advClickPosition=mweb_mhightlight_g79_t49382&listAdvType=mhighlight&type=detail&view_type=normal,"Message: tab crashed
  (Session info: chrome=145.0.7632.160)
"
330,39400739,https://fem.encar.com/cars/detail/39400739?advClickPosition=mweb_mhightlight_g80_t49382&listAdvType=mhighlight&type=detail&view_type=checked,"Message: tab crashed
  (Session info: chrome=145.0.7632.160)
"
331,41518812,https://fem.encar.com/cars/detail/41518812?advClickPosition=mweb_mhightlight_g81_t49382&listAdvType=mhighlight&type=detail&view_type=normal,"Message: tab crashed
  (Session info: chrome=145.0.7632.160)
"
332,41568792,https://fem.encar.com/cars/detail/41568792?advClickPosition=mweb_mhightlight_g82_t49382&listAdvType=mhighlight&type=detail&view_type=checked,"Message: tab crashed
  (Session info: chrome=145.0.7632.160)
"
333,41493487,https://fem.encar.com/cars/detail/41493487?advClickPosition=mweb_mhightlight_g83_t49382&listAdvType=mhighlight&type=detail&view_type=checked,"Message: tab crashed
  (Session info: chrome=145.0.7632.160)
"
334,41422767,https://fem.encar.com/cars/detail/41422767?advClickPosition=mweb_mhightlight_g84_t49382&listAdvType=mhighlight&type=detail&view_type=checked,"Message: tab crashed
  (Session info: chrome=145.0.7632.160)
"
335,41393381,https://fem.encar.com/cars/detail/41393381?advClickPosition=mweb_mhightlight_g85_t49382&listAdvType=mhighlight&type=detail&view_type=normal,"Message: tab crashed
  (Session info: chrome=145.0.7632.160)
"
336,41389351,https://fem.encar.com/cars/detail/41389351?advClickPosition=mweb_mhightlight_g86_t49382&listAdvType=mhighlight&type=detail&view_type=checked,"Message: tab crashed
  (Session info: chrome=145.0.7632.160)
"
337,41348201,https://fem.encar.com/cars/detail/41348201?advClickPosition=mweb_mhightlight_g87_t49382&listAdvType=mhighlight&type=detail&view_type=checked,"Message: tab crashed
  (Session info: chrome=145.0.7632.160)
"
338,41638672,https://fem.encar.com/cars/detail/41638672?advClickPosition=mweb_mhightlight_g88_t49382&listAdvType=mhighlight&type=detail&view_type=normal,"Message: tab crashed
  (Session info: chrome=145.0.7632.160)
"
339,41634059,https://fem.encar.com/cars/detail/41634059?advClickPosition=mweb_mhightlight_g89_t49382&listAdvType=mhighlight&type=detail&view_type=checked,"Message: tab crashed
  (Session info: chrome=145.0.7632.160)
"
340,41619340,https://fem.encar.com/cars/detail/41619340?advClickPosition=mweb_mhightlight_g90_t49382&listAdvType=mhighlight&type=detail&view_type=checked,"Message: tab crashed
  (Session info: chrome=145.0.7632.160)
"
341,41633342,https://fem.encar.com/cars/detail/41633342?advClickPosition=mweb_mhightlight_g91_t49382&listAdvType=mhighlight&type=detail&view_type=checked,"Message: tab crashed
  (Session info: chrome=145.0.7632.160)
"
342,41616141,https://fem.encar.com/cars/detail/41616141?advClickPosition=mweb_mhightlight_g92_t49382&listAdvType=mhighlight&type=detail&view_type=normal,"Message: tab crashed
  (Session info: chrome=145.0.7632.160)
"
343,41627389,https://fem.encar.com/cars/detail/41627389?advClickPosition=mweb_mhightlight_g93_t49382&listAdvType=mhighlight&type=detail&view_type=normal,"Message: tab crashed
  (Session info: chrome=145.0.7632.160)
"
344,41609696,https://fem.encar.com/cars/detail/41609696?advClickPosition=mweb_mhightlight_g94_t49382&listAdvType=mhighlight&type=detail&view_type=normal,"Message: tab crashed
  (Session info: chrome=145.0.7632.160)
"
345,41609112,https://fem.encar.com/cars/detail/41609112?advClickPosition=mweb_mhightlight_g95_t49382&listAdvType=mhighlight&type=detail&view_type=checked,"Message: tab crashed
  (Session info: chrome=145.0.7632.160)
"
347,41572339,https://fem.encar.com/cars/detail/41572339?advClickPosition=mweb_mhightlight_g97_t49382&listAdvType=mhighlight&type=detail&view_type=checked,"Message: tab crashed
  (Session info: chrome=145.0.7632.160)
"
348,41579545,https://fem.encar.com/cars/detail/41579545?advClickPosition=mweb_mhightlight_g98_t49382&listAdvType=mhighlight&type=detail&view_type=normal,"Message: tab crashed
  (Session info: chrome=145.0.7632.160)
"
349,41652461,https://fem.encar.com/cars/detail/41652461?advClickPosition=mweb_mhightlight_g99_t49382&listAdvType=mhighlight&type=detail&view_type=checked,"Message: tab crashed
  (Session info: chrome=145.0.7632.160)
"
350,41652548,https://fem.encar.com/cars/detail/41652548?advClickPosition=mweb_mhightlight_g100_t49382&listAdvType=mhighlight&type=detail&view_type=normal,"Message: tab crashed
  (Session info: chrome=145.0.7632.160)
"
351,41652063,https://fem.encar.com/cars/detail/41652063?advClickPosition=mweb_mhightlight_g101_t49382&listAdvType=mhighlight&type=detail&view_type=checked,"Message: tab crashed
  (Session info: chrome=145.0.7632.160)
"
352,41560292,https://fem.encar.com/cars/detail/41560292?advClickPosition=mweb_mhightlight_g102_t49382&listAdvType=mhighlight&type=detail&view_type=normal,"Message: tab crashed
  (Session info: chrome=145.0.7632.160)
"
353,41465203,https://fem.encar.com/cars/detail/41465203?advClickPosition=mweb_mhightlight_g103_t49382&listAdvType=mhighlight&type=detail&view_type=checked,"Message: tab crashed
  (Session info: chrome=145.0.7632.160)
"
354,41399802,https://fem.encar.com/cars/detail/41399802?advClickPosition=mweb_mhightlight_g104_t49382&listAdvType=mhighlight&type=detail&view_type=normal,"Message: tab crashed
  (Session info: chrome=145.0.7632.160)
"
355,41415400,https://fem.encar.com/cars/detail/41415400?advClickPosition=mweb_mhightlight_g105_t49382&listAdvType=mhighlight&type=detail&view_type=checked,"Message: tab crashed
  (Session info: chrome=145.0.7632.160)
"
356,41382773,https://fem.encar.com/cars/detail/41382773?advClickPosition=mweb_mhightlight_g106_t49382&listAdvType=mhighlight&type=detail&view_type=checked,"Message: tab crashed
  (Session info: chrome=145.0.7632.160)
"
357,41337994,https://fem.encar.com/cars/detail/41337994?advClickPosition=mweb_mhightlight_g107_t49382&listAdvType=mhighlight&type=detail&view_type=checked,"Message: tab crashed
  (Session info: chrome=145.0.7632.160)
"
358,41569226,https://fem.encar.com/cars/detail/41569226?advClickPosition=mweb_mhightlight_g108_t49382&listAdvType=mhighlight&type=detail&view_type=checked,"Message: tab crashed
  (Session info: chrome=145.0.7632.160)
"
359,41633376,https://fem.encar.com/cars/detail/41633376?advClickPosition=mweb_mhightlight_g109_t49382&listAdvType=mhighlight&type=detail&view_type=checked,"Message: tab crashed
  (Session info: chrome=145.0.7632.160)
"
360,41637839,https://fem.encar.com/cars/detail/41637839?advClickPosition=mweb_mhightlight_g110_t49382&listAdvType=mhighlight&type=detail&view_type=checked,"Message: tab crashed
  (Session info: chrome=145.0.7632.160)
"
361,41643632,https://fem.encar.com/cars/detail/41643632?advClickPosition=mweb_mhightlight_g111_t49382&listAdvType=mhighlight&type=detail&view_type=checked,"Message: tab crashed
  (Session info: chrome=145.0.7632.160)
"
362,41650568,https://fem.encar.com/cars/detail/41650568?advClickPosition=mweb_mhightlight_g112_t49382&listAdvType=mhighlight&type=detail&view_type=checked,"Message: tab crashed
  (Session info: chrome=145.0.7632.160)
"
363,41596650,https://fem.encar.com/cars/detail/41596650?advClickPosition=mweb_mhightlight_g113_t49382&listAdvType=mhighlight&type=detail&view_type=checked,"Message: tab crashed
  (Session info: chrome=145.0.7632.160)
"
364,41594870,https://fem.encar.com/cars/detail/41594870?advClickPosition=mweb_mhightlight_g114_t49382&listAdvType=mhighlight&type=detail&view_type=checked,"Message: tab crashed
  (Session info: chrome=145.0.7632.160)
"
365,41588801,https://fem.encar.com/cars/detail/41588801?advClickPosition=mweb_mhightlight_g115_t49382&listAdvType=mhighlight&type=detail&view_type=checked,"Message: tab crashed
  (Session info: chrome=145.0.7632.160)
"
366,41653241,https://fem.encar.com/cars/detail/41653241?advClickPosition=mweb_mhightlight_g116_t49382&listAdvType=mhighlight&type=detail&view_type=normal,"Message: tab crashed
  (Session info: chrome=145.0.7632.160)
"
367,41655850,https://fem.encar.com/cars/detail/41655850?advClickPosition=mweb_mhightlight_g117_t49382&listAdvType=mhighlight&type=detail&view_type=checked,"Message: tab crashed
  (Session info: chrome=145.0.7632.160)
"
368,41660995,https://fem.encar.com/cars/detail/41660995?advClickPosition=mweb_mhightlight_g118_t49382&listAdvType=mhighlight&type=detail&view_type=checked,"Message: tab crashed
  (Session info: chrome=145.0.7632.160)
"
369,41351215,https://fem.encar.com/cars/detail/41351215?advClickPosition=mweb_mhightlight_g119_t49382&listAdvType=mhighlight&type=detail&view_type=hs_ad,"Message: tab crashed
  (Session info: chrome=145.0.7632.160)
"
370,41033169,https://fem.encar.com/cars/detail/41033169?advClickPosition=mweb_mhightlight_g120_t49382&listAdvType=mhighlight&type=detail&view_type=hs_ad,"Message: tab crashed
  (Session info: chrome=145.0.7632.160)
"
371,41005505,https://fem.encar.com/cars/detail/41005505?advClickPosition=mweb_mhightlight_g121_t49382&listAdvType=mhighlight&type=detail&view_type=hs_ad,"Message: tab crashed
  (Session info: chrome=145.0.7632.160)
"
372,40981552,https://fem.encar.com/cars/detail/40981552?advClickPosition=mweb_mhightlight_g122_t49382&listAdvType=mhighlight&type=detail&view_type=hs_ad,"Message: tab crashed
  (Session info: chrome=145.0.7632.160)
"
373,41021014,https://fem.encar.com/cars/detail/41021014?advClickPosition=mweb_mhightlight_g123_t49382&listAdvType=mhighlight&type=detail&view_type=hs_ad,"Message: tab crashed
  (Session info: chrome=145.0.7632.160)
"
374,41002702,https://fem.encar.com/cars/detail/41002702?advClickPosition=mweb_mhightlight_g124_t49382&listAdvType=mhighlight&type=detail&view_type=hs_ad,"Message: tab crashed
  (Session info: chrome=145.0.7632.160)
"
375,40998708,https://fem.encar.com/cars/detail/40998708?advClickPosition=mweb_mhightlight_g125_t49382&listAdvType=mhighlight&type=detail&view_type=hs_ad,"Message: tab crashed
  (Session info: chrome=145.0.7632.160)
"
376,41079319,https://fem.encar.com/cars/detail/41079319?advClickPosition=mweb_mhightlight_g126_t49382&listAdvType=mhighlight&type=detail&view_type=hs_ad,"Message: tab crashed
  (Session info: chrome=145.0.7632.160)
"
377,41061824,https://fem.encar.com/cars/detail/41061824?advClickPosition=mweb_mhightlight_g127_t49382&listAdvType=mhighlight&type=detail&view_type=hs_ad,"Message: tab crashed
  (Session info: chrome=145.0.7632.160)
"
378,41059918,https://fem.encar.com/cars/detail/41059918?advClickPosition=mweb_mhightlight_g128_t49382&listAdvType=mhighlight&type=detail&view_type=hs_ad,"Message: tab crashed
  (Session info: chrome=145.0.7632.160)
"
379,41060262,https://fem.encar.com/cars/detail/41060262?advClickPosition=mweb_mhightlight_g129_t49382&listAdvType=mhighlight&type=detail&view_type=hs_ad,"Message: tab crashed
  (Session info: chrome=145.0.7632.160)
"
380,40780539,https://fem.encar.com/cars/detail/40780539?advClickPosition=mweb_mhightlight_g130_t49382&listAdvType=mhighlight&type=detail&view_type=hs_ad,"Message: tab crashed
  (Session info: chrome=145.0.7632.160)
"
381,40674131,https://fem.encar.com/cars/detail/40674131?advClickPosition=mweb_mhightlight_g131_t49382&listAdvType=mhighlight&type=detail&view_type=hs_ad,"Message: tab crashed
  (Session info: chrome=145.0.7632.160)
"
382,40648394,https://fem.encar.com/cars/detail/40648394?advClickPosition=mweb_mhightlight_g132_t49382&listAdvType=mhighlight&type=detail&view_type=hs_ad,"Message: tab crashed
  (Session info: chrome=145.0.7632.160)
"
383,41593219,https://fem.encar.com/cars/detail/41593219?advClickPosition=mweb_mhightlight_g133_t49382&listAdvType=mhighlight&type=detail&view_type=hs_ad,"Message: tab crashed
  (Session info: chrome=145.0.7632.160)
"
384,41641168,https://fem.encar.com/cars/detail/41641168?advClickPosition=mweb_mhightlight_g134_t49382&listAdvType=mhighlight&type=detail&view_type=hs_ad,"Message: tab crashed
  (Session info: chrome=145.0.7632.160)
"
385,41380025,https://fem.encar.com/cars/detail/41380025?advClickPosition=mweb_mhightlight_g135_t49382&listAdvType=mhighlight&type=detail&view_type=hs_ad,"Message: tab crashed
  (Session info: chrome=145.0.7632.160)
"
386,41388269,https://fem.encar.com/cars/detail/41388269?advClickPosition=mweb_mhightlight_g136_t49382&listAdvType=mhighlight&type=detail&view_type=hs_ad,"Message: tab crashed
  (Session info: chrome=145.0.7632.160)
"
387,41325749,https://fem.encar.com/cars/detail/41325749?advClickPosition=mweb_mhightlight_g137_t49382&listAdvType=mhighlight&type=detail&view_type=hs_ad,"Message: tab crashed
  (Session info: chrome=145.0.7632.160)
"
388,41310489,https://fem.encar.com/cars/detail/41310489?advClickPosition=mweb_mhightlight_g138_t49382&listAdvType=mhighlight&type=detail&view_type=hs_ad,"Message: tab crashed
  (Session info: chrome=145.0.7632.160)
"
389,41308170,https://fem.encar.com/cars/detail/41308170?advClickPosition=mweb_mhightlight_g139_t49382&listAdvType=mhighlight&type=detail&view_type=hs_ad,"Message: tab crashed
  (Session info: chrome=145.0.7632.160)
"
390,41305200,https://fem.encar.com/cars/detail/41305200?advClickPosition=mweb_mhightlight_g140_t49382&listAdvType=mhighlight&type=detail&view_type=hs_ad,"Message: tab crashed
  (Session info: chrome=145.0.7632.160)
"
391,41303899,https://fem.encar.com/cars/detail/41303899?advClickPosition=mweb_mhightlight_g141_t49382&listAdvType=mhighlight&type=detail&view_type=hs_ad,"Message: tab crashed
  (Session info: chrome=145.0.7632.160)
"
392,41303625,https://fem.encar.com/cars/detail/41303625?advClickPosition=mweb_mhightlight_g142_t49382&listAdvType=mhighlight&type=detail&view_type=hs_ad,"Message: tab crashed
  (Session info: chrome=145.0.7632.160)
"
393,41204008,https://fem.encar.com/cars/detail/41204008?advClickPosition=mweb_mhightlight_g143_t49382&listAdvType=mhighlight&type=detail&view_type=hs_ad,"Message: tab crashed
  (Session info: chrome=145.0.7632.160)
"
394,41187377,https://fem.encar.com/cars/detail/41187377?advClickPosition=mweb_mhightlight_g144_t49382&listAdvType=mhighlight&type=detail&view_type=hs_ad,"Message: tab crashed
  (Session info: chrome=145.0.7632.160)
"
395,41187056,https://fem.encar.com/cars/detail/41187056?advClickPosition=mweb_mhightlight_g145_t49382&listAdvType=mhighlight&type=detail&view_type=hs_ad,"Message: tab crashed
  (Session info: chrome=145.0.7632.160)
"
396,41471449,https://fem.encar.com/cars/detail/41471449?advClickPosition=mweb_mhightlight_g146_t49382&listAdvType=mhighlight&type=detail&view_type=hs_ad,"Message: tab crashed
  (Session info: chrome=145.0.7632.160)
"
397,41456029,https://fem.encar.com/cars/detail/41456029?advClickPosition=mweb_mhightlight_g147_t49382&listAdvType=mhighlight&type=detail&view_type=hs_ad,"Message: tab crashed
  (Session info: chrome=145.0.7632.160)
"
398,41410543,https://fem.encar.com/cars/detail/41410543?advClickPosition=mweb_mhightlight_g148_t49382&listAdvType=mhighlight&type=detail&view_type=hs_ad,"Message: tab crashed
  (Session info: chrome=145.0.7632.160)
"
399,41079344,https://fem.encar.com/cars/detail/41079344?advClickPosition=mweb_mhightlight_g149_t49382&listAdvType=mhighlight&type=detail&view_type=hs_ad,"Message: tab crashed
  (Session info: chrome=145.0.7632.160)
"
400,41152371,https://fem.encar.com/cars/detail/41152371?advClickPosition=mweb_mhightlight_g150_t49382&listAdvType=mhighlight&type=detail&view_type=hs_ad,"Message: tab crashed
  (Session info: chrome=145.0.7632.160)
"
401,41143587,https://fem.encar.com/cars/detail/41143587?advClickPosition=mweb_mhightlight_g151_t49382&listAdvType=mhighlight&type=detail&view_type=hs_ad,"Message: tab crashed
  (Session info: chrome=145.0.7632.160)
"
402,41153243,https://fem.encar.com/cars/detail/41153243?advClickPosition=mweb_mhightlight_g152_t49382&listAdvType=mhighlight&type=detail&view_type=hs_ad,"Message: tab crashed
  (Session info: chrome=145.0.7632.160)
"
403,41082027,https://fem.encar.com/cars/detail/41082027?advClickPosition=mweb_mhightlight_g153_t49382&listAdvType=mhighlight&type=detail&view_type=hs_ad,"Message: tab crashed
  (Session info: chrome=145.0.7632.160)
"
404,41097437,https://fem.encar.com/cars/detail/41097437?advClickPosition=mweb_mhightlight_g154_t49382&listAdvType=mhighlight&type=detail&view_type=hs_ad,"Message: tab crashed
  (Session info: chrome=145.0.7632.160)
"
405,41351225,https://fem.encar.com/cars/detail/41351225?advClickPosition=mweb_mhightlight_g155_t49382&listAdvType=mhighlight&type=detail&view_type=hs_ad,"Message: tab crashed
  (Session info: chrome=145.0.7632.160)
"
406,41304339,https://fem.encar.com/cars/detail/41304339?advClickPosition=mweb_mhightlight_g156_t49382&listAdvType=mhighlight&type=detail&view_type=hs_ad,"Message: tab crashed
  (Session info: chrome=145.0.7632.160)
"
407,41471452,https://fem.encar.com/cars/detail/41471452?advClickPosition=mweb_mhightlight_g157_t49382&listAdvType=mhighlight&type=detail&view_type=hs_ad,"Message: tab crashed
  (Session info: chrome=145.0.7632.160)
"
408,41457465,https://fem.encar.com/cars/detail/41457465?advClickPosition=mweb_mhightlight_g158_t49382&listAdvType=mhighlight&type=detail&view_type=hs_ad,"Message: tab crashed
  (Session info: chrome=145.0.7632.160)
"
409,41447500,https://fem.encar.com/cars/detail/41447500?advClickPosition=mweb_mhightlight_g159_t49382&listAdvType=mhighlight&type=detail&view_type=hs_ad,"Message: tab crashed
  (Session info: chrome=145.0.7632.160)
"
410,41432136,https://fem.encar.com/cars/detail/41432136?advClickPosition=mweb_mhightlight_g160_t49382&listAdvType=mhighlight&type=detail&view_type=hs_ad,"Message: tab crashed
  (Session info: chrome=145.0.7632.160)
"
411,41409774,https://fem.encar.com/cars/detail/41409774?advClickPosition=mweb_mhightlight_g161_t49382&listAdvType=mhighlight&type=detail&view_type=hs_ad,"Message: tab crashed
  (Session info: chrome=145.0.7632.160)
"
412,41161539,https://fem.encar.com/cars/detail/41161539?advClickPosition=mweb_mhightlight_g162_t49382&listAdvType=mhighlight&type=detail&view_type=hs_ad,"Message: tab crashed
  (Session info: chrome=145.0.7632.160)
"
413,41160685,https://fem.encar.com/cars/detail/41160685?advClickPosition=mweb_mhightlight_g163_t49382&listAdvType=mhighlight&type=detail&view_type=hs_ad,"Message: tab crashed
  (Session info: chrome=145.0.7632.160)
"
414,41159166,https://fem.encar.com/cars/detail/41159166?advClickPosition=mweb_mhightlight_g164_t49382&listAdvType=mhighlight&type=detail&view_type=hs_ad,"Message: tab crashed
  (Session info: chrome=145.0.7632.160)
"
415,41554266,https://fem.encar.com/cars/detail/41554266?advClickPosition=mweb_mhightlight_g165_t49382&listAdvType=mhighlight&type=detail&view_type=hs_ad,"Message: tab crashed
  (Session info: chrome=145.0.7632.160)
"
416,41543689,https://fem.encar.com/cars/detail/41543689?advClickPosition=mweb_mhightlight_g166_t49382&listAdvType=mhighlight&type=detail&view_type=hs_ad,"Message: tab crashed
  (Session info: chrome=145.0.7632.160)
"
417,41546693,https://fem.encar.com/cars/detail/41546693?advClickPosition=mweb_mhightlight_g167_t49382&listAdvType=mhighlight&type=detail&view_type=hs_ad,"Message: tab crashed
  (Session info: chrome=145.0.7632.160)
"
418,41537071,https://fem.encar.com/cars/detail/41537071?advClickPosition=mweb_mhightlight_g168_t49382&listAdvType=mhighlight&type=detail&view_type=hs_ad,"Message: tab crashed
  (Session info: chrome=145.0.7632.160)
"
419,41530854,https://fem.encar.com/cars/detail/41530854?advClickPosition=mweb_mhightlight_g169_t49382&listAdvType=mhighlight&type=detail&view_type=hs_ad,"Message: tab crashed
  (Session info: chrome=145.0.7632.160)
"
420,41520323,https://fem.encar.com/cars/detail/41520323?advClickPosition=mweb_mhightlight_g170_t49382&listAdvType=mhighlight&type=detail&view_type=hs_ad,"Message: tab crashed
  (Session info: chrome=145.0.7632.160)
"
421,41487823,https://fem.encar.com/cars/detail/41487823?advClickPosition=mweb_mhightlight_g171_t49382&listAdvType=mhighlight&type=detail&view_type=hs_ad,"Message: tab crashed
  (Session info: chrome=145.0.7632.160)
"
422,41614616,https://fem.encar.com/cars/detail/41614616?advClickPosition=mweb_mhightlight_g172_t49382&listAdvType=mhighlight&type=detail&view_type=hs_ad,"Message: tab crashed
  (Session info: chrome=145.0.7632.160)
"
423,41606940,https://fem.encar.com/cars/detail/41606940?advClickPosition=mweb_mhightlight_g173_t49382&listAdvType=mhighlight&type=detail&view_type=hs_ad,"Message: tab crashed
  (Session info: chrome=145.0.7632.160)
"
424,41569660,https://fem.encar.com/cars/detail/41569660?advClickPosition=mweb_mhightlight_g174_t49382&listAdvType=mhighlight&type=detail&view_type=hs_ad,"Message: tab crashed
  (Session info: chrome=145.0.7632.160)
"
425,41550812,https://fem.encar.com/cars/detail/41550812?advClickPosition=mweb_mhightlight_g175_t49382&listAdvType=mhighlight&type=detail&view_type=hs_ad,"Message: tab crashed
  (Session info: chrome=145.0.7632.160)
"
426,41518810,https://fem.encar.com/cars/detail/41518810?advClickPosition=mweb_mhightlight_g176_t49382&listAdvType=mhighlight&type=detail&view_type=hs_ad,"Message: tab crashed
  (Session info: chrome=145.0.7632.160)
"
427,41625038,https://fem.encar.com/cars/detail/41625038?advClickPosition=mweb_mhightlight_g177_t49382&listAdvType=mhighlight&type=detail&view_type=hs_ad,"Message: tab crashed
  (Session info: chrome=145.0.7632.160)
"
428,41437763,https://fem.encar.com/cars/detail/41437763?advClickPosition=mweb_mhightlight_g178_t49382&listAdvType=mhighlight&type=detail&view_type=normal,"Message: tab crashed
  (Session info: chrome=145.0.7632.160)
"
429,41408420,https://fem.encar.com/cars/detail/41408420?advClickPosition=mweb_mhightlight_g179_t49382&listAdvType=mhighlight&type=detail&view_type=checked,"Message: tab crashed
  (Session info: chrome=145.0.7632.160)
"
430,41360416,https://fem.encar.com/cars/detail/41360416?advClickPosition=mweb_mhightlight_g180_t49382&listAdvType=mhighlight&type=detail&view_type=checked,"Message: tab crashed
  (Session info: chrome=145.0.7632.160)
"
431,41408912,https://fem.encar.com/cars/detail/41408912?advClickPosition=mweb_mhightlight_g181_t49382&listAdvType=mhighlight&type=detail&view_type=checked,"Message: tab crashed
  (Session info: chrome=145.0.7632.160)
"
432,41331399,https://fem.encar.com/cars/detail/41331399?advClickPosition=mweb_mhightlight_g182_t49382&listAdvType=mhighlight&type=detail&view_type=checked,"Message: tab crashed
  (Session info: chrome=145.0.7632.160)
"
433,41362602,https://fem.encar.com/cars/detail/41362602?advClickPosition=mweb_mhightlight_g183_t49382&listAdvType=mhighlight&type=detail&view_type=checked,"Message: tab crashed
  (Session info: chrome=145.0.7632.160)
"
434,41343951,https://fem.encar.com/cars/detail/41343951?advClickPosition=mweb_mhightlight_g184_t49382&listAdvType=mhighlight&type=detail&view_type=checked,"Message: tab crashed
  (Session info: chrome=145.0.7632.160)
"
435,41308829,https://fem.encar.com/cars/detail/41308829?advClickPosition=mweb_mhightlight_g185_t49382&listAdvType=mhighlight&type=detail&view_type=checked,"Message: tab crashed
  (Session info: chrome=145.0.7632.160)
"
436,41308008,https://fem.encar.com/cars/detail/41308008?advClickPosition=mweb_mhightlight_g186_t49382&listAdvType=mhighlight&type=detail&view_type=checked,"Message: tab crashed
  (Session info: chrome=145.0.7632.160)
"
437,41327055,https://fem.encar.com/cars/detail/41327055?advClickPosition=mweb_mhightlight_g187_t49382&listAdvType=mhighlight&type=detail&view_type=normal,"Message: tab crashed
  (Session info: chrome=145.0.7632.160)
"
438,41513522,https://fem.encar.com/cars/detail/41513522?advClickPosition=mweb_mhightlight_g188_t49382&listAdvType=mhighlight&type=detail&view_type=checked,"Message: tab crashed
  (Session info: chrome=145.0.7632.160)
"
439,41506372,https://fem.encar.com/cars/detail/41506372?advClickPosition=mweb_mhightlight_g189_t49382&listAdvType=mhighlight&type=detail&view_type=checked,"Message: tab crashed
  (Session info: chrome=145.0.7632.160)
"
440,41488729,https://fem.encar.com/cars/detail/41488729?advClickPosition=mweb_mhightlight_g190_t49382&listAdvType=mhighlight&type=detail&view_type=checked,"Message: tab crashed
  (Session info: chrome=145.0.7632.160)
"
441,41510435,https://fem.encar.com/cars/detail/41510435?advClickPosition=mweb_mhightlight_g191_t49382&listAdvType=mhighlight&type=detail&view_type=normal,"Message: tab crashed
  (Session info: chrome=145.0.7632.160)
"
442,41459116,https://fem.encar.com/cars/detail/41459116?advClickPosition=mweb_mhightlight_g192_t49382&listAdvType=mhighlight&type=detail&view_type=checked,"Message: tab crashed
  (Session info: chrome=145.0.7632.160)
"
443,41450892,https://fem.encar.com/cars/detail/41450892?advClickPosition=mweb_mhightlight_g193_t49382&listAdvType=mhighlight&type=detail&view_type=checked,"Message: tab crashed
  (Session info: chrome=145.0.7632.160)
"
444,41570919,https://fem.encar.com/cars/detail/41570919?advClickPosition=mweb_mhightlight_g194_t49382&listAdvType=mhighlight&type=detail&view_type=checked,"Message: tab crashed
  (Session info: chrome=145.0.7632.160)
"
445,41551716,https://fem.encar.com/cars/detail/41551716?advClickPosition=mweb_mhightlight_g195_t49382&listAdvType=mhighlight&type=detail&view_type=checked,"Message: tab crashed
  (Session info: chrome=145.0.7632.160)
"
446,41557968,https://fem.encar.com/cars/detail/41557968?advClickPosition=mweb_mhightlight_g196_t49382&listAdvType=mhighlight&type=detail&view_type=normal,"Message: tab crashed
  (Session info: chrome=145.0.7632.160)
"
447,41545058,https://fem.encar.com/cars/detail/41545058?advClickPosition=mweb_mhightlight_g197_t49382&listAdvType=mhighlight&type=detail&view_type=normal,"Message: tab crashed
  (Session info: chrome=145.0.7632.160)
"
448,41550706,https://fem.encar.com/cars/detail/41550706?advClickPosition=mweb_mhightlight_g198_t49382&listAdvType=mhighlight&type=detail&view_type=checked,"Message: tab crashed
  (Session info: chrome=145.0.7632.160)
"
449,41547095,https://fem.encar.com/cars/detail/41547095?advClickPosition=mweb_mhightlight_g199_t49382&listAdvType=mhighlight&type=detail&view_type=checked,"Message: tab crashed
  (Session info: chrome=145.0.7632.160)
"
450,41546508,https://fem.encar.com/cars/detail/41546508?advClickPosition=mweb_mhightlight_g200_t49382&listAdvType=mhighlight&type=detail&view_type=normal,"Message: tab crashed
  (Session info: chrome=145.0.7632.160)
"
451,41610873,https://fem.encar.com/cars/detail/41610873?advClickPosition=mweb_mhightlight_g1_t49382&listAdvType=mhighlight&type=detail&view_type=checked,"Message: tab crashed
  (Session info: chrome=145.0.7632.160)
"
452,41606853,https://fem.encar.com/cars/detail/41606853?advClickPosition=mweb_mhightlight_g2_t49382&listAdvType=mhighlight&type=detail&view_type=normal,"Message: tab crashed
  (Session info: chrome=145.0.7632.160)
"
453,41593363,https://fem.encar.com/cars/detail/41593363?advClickPosition=mweb_mhightlight_g3_t49382&listAdvType=mhighlight&type=detail&view_type=normal,"Message: tab crashed
  (Session info: chrome=145.0.7632.160)
"
454,41579548,https://fem.encar.com/cars/detail/41579548?advClickPosition=mweb_mhightlight_g4_t49382&listAdvType=mhighlight&type=detail&view_type=normal,"Message: tab crashed
  (Session info: chrome=145.0.7632.160)
"
455,41625854,https://fem.encar.com/cars/detail/41625854?advClickPosition=mweb_mhightlight_g5_t49382&listAdvType=mhighlight&type=detail&view_type=normal,"Message: tab crashed
  (Session info: chrome=145.0.7632.160)
"
456,41624943,https://fem.encar.com/cars/detail/41624943?advClickPosition=mweb_mhightlight_g6_t49382&listAdvType=mhighlight&type=detail&view_type=normal,"Message: tab crashed
  (Session info: chrome=145.0.7632.160)
"
457,41626411,https://fem.encar.com/cars/detail/41626411?advClickPosition=mweb_mhightlight_g7_t49382&listAdvType=mhighlight&type=detail&view_type=normal,"Message: tab crashed
  (Session info: chrome=145.0.7632.160)
"
458,41631263,https://fem.encar.com/cars/detail/41631263?advClickPosition=mweb_mhightlight_g8_t49382&listAdvType=mhighlight&type=detail&view_type=normal,"Message: tab crashed
  (Session info: chrome=145.0.7632.160)
"
459,41624656,https://fem.encar.com/cars/detail/41624656?advClickPosition=mweb_mhightlight_g9_t49382&listAdvType=mhighlight&type=detail&view_type=normal,"Message: tab crashed
  (Session info: chrome=145.0.7632.160)
"
460,41612099,https://fem.encar.com/cars/detail/41612099?advClickPosition=mweb_mhightlight_g10_t49382&listAdvType=mhighlight&type=detail&view_type=checked,"Message: tab crashed
  (Session info: chrome=145.0.7632.160)
"
461,41594461,https://fem.encar.com/cars/detail/41594461?advClickPosition=mweb_mhightlight_g11_t49382&listAdvType=mhighlight&type=detail&view_type=checked,"Message: tab crashed
  (Session info: chrome=145.0.7632.160)
"
462,41594349,https://fem.encar.com/cars/detail/41594349?advClickPosition=mweb_mhightlight_g12_t49382&listAdvType=mhighlight&type=detail&view_type=checked,"Message: tab crashed
  (Session info: chrome=145.0.7632.160)
"
463,41576284,https://fem.encar.com/cars/detail/41576284?advClickPosition=mweb_mhightlight_g13_t49382&listAdvType=mhighlight&type=detail&view_type=checked,"Message: tab crashed
  (Session info: chrome=145.0.7632.160)
"
476,41289441,https://fem.encar.com/cars/detail/41289441?advClickPosition=mweb_mhightlight_g26_t49382&listAdvType=mhighlight&type=detail&view_type=checked,"Message: tab crashed
  (Session info: chrome=145.0.7632.160)
"
477,41310228,https://fem.encar.com/cars/detail/41310228?advClickPosition=mweb_mhightlight_g27_t49382&listAdvType=mhighlight&type=detail&view_type=checked,"Message: tab crashed
  (Session info: chrome=145.0.7632.160)
"
478,41531856,https://fem.encar.com/cars/detail/41531856?advClickPosition=mweb_mhightlight_g28_t49382&listAdvType=mhighlight&type=detail&view_type=checked,"Message: tab crashed
  (Session info: chrome=145.0.7632.160)
"
479,41640238,https://fem.encar.com/cars/detail/41640238?advClickPosition=mweb_mhightlight_g29_t49382&listAdvType=mhighlight&type=detail&view_type=checked,"Message: tab crashed
  (Session info: chrome=145.0.7632.160)
"
480,41619513,https://fem.encar.com/cars/detail/41619513?advClickPosition=mweb_mhightlight_g30_t49382&listAdvType=mhighlight&type=detail&view_type=checked,"Message: tab crashed
  (Session info: chrome=145.0.7632.160)
"
481,40950722,https://fem.encar.com/cars/detail/40950722?advClickPosition=mweb_mhightlight_g31_t49382&listAdvType=mhighlight&type=detail&view_type=checked,"Message: tab crashed
  (Session info: chrome=145.0.7632.160)
"
482,41529290,https://fem.encar.com/cars/detail/41529290?advClickPosition=mweb_mhightlight_g32_t49382&listAdvType=mhighlight&type=detail&view_type=checked,"Message: tab crashed
  (Session info: chrome=145.0.7632.160)
"
483,41306191,https://fem.encar.com/cars/detail/41306191?advClickPosition=mweb_mhightlight_g33_t49382&listAdvType=mhighlight&type=detail&view_type=checked,"Message: tab crashed
  (Session info: chrome=145.0.7632.160)
"
485,41313692,https://fem.encar.com/cars/detail/41313692?advClickPosition=mweb_mhightlight_g35_t49382&listAdvType=mhighlight&type=detail&view_type=checked,"Message: tab crashed
  (Session info: chrome=145.0.7632.160)
"
565,41372064,https://fem.encar.com/cars/detail/41372064?advClickPosition=mweb_mhightlight_g115_t49382&listAdvType=mhighlight&type=detail&view_type=hs_ad,"Message: tab crashed
  (Session info: chrome=145.0.7632.160)
"
566,41352094,https://fem.encar.com/cars/detail/41352094?advClickPosition=mweb_mhightlight_g116_t49382&listAdvType=mhighlight&type=detail&view_type=hs_ad,"Message: tab crashed
  (Session info: chrome=145.0.7632.160)
"
569,41323109,https://fem.encar.com/cars/detail/41323109?advClickPosition=mweb_mhightlight_g119_t49382&listAdvType=mhighlight&type=detail&view_type=hs_ad,"Message: tab crashed
  (Session info: chrome=145.0.7632.160)
"
570,41322925,https://fem.encar.com/cars/detail/41322925?advClickPosition=mweb_mhightlight_g120_t49382&listAdvType=mhighlight&type=detail&view_type=hs_ad,"Message: tab crashed
  (Session info: chrome=145.0.7632.160)
"
572,41315365,https://fem.encar.com/cars/detail/41315365?advClickPosition=mweb_mhightlight_g122_t49382&listAdvType=mhighlight&type=detail&view_type=hs_ad,"Message: tab crashed
  (Session info: chrome=145.0.7632.160)
"
573,41423781,https://fem.encar.com/cars/detail/41423781?advClickPosition=mweb_mhightlight_g123_t49382&listAdvType=mhighlight&type=detail&view_type=hs_ad,"Message: tab crashed
  (Session info: chrome=145.0.7632.160)
"
575,41393720,https://fem.encar.com/cars/detail/41393720?advClickPosition=mweb_mhightlight_g125_t49382&listAdvType=mhighlight&type=detail&view_type=hs_ad,"Message: tab crashed
  (Session info: chrome=145.0.7632.160)
"
576,41385008,https://fem.encar.com/cars/detail/41385008?advClickPosition=mweb_mhightlight_g126_t49382&listAdvType=mhighlight&type=detail&view_type=hs_ad,"Message: tab crashed
  (Session info: chrome=145.0.7632.160)
"
577,41324490,https://fem.encar.com/cars/detail/41324490?advClickPosition=mweb_mhightlight_g127_t49382&listAdvType=mhighlight&type=detail&view_type=hs_ad,"Message: tab crashed
  (Session info: chrome=145.0.7632.160)
"
578,41317588,https://fem.encar.com/cars/detail/41317588?advClickPosition=mweb_mhightlight_g128_t49382&listAdvType=mhighlight&type=detail&view_type=hs_ad,"Message: tab crashed
  (Session info: chrome=145.0.7632.160)
"
579,41316050,https://fem.encar.com/cars/detail/41316050?advClickPosition=mweb_mhightlight_g129_t49382&listAdvType=mhighlight&type=detail&view_type=hs_ad,"Message: tab crashed
  (Session info: chrome=145.0.7632.160)
"
580,41659733,https://fem.encar.com/cars/detail/41659733?advClickPosition=mweb_mhightlight_g130_t49382&listAdvType=mhighlight&type=detail&view_type=hs_ad,"Message: tab crashed
  (Session info: chrome=145.0.7632.160)
"
581,41590066,https://fem.encar.com/cars/detail/41590066?advClickPosition=mweb_mhightlight_g131_t49382&listAdvType=mhighlight&type=detail&view_type=hs_ad,"Message: tab crashed
  (Session info: chrome=145.0.7632.160)
"
582,41578884,https://fem.encar.com/cars/detail/41578884?advClickPosition=mweb_mhightlight_g132_t49382&listAdvType=mhighlight&type=detail&view_type=hs_ad,"Message: tab crashed
  (Session info: chrome=145.0.7632.160)
"
778,41651865,https://fem.encar.com/cars/detail/41651865?advClickPosition=mweb_mhightlight_g128_t49383&listAdvType=mhighlight&type=detail&view_type=hs_ad,"Message: tab crashed
  (Session info: chrome=145.0.7632.160)
"
779,41642689,https://fem.encar.com/cars/detail/41642689?advClickPosition=mweb_mhightlight_g129_t49383&listAdvType=mhighlight&type=detail&view_type=hs_ad,"Message: tab crashed
  (Session info: chrome=145.0.7632.160)
"
780,41148831,https://fem.encar.com/cars/detail/41148831?advClickPosition=mweb_mhightlight_g130_t49383&listAdvType=mhighlight&type=detail&view_type=checked,"Message: tab crashed
  (Session info: chrome=145.0.7632.160)
"
781,41131470,https://fem.encar.com/cars/detail/41131470?advClickPosition=mweb_mhightlight_g131_t49383&listAdvType=mhighlight&type=detail&view_type=normal,"Message: tab crashed
  (Session info: chrome=145.0.7632.160)
"
782,41123374,https://fem.encar.com/cars/detail/41123374?advClickPosition=mweb_mhightlight_g132_t49383&listAdvType=mhighlight&type=detail&view_type=checked,"Message: tab crashed
  (Session info: chrome=145.0.7632.160)
"
783,41115785,https://fem.encar.com/cars/detail/41115785?advClickPosition=mweb_mhightlight_g133_t49383&listAdvType=mhighlight&type=detail&view_type=checked,"Message: tab crashed
  (Session info: chrome=145.0.7632.160)
"
784,41113727,https://fem.encar.com/cars/detail/41113727?advClickPosition=mweb_mhightlight_g134_t49383&listAdvType=mhighlight&type=detail&view_type=checked,"Message: tab crashed
  (Session info: chrome=145.0.7632.160)
"
785,41108430,https://fem.encar.com/cars/detail/41108430?advClickPosition=mweb_mhightlight_g135_t49383&listAdvType=mhighlight&type=detail&view_type=checked,"Message: tab crashed
  (Session info: chrome=145.0.7632.160)
"
786,41294655,https://fem.encar.com/cars/detail/41294655?advClickPosition=mweb_mhightlight_g136_t49383&listAdvType=mhighlight&type=detail&view_type=checked,"Message: tab crashed
  (Session info: chrome=145.0.7632.160)
"
787,41275713,https://fem.encar.com/cars/detail/41275713?advClickPosition=mweb_mhightlight_g137_t49383&listAdvType=mhighlight&type=detail&view_type=normal,"Message: tab crashed
  (Session info: chrome=145.0.7632.160)
"
788,41294695,https://fem.encar.com/cars/detail/41294695?advClickPosition=mweb_mhightlight_g138_t49383&listAdvType=mhighlight&type=detail&view_type=checked,"Message: tab crashed
  (Session info: chrome=145.0.7632.160)
"
789,41207010,https://fem.encar.com/cars/detail/41207010?advClickPosition=mweb_mhightlight_g139_t49383&listAdvType=mhighlight&type=detail&view_type=checked,"Message: tab crashed
  (Session info: chrome=145.0.7632.160)
"
790,41015691,https://fem.encar.com/cars/detail/41015691?advClickPosition=mweb_mhightlight_g140_t49383&listAdvType=mhighlight&type=detail&view_type=checked,"Message: tab crashed
  (Session info: chrome=145.0.7632.160)
"
791,41004874,https://fem.encar.com/cars/detail/41004874?advClickPosition=mweb_mhightlight_g141_t49383&listAdvType=mhighlight&type=detail&view_type=checked,"Message: tab crashed
  (Session info: chrome=145.0.7632.160)
"
792,40987622,https://fem.encar.com/cars/detail/40987622?advClickPosition=mweb_mhightlight_g142_t49383&listAdvType=mhighlight&type=detail&view_type=normal,"Message: tab crashed
  (Session info: chrome=145.0.7632.160)
"
793,40829956,https://fem.encar.com/cars/detail/40829956?advClickPosition=mweb_mhightlight_g143_t49383&listAdvType=mhighlight&type=detail&view_type=normal,"Message: tab crashed
  (Session info: chrome=145.0.7632.160)
"
794,40966127,https://fem.encar.com/cars/detail/40966127?advClickPosition=mweb_mhightlight_g144_t49383&listAdvType=mhighlight&type=detail&view_type=normal,"Message: tab crashed
  (Session info: chrome=145.0.7632.160)
"
795,40951046,https://fem.encar.com/cars/detail/40951046?advClickPosition=mweb_mhightlight_g145_t49383&listAdvType=mhighlight&type=detail&view_type=checked,"Message: tab crashed
  (Session info: chrome=145.0.7632.160)
"
796,40950348,https://fem.encar.com/cars/detail/40950348?advClickPosition=mweb_mhightlight_g146_t49383&listAdvType=mhighlight&type=detail&view_type=checked,"Message: tab crashed
  (Session info: chrome=145.0.7632.160)
"
797,41087935,https://fem.encar.com/cars/detail/41087935?advClickPosition=mweb_mhightlight_g147_t49383&listAdvType=mhighlight&type=detail&view_type=checked,"Message: tab crashed
  (Session info: chrome=145.0.7632.160)
"
798,41095052,https://fem.encar.com/cars/detail/41095052?advClickPosition=mweb_mhightlight_g148_t49383&listAdvType=mhighlight&type=detail&view_type=checked,"Message: tab crashed
  (Session info: chrome=145.0.7632.160)
"
799,41079747,https://fem.encar.com/cars/detail/41079747?advClickPosition=mweb_mhightlight_g149_t49383&listAdvType=mhighlight&type=detail&view_type=normal,"Message: tab crashed
  (Session info: chrome=145.0.7632.160)
"
800,41071309,https://fem.encar.com/cars/detail/41071309?advClickPosition=mweb_mhightlight_g150_t49383&listAdvType=mhighlight&type=detail&view_type=checked,"Message: tab crashed
  (Session info: chrome=145.0.7632.160)
"
801,41055020,https://fem.encar.com/cars/detail/41055020?advClickPosition=mweb_mhightlight_g151_t49383&listAdvType=mhighlight&type=detail&view_type=normal,"Message: tab crashed
  (Session info: chrome=145.0.7632.160)
"
802,41051575,https://fem.encar.com/cars/detail/41051575?advClickPosition=mweb_mhightlight_g152_t49383&listAdvType=mhighlight&type=detail&view_type=checked,"Message: tab crashed
  (Session info: chrome=145.0.7632.160)
"
803,41026478,https://fem.encar.com/cars/detail/41026478?advClickPosition=mweb_mhightlight_g153_t49383&listAdvType=mhighlight&type=detail&view_type=checked,"Message: tab crashed
  (Session info: chrome=145.0.7632.160)
"
804,41153785,https://fem.encar.com/cars/detail/41153785?advClickPosition=mweb_mhightlight_g154_t49383&listAdvType=mhighlight&type=detail&view_type=checked,"Message: tab crashed
  (Session info: chrome=145.0.7632.160)
"
805,41151446,https://fem.encar.com/cars/detail/41151446?advClickPosition=mweb_mhightlight_g155_t49383&listAdvType=mhighlight&type=detail&view_type=normal,"Message: tab crashed
  (Session info: chrome=145.0.7632.160)
"
806,41165256,https://fem.encar.com/cars/detail/41165256?advClickPosition=mweb_mhightlight_g156_t49383&listAdvType=mhighlight&type=detail&view_type=checked,"Message: tab crashed
  (Session info: chrome=145.0.7632.160)
"
807,41157570,https://fem.encar.com/cars/detail/41157570?advClickPosition=mweb_mhightlight_g157_t49383&listAdvType=mhighlight&type=detail&view_type=checked,"Message: tab crashed
  (Session info: chrome=145.0.7632.160)
"
808,41078294,https://fem.encar.com/cars/detail/41078294?advClickPosition=mweb_mhightlight_g158_t49383&listAdvType=mhighlight&type=detail&view_type=checked,"Message: tab crashed
  (Session info: chrome=145.0.7632.160)
"
809,41024960,https://fem.encar.com/cars/detail/41024960?advClickPosition=mweb_mhightlight_g159_t49383&listAdvType=mhighlight&type=detail&view_type=checked,"Message: tab crashed
  (Session info: chrome=145.0.7632.160)
"
810,41076946,https://fem.encar.com/cars/detail/41076946?advClickPosition=mweb_mhightlight_g160_t49383&listAdvType=mhighlight&type=detail&view_type=checked,"Message: tab crashed
  (Session info: chrome=145.0.7632.160)
"
811,41075053,https://fem.encar.com/cars/detail/41075053?advClickPosition=mweb_mhightlight_g161_t49383&listAdvType=mhighlight&type=detail&view_type=normal,"Message: tab crashed
  (Session info: chrome=145.0.7632.160)
"
812,41063026,https://fem.encar.com/cars/detail/41063026?advClickPosition=mweb_mhightlight_g162_t49383&listAdvType=mhighlight&type=detail&view_type=normal,"Message: tab crashed
  (Session info: chrome=145.0.7632.160)
"
813,41049583,https://fem.encar.com/cars/detail/41049583?advClickPosition=mweb_mhightlight_g163_t49383&listAdvType=mhighlight&type=detail&view_type=normal,"Message: tab crashed
  (Session info: chrome=145.0.7632.160)
"
814,41153801,https://fem.encar.com/cars/detail/41153801?advClickPosition=mweb_mhightlight_g164_t49383&listAdvType=mhighlight&type=detail&view_type=checked,"Message: tab crashed
  (Session info: chrome=145.0.7632.160)
"
815,41160834,https://fem.encar.com/cars/detail/41160834?advClickPosition=mweb_mhightlight_g165_t49383&listAdvType=mhighlight&type=detail&view_type=normal,"Message: tab crashed
  (Session info: chrome=145.0.7632.160)
"
816,41159771,https://fem.encar.com/cars/detail/41159771?advClickPosition=mweb_mhightlight_g166_t49383&listAdvType=mhighlight&type=detail&view_type=checked,"Message: tab crashed
  (Session info: chrome=145.0.7632.160)
"
817,41160785,https://fem.encar.com/cars/detail/41160785?advClickPosition=mweb_mhightlight_g167_t49383&listAdvType=mhighlight&type=detail&view_type=checked,"Message: tab crashed
  (Session info: chrome=145.0.7632.160)
"
818,40622065,https://fem.encar.com/cars/detail/40622065?advClickPosition=mweb_mhightlight_g168_t49383&listAdvType=mhighlight&type=detail&view_type=checked,"Message: tab crashed
  (Session info: chrome=145.0.7632.160)
"
819,40618836,https://fem.encar.com/cars/detail/40618836?advClickPosition=mweb_mhightlight_g169_t49383&listAdvType=mhighlight&type=detail&view_type=checked,"Message: tab crashed
  (Session info: chrome=145.0.7632.160)
"
820,40617804,https://fem.encar.com/cars/detail/40617804?advClickPosition=mweb_mhightlight_g170_t49383&listAdvType=mhighlight&type=detail&view_type=checked,"Message: tab crashed
  (Session info: chrome=145.0.7632.160)
"
821,40164949,https://fem.encar.com/cars/detail/40164949?advClickPosition=mweb_mhightlight_g171_t49383&listAdvType=mhighlight&type=detail&view_type=checked,"Message: tab crashed
  (Session info: chrome=145.0.7632.160)
"
822,38679781,https://fem.encar.com/cars/detail/38679781?advClickPosition=mweb_mhightlight_g172_t49383&listAdvType=mhighlight&type=detail&view_type=checked,"Message: tab crashed
  (Session info: chrome=145.0.7632.160)
"
823,40659688,https://fem.encar.com/cars/detail/40659688?advClickPosition=mweb_mhightlight_g173_t49383&listAdvType=mhighlight&type=detail&view_type=checked,"Message: tab crashed
  (Session info: chrome=145.0.7632.160)
"
824,40465774,https://fem.encar.com/cars/detail/40465774?advClickPosition=mweb_mhightlight_g174_t49383&listAdvType=mhighlight&type=detail&view_type=checked,"Message: tab crashed
  (Session info: chrome=145.0.7632.160)
"
825,39361930,https://fem.encar.com/cars/detail/39361930?advClickPosition=mweb_mhightlight_g175_t49383&listAdvType=mhighlight&type=detail&view_type=checked,"Message: tab crashed
  (Session info: chrome=145.0.7632.160)
"
826,39354022,https://fem.encar.com/cars/detail/39354022?advClickPosition=mweb_mhightlight_g176_t49383&listAdvType=mhighlight&type=detail&view_type=normal,"Message: tab crashed
  (Session info: chrome=145.0.7632.160)
"
827,41010907,https://fem.encar.com/cars/detail/41010907?advClickPosition=mweb_mhightlight_g177_t49383&listAdvType=mhighlight&type=detail&view_type=checked,"Message: tab crashed
  (Session info: chrome=145.0.7632.160)
"
828,41146681,https://fem.encar.com/cars/detail/41146681?advClickPosition=mweb_mhightlight_g178_t49383&listAdvType=mhighlight&type=detail&view_type=checked,"Message: tab crashed
  (Session info: chrome=145.0.7632.160)
"
829,41136534,https://fem.encar.com/cars/detail/41136534?advClickPosition=mweb_mhightlight_g179_t49383&listAdvType=mhighlight&type=detail&view_type=checked,"Message: tab crashed
  (Session info: chrome=145.0.7632.160)
"
830,41252338,https://fem.encar.com/cars/detail/41252338?advClickPosition=mweb_mhightlight_g180_t49383&listAdvType=mhighlight&type=detail&view_type=checked,"Message: tab crashed
  (Session info: chrome=145.0.7632.160)
"
831,41289218,https://fem.encar.com/cars/detail/41289218?advClickPosition=mweb_mhightlight_g181_t49383&listAdvType=mhighlight&type=detail&view_type=normal,"Message: tab crashed
  (Session info: chrome=145.0.7632.160)
"
832,41252353,https://fem.encar.com/cars/detail/41252353?advClickPosition=mweb_mhightlight_g182_t49383&listAdvType=mhighlight&type=detail&view_type=checked,"Message: tab crashed
  (Session info: chrome=145.0.7632.160)
"
833,40751803,https://fem.encar.com/cars/detail/40751803?advClickPosition=mweb_mhightlight_g183_t49383&listAdvType=mhighlight&type=detail&view_type=checked,"Message: tab crashed
  (Session info: chrome=145.0.7632.160)
"
834,40557979,https://fem.encar.com/cars/detail/40557979?advClickPosition=mweb_mhightlight_g184_t49383&listAdvType=mhighlight&type=detail&view_type=normal,"Message: tab crashed
  (Session info: chrome=145.0.7632.160)
"
835,40203516,https://fem.encar.com/cars/detail/40203516?advClickPosition=mweb_mhightlight_g185_t49383&listAdvType=mhighlight&type=detail&view_type=checked,"Message: tab crashed
  (Session info: chrome=145.0.7632.160)
"
836,39802662,https://fem.encar.com/cars/detail/39802662?advClickPosition=mweb_mhightlight_g186_t49383&listAdvType=mhighlight&type=detail&view_type=checked,"Message: tab crashed
  (Session info: chrome=145.0.7632.160)
"
837,41149293,https://fem.encar.com/cars/detail/41149293?advClickPosition=mweb_mhightlight_g187_t49383&listAdvType=mhighlight&type=detail&view_type=checked,"Message: tab crashed
  (Session info: chrome=145.0.7632.160)
"
838,41143388,https://fem.encar.com/cars/detail/41143388?advClickPosition=mweb_mhightlight_g188_t49383&listAdvType=mhighlight&type=detail&view_type=normal,"Message: tab crashed
  (Session info: chrome=145.0.7632.160)
"
839,41141153,https://fem.encar.com/cars/detail/41141153?advClickPosition=mweb_mhightlight_g189_t49383&listAdvType=mhighlight&type=detail&view_type=normal,"Message: tab crashed
  (Session info: chrome=145.0.7632.160)
"
840,41646585,https://fem.encar.com/cars/detail/41646585?advClickPosition=mweb_mhightlight_g190_t49383&listAdvType=mhighlight&type=detail&view_type=checked,"Message: tab crashed
  (Session info: chrome=145.0.7632.160)
"
845,41448931,https://fem.encar.com/cars/detail/41448931?advClickPosition=mweb_mhightlight_g195_t49383&listAdvType=mhighlight&type=detail&view_type=checked,"Message: tab crashed
  (Session info: chrome=145.0.7632.160)
"
846,41509595,https://fem.encar.com/cars/detail/41509595?advClickPosition=mweb_mhightlight_g196_t49383&listAdvType=mhighlight&type=detail&view_type=checked,"Message: tab crashed
  (Session info: chrome=145.0.7632.160)
"
847,41487186,https://fem.encar.com/cars/detail/41487186?advClickPosition=mweb_mhightlight_g197_t49383&listAdvType=mhighlight&type=detail&view_type=checked,"Message: tab crashed
  (Session info: chrome=145.0.7632.160)
"
1138,40983239,https://fem.encar.com/cars/detail/40983239?advClickPosition=mweb_mhightlight_g88_t49385&listAdvType=mhighlight&type=detail&view_type=checked,"Message: tab crashed
  (Session info: chrome=145.0.7632.160)
"
1140,40889007,https://fem.encar.com/cars/detail/40889007?advClickPosition=mweb_mhightlight_g90_t49385&listAdvType=mhighlight&type=detail&view_type=normal,"Message: tab crashed
  (Session info: chrome=145.0.7632.160)
"
1156,41014563,https://fem.encar.com/cars/detail/41014563?advClickPosition=mweb_mhightlight_g106_t49385&listAdvType=mhighlight&type=detail&view_type=checked,"Message: tab crashed
  (Session info: chrome=145.0.7632.160)
"
1181,41208638,https://fem.encar.com/cars/detail/41208638?advClickPosition=mweb_mhightlight_g131_t49385&listAdvType=mhighlight&type=detail&view_type=checked,"Message: tab crashed
  (Session info: chrome=145.0.7632.160)
"
1182,41208610,https://fem.encar.com/cars/detail/41208610?advClickPosition=mweb_mhightlight_g132_t49385&listAdvType=mhighlight&type=detail&view_type=checked,"Message: tab crashed
  (Session info: chrome=145.0.7632.160)
"
1191,41176584,https://fem.encar.com/cars/detail/41176584?advClickPosition=mweb_mhightlight_g141_t49385&listAdvType=mhighlight&type=detail&view_type=checked,"Message: tab crashed
  (Session info: chrome=145.0.7632.160)
"
1192,41409604,https://fem.encar.com/cars/detail/41409604?advClickPosition=mweb_mhightlight_g142_t49385&listAdvType=mhighlight&type=detail&view_type=checked,"Message: tab crashed
  (Session info: chrome=145.0.7632.160)
"
1193,41417229,https://fem.encar.com/cars/detail/41417229?advClickPosition=mweb_mhightlight_g143_t49385&listAdvType=mhighlight&type=detail&view_type=normal,"Message: tab crashed
  (Session info: chrome=145.0.7632.160)
"
1194,41448091,https://fem.encar.com/cars/detail/41448091?advClickPosition=mweb_mhightlight_g144_t49385&listAdvType=mhighlight&type=detail&view_type=checked,"Message: tab crashed
  (Session info: chrome=145.0.7632.160)
"
1197,41409365,https://fem.encar.com/cars/detail/41409365?advClickPosition=mweb_mhightlight_g147_t49385&listAdvType=mhighlight&type=detail&view_type=checked,"Message: tab crashed
  (Session info: chrome=145.0.7632.160)
"
1202,41615642,https://fem.encar.com/cars/detail/41615642?advClickPosition=mweb_mhightlight_g152_t49385&listAdvType=mhighlight&type=detail&view_type=checked,"Message: tab crashed
  (Session info: chrome=145.0.7632.160)
"
1203,41623985,https://fem.encar.com/cars/detail/41623985?advClickPosition=mweb_mhightlight_g153_t49385&listAdvType=mhighlight&type=detail&view_type=checked,"Message: tab crashed
  (Session info: chrome=145.0.7632.160)
"
1204,41608405,https://fem.encar.com/cars/detail/41608405?advClickPosition=mweb_mhightlight_g154_t49385&listAdvType=mhighlight&type=detail&view_type=checked,"Message: tab crashed
  (Session info: chrome=145.0.7632.160)
"
1205,41636219,https://fem.encar.com/cars/detail/41636219?advClickPosition=mweb_mhightlight_g155_t49385&listAdvType=mhighlight&type=detail&view_type=normal,"Message: tab crashed
  (Session info: chrome=145.0.7632.160)
"
1206,41626581,https://fem.encar.com/cars/detail/41626581?advClickPosition=mweb_mhightlight_g156_t49385&listAdvType=mhighlight&type=detail&view_type=normal,"Message: tab crashed
  (Session info: chrome=145.0.7632.160)
"
1210,41006436,https://fem.encar.com/cars/detail/41006436?advClickPosition=mweb_mhightlight_g160_t49385&listAdvType=mhighlight&type=detail&view_type=normal,"Message: tab crashed
  (Session info: chrome=145.0.7632.160)
"
1214,41486057,https://fem.encar.com/cars/detail/41486057?advClickPosition=mweb_mhightlight_g164_t49385&listAdvType=mhighlight&type=detail&view_type=checked,"Message: tab crashed
  (Session info: chrome=145.0.7632.160)
"
1215,41465635,https://fem.encar.com/cars/detail/41465635?advClickPosition=mweb_mhightlight_g165_t49385&listAdvType=mhighlight&type=detail&view_type=normal,"Message: tab crashed
  (Session info: chrome=145.0.7632.160)
"
1216,41620366,https://fem.encar.com/cars/detail/41620366?advClickPosition=mweb_mhightlight_g166_t49385&listAdvType=mhighlight&type=detail&view_type=checked,"Message: tab crashed
  (Session info: chrome=145.0.7632.160)
"
1217,41606857,https://fem.encar.com/cars/detail/41606857?advClickPosition=mweb_mhightlight_g167_t49385&listAdvType=mhighlight&type=detail&view_type=checked,"Message: tab crashed
  (Session info: chrome=145.0.7632.160)
"
1218,41627270,https://fem.encar.com/cars/detail/41627270?advClickPosition=mweb_mhightlight_g168_t49385&listAdvType=mhighlight&type=detail&view_type=normal,"Message: tab crashed
  (Session info: chrome=145.0.7632.160)
"
1219,41627730,https://fem.encar.com/cars/detail/41627730?advClickPosition=mweb_mhightlight_g169_t49385&listAdvType=mhighlight&type=detail&view_type=checked,"Message: tab crashed
  (Session info: chrome=145.0.7632.160)
"
1220,41624408,https://fem.encar.com/cars/detail/41624408?advClickPosition=mweb_mhightlight_g170_t49385&listAdvType=mhighlight&type=detail&view_type=checked,"Message: tab crashed
  (Session info: chrome=145.0.7632.160)
"
1221,41569734,https://fem.encar.com/cars/detail/41569734?advClickPosition=mweb_mhightlight_g171_t49385&listAdvType=mhighlight&type=detail&view_type=checked,"Message: tab crashed
  (Session info: chrome=145.0.7632.160)
"
1222,41583133,https://fem.encar.com/cars/detail/41583133?advClickPosition=mweb_mhightlight_g172_t49385&listAdvType=mhighlight&type=detail&view_type=checked,"Message: tab crashed
  (Session info: chrome=145.0.7632.160)
"
1224,41596400,https://fem.encar.com/cars/detail/41596400?advClickPosition=mweb_mhightlight_g174_t49385&listAdvType=mhighlight&type=detail&view_type=checked,"Message: tab crashed
  (Session info: chrome=145.0.7632.160)
"
1229,41547742,https://fem.encar.com/cars/detail/41547742?advClickPosition=mweb_mhightlight_g179_t49385&listAdvType=mhighlight&type=detail&view_type=checked,"Message: tab crashed
  (Session info: chrome=145.0.7632.160)
"
1232,41544098,https://fem.encar.com/cars/detail/41544098?advClickPosition=mweb_mhightlight_g182_t49385&listAdvType=mhighlight&type=detail&view_type=normal,"Message: tab crashed
  (Session info: chrome=145.0.7632.160)
"
1233,41536674,https://fem.encar.com/cars/detail/41536674?advClickPosition=mweb_mhightlight_g183_t49385&listAdvType=mhighlight&type=detail&view_type=checked,"Message: tab crashed
  (Session info: chrome=145.0.7632.160)
"
1234,41531182,https://fem.encar.com/cars/detail/41531182?advClickPosition=mweb_mhightlight_g184_t49385&listAdvType=mhighlight&type=detail&view_type=normal,"Message: tab crashed
  (Session info: chrome=145.0.7632.160)
"
1235,41528252,https://fem.encar.com/cars/detail/41528252?advClickPosition=mweb_mhightlight_g185_t49385&listAdvType=mhighlight&type=detail&view_type=checked,"Message: tab crashed
  (Session info: chrome=145.0.7632.160)
"
1239,40803198,https://fem.encar.com/cars/detail/40803198?advClickPosition=mweb_mhightlight_g189_t49385&listAdvType=mhighlight&type=detail&view_type=checked,"Message: tab crashed
  (Session info: chrome=145.0.7632.160)
"
1241,41091825,https://fem.encar.com/cars/detail/41091825?advClickPosition=mweb_mhightlight_g191_t49385&listAdvType=mhighlight&type=detail&view_type=checked,"Message: tab crashed
  (Session info: chrome=145.0.7632.160)
"
1243,41099137,https://fem.encar.com/cars/detail/41099137?advClickPosition=mweb_mhightlight_g193_t49385&listAdvType=mhighlight&type=detail&view_type=normal,"Message: tab crashed
  (Session info: chrome=145.0.7632.160)
"
1245,41177748,https://fem.encar.com/cars/detail/41177748?advClickPosition=mweb_mhightlight_g195_t49385&listAdvType=mhighlight&type=detail&view_type=normal,"Message: tab crashed
  (Session info: chrome=145.0.7632.160)
"
1246,41172075,https://fem.encar.com/cars/detail/41172075?advClickPosition=mweb_mhightlight_g196_t49385&listAdvType=mhighlight&type=detail&view_type=checked,"Message: tab crashed
  (Session info: chrome=145.0.7632.160)
"
1247,41172063,https://fem.encar.com/cars/detail/41172063?advClickPosition=mweb_mhightlight_g197_t49385&listAdvType=mhighlight&type=detail&view_type=checked,"Message: tab crashed
  (Session info: chrome=145.0.7632.160)
"
1248,41170306,https://fem.encar.com/cars/detail/41170306?advClickPosition=mweb_mhightlight_g198_t49385&listAdvType=mhighlight&type=detail&view_type=normal,"Message: tab crashed
  (Session info: chrome=145.0.7632.160)
"
1249,41168746,https://fem.encar.com/cars/detail/41168746?advClickPosition=mweb_mhightlight_g199_t49385&listAdvType=mhighlight&type=detail&view_type=checked,"Message: tab crashed
  (Session info: chrome=145.0.7632.160)
"
1250,41438401,https://fem.encar.com/cars/detail/41438401?advClickPosition=mweb_mhightlight_g200_t49385&listAdvType=mhighlight&type=detail&view_type=normal,"Message: tab crashed
  (Session info: chrome=145.0.7632.160)
"
1624,41376616,https://fem.encar.com/cars/detail/41376616?advClickPosition=mweb_mhightlight_g175_t49385&listAdvType=mhighlight&type=detail&view_type=normal,"Message: tab crashed
  (Session info: chrome=145.0.7632.160)
"
1639,41378060,https://fem.encar.com/cars/detail/41378060?advClickPosition=mweb_mhightlight_g190_t49385&listAdvType=mhighlight&type=detail&view_type=normal,"Message: tab crashed
  (Session info: chrome=145.0.7632.160)
"
1642,41460901,https://fem.encar.com/cars/detail/41460901?advClickPosition=mweb_mhightlight_g193_t49385&listAdvType=mhighlight&type=detail&view_type=checked,"Message: tab crashed
  (Session info: chrome=145.0.7632.160)
"
2050,41004008,https://fem.encar.com/cars/detail/41004008?advClickPosition=mweb_mhightlight_g1_t49386&listAdvType=mhighlight&type=detail&view_type=checked,"Message: tab crashed
  (Session info: chrome=145.0.7632.160)
"
2051,40993670,https://fem.encar.com/cars/detail/40993670?advClickPosition=mweb_mhightlight_g2_t49386&listAdvType=mhighlight&type=detail&view_type=checked,"Message: tab crashed
  (Session info: chrome=145.0.7632.160)
"
2052,40962935,https://fem.encar.com/cars/detail/40962935?advClickPosition=mweb_mhightlight_g3_t49386&listAdvType=mhighlight&type=detail&view_type=checked,"Message: tab crashed
  (Session info: chrome=145.0.7632.160)
"
2053,40983729,https://fem.encar.com/cars/detail/40983729?advClickPosition=mweb_mhightlight_g4_t49386&listAdvType=mhighlight&type=detail&view_type=checked,"Message: tab crashed
  (Session info: chrome=145.0.7632.160)
"
2054,40977084,https://fem.encar.com/cars/detail/40977084?advClickPosition=mweb_mhightlight_g5_t49386&listAdvType=mhighlight&type=detail&view_type=checked,"Message: tab crashed
  (Session info: chrome=145.0.7632.160)
"
2055,40968993,https://fem.encar.com/cars/detail/40968993?advClickPosition=mweb_mhightlight_g6_t49386&listAdvType=mhighlight&type=detail&view_type=checked,"Message: tab crashed
  (Session info: chrome=145.0.7632.160)
"
2056,40823123,https://fem.encar.com/cars/detail/40823123?advClickPosition=mweb_mhightlight_g7_t49386&listAdvType=mhighlight&type=detail&view_type=normal,"Message: tab crashed
  (Session info: chrome=145.0.7632.160)
"
2057,41199612,https://fem.encar.com/cars/detail/41199612?advClickPosition=mweb_mhightlight_g8_t49386&listAdvType=mhighlight&type=detail&view_type=checked,"Message: tab crashed
  (Session info: chrome=145.0.7632.160)
"
2058,41175420,https://fem.encar.com/cars/detail/41175420?advClickPosition=mweb_mhightlight_g9_t49386&listAdvType=mhighlight&type=detail&view_type=normal,"Message: tab crashed
  (Session info: chrome=145.0.7632.160)
"
2059,41181870,https://fem.encar.com/cars/detail/41181870?advClickPosition=mweb_mhightlight_g10_t49386&listAdvType=mhighlight&type=detail&view_type=checked,"Message: tab crashed
  (Session info: chrome=145.0.7632.160)
"
2060,41184693,https://fem.encar.com/cars/detail/41184693?advClickPosition=mweb_mhightlight_g11_t49386&listAdvType=mhighlight&type=detail&view_type=normal,"Message: tab crashed
  (Session info: chrome=145.0.7632.160)
"
2061,41168717,https://fem.encar.com/cars/detail/41168717?advClickPosition=mweb_mhightlight_g12_t49386&listAdvType=mhighlight&type=detail&view_type=checked,"Message: tab crashed
  (Session info: chrome=145.0.7632.160)
"
2062,41159564,https://fem.encar.com/cars/detail/41159564?advClickPosition=mweb_mhightlight_g13_t49386&listAdvType=mhighlight&type=detail&view_type=checked,"Message: tab crashed
  (Session info: chrome=145.0.7632.160)
"
2063,41407246,https://fem.encar.com/cars/detail/41407246?advClickPosition=mweb_mhightlight_g14_t49386&listAdvType=mhighlight&type=detail&view_type=checked,"Message: tab crashed
  (Session info: chrome=145.0.7632.160)
"
2064,41405272,https://fem.encar.com/cars/detail/41405272?advClickPosition=mweb_mhightlight_g15_t49386&listAdvType=mhighlight&type=detail&view_type=checked,"Message: tab crashed
  (Session info: chrome=145.0.7632.160)
"
2065,41380672,https://fem.encar.com/cars/detail/41380672?advClickPosition=mweb_mhightlight_g16_t49386&listAdvType=mhighlight&type=detail&view_type=normal,"Message: tab crashed
  (Session info: chrome=145.0.7632.160)
"
2066,41379467,https://fem.encar.com/cars/detail/41379467?advClickPosition=mweb_mhightlight_g17_t49386&listAdvType=mhighlight&type=detail&view_type=checked,"Message: tab crashed
  (Session info: chrome=145.0.7632.160)
"
2067,41373048,https://fem.encar.com/cars/detail/41373048?advClickPosition=mweb_mhightlight_g18_t49386&listAdvType=mhighlight&type=detail&view_type=checked,"Message: tab crashed
  (Session info: chrome=145.0.7632.160)
"
2068,41346448,https://fem.encar.com/cars/detail/41346448?advClickPosition=mweb_mhightlight_g19_t49386&listAdvType=mhighlight&type=detail&view_type=checked,"Message: tab crashed
  (Session info: chrome=145.0.7632.160)
"
2069,41440754,https://fem.encar.com/cars/detail/41440754?advClickPosition=mweb_mhightlight_g20_t49386&listAdvType=mhighlight&type=detail&view_type=checked,"Message: tab crashed
  (Session info: chrome=145.0.7632.160)
"
2070,41304582,https://fem.encar.com/cars/detail/41304582?advClickPosition=mweb_mhightlight_g21_t49386&listAdvType=mhighlight&type=detail&view_type=normal,"Message: tab crashed
  (Session info: chrome=145.0.7632.160)
"
2071,41435963,https://fem.encar.com/cars/detail/41435963?advClickPosition=mweb_mhightlight_g22_t49386&listAdvType=mhighlight&type=detail&view_type=normal,"Message: tab crashed
  (Session info: chrome=145.0.7632.160)
"
2435,41520170,https://fem.encar.com/cars/detail/41520170?advClickPosition=mweb_mhightlight_g186_t49386&listAdvType=mhighlight&type=detail&view_type=checked,"Message: tab crashed
  (Session info: chrome=145.0.7632.160)
"
2438,41482881,https://fem.encar.com/cars/detail/41482881?advClickPosition=mweb_mhightlight_g189_t49386&listAdvType=mhighlight&type=detail&view_type=checked,"Message: tab crashed
  (Session info: chrome=145.0.7632.160)
"
3188,41199028,https://fem.encar.com/cars/detail/41199028?advClickPosition=mweb_mhightlight_g139_t49387&listAdvType=mhighlight&type=detail&view_type=checked,"Message: tab crashed
  (Session info: chrome=145.0.7632.160)
"
3189,41343198,https://fem.encar.com/cars/detail/41343198?advClickPosition=mweb_mhightlight_g140_t49387&listAdvType=mhighlight&type=detail&view_type=checked,"Message: tab crashed
  (Session info: chrome=145.0.7632.160)
"
3190,41409333,https://fem.encar.com/cars/detail/41409333?advClickPosition=mweb_mhightlight_g141_t49387&listAdvType=mhighlight&type=detail&view_type=checked,"Message: tab crashed
  (Session info: chrome=145.0.7632.160)
"
3191,41429461,https://fem.encar.com/cars/detail/41429461?advClickPosition=mweb_mhightlight_g142_t49387&listAdvType=mhighlight&type=detail&view_type=checked,"Message: tab crashed
  (Session info: chrome=145.0.7632.160)
"
3192,41445513,https://fem.encar.com/cars/detail/41445513?advClickPosition=mweb_mhightlight_g143_t49387&listAdvType=mhighlight&type=detail&view_type=checked,"Message: tab crashed
  (Session info: chrome=145.0.7632.160)
"
3193,41566702,https://fem.encar.com/cars/detail/41566702?advClickPosition=mweb_mhightlight_g144_t49387&listAdvType=mhighlight&type=detail&view_type=checked,"Message: tab crashed
  (Session info: chrome=145.0.7632.160)
"
3194,41506155,https://fem.encar.com/cars/detail/41506155?advClickPosition=mweb_mhightlight_g145_t49387&listAdvType=mhighlight&type=detail&view_type=checked,"Message: tab crashed
  (Session info: chrome=145.0.7632.160)
"
3195,41584492,https://fem.encar.com/cars/detail/41584492?advClickPosition=mweb_mhightlight_g146_t49387&listAdvType=mhighlight&type=detail&view_type=checked,"Message: tab crashed
  (Session info: chrome=145.0.7632.160)
"
3196,41642201,https://fem.encar.com/cars/detail/41642201?advClickPosition=mweb_mhightlight_g147_t49387&listAdvType=mhighlight&type=detail&view_type=checked,"Message: tab crashed
  (Session info: chrome=145.0.7632.160)
"
3197,41654829,https://fem.encar.com/cars/detail/41654829?advClickPosition=mweb_mhightlight_g148_t49387&listAdvType=mhighlight&type=detail&view_type=checked,"Message: tab crashed
  (Session info: chrome=145.0.7632.160)
"
3198,41655139,https://fem.encar.com/cars/detail/41655139?advClickPosition=mweb_mhightlight_g149_t49387&listAdvType=mhighlight&type=detail&view_type=checked,"Message: tab crashed
  (Session info: chrome=145.0.7632.160)
"
3199,41381493,https://fem.encar.com/cars/detail/41381493?advClickPosition=mweb_mhightlight_g150_t49387&listAdvType=mhighlight&type=detail&view_type=checked,"Message: tab crashed
  (Session info: chrome=145.0.7632.160)
"
3200,41654837,https://fem.encar.com/cars/detail/41654837?advClickPosition=mweb_mhightlight_g151_t49387&listAdvType=mhighlight&type=detail&view_type=checked,"Message: tab crashed
  (Session info: chrome=145.0.7632.160)
"
3201,41654831,https://fem.encar.com/cars/detail/41654831?advClickPosition=mweb_mhightlight_g152_t49387&listAdvType=mhighlight&type=detail&view_type=checked,"Message: tab crashed
  (Session info: chrome=145.0.7632.160)
"
3202,40397764,https://fem.encar.com/cars/detail/40397764?advClickPosition=mweb_mhightlight_g153_t49387&listAdvType=mhighlight&type=detail&view_type=checked,"Message: tab crashed
  (Session info: chrome=145.0.7632.160)
"
3203,41543777,https://fem.encar.com/cars/detail/41543777?advClickPosition=mweb_mhightlight_g154_t49387&listAdvType=mhighlight&type=detail&view_type=hs_ad,"Message: tab crashed
  (Session info: chrome=145.0.7632.160)
"
3204,41649589,https://fem.encar.com/cars/detail/41649589?advClickPosition=mweb_mhightlight_g155_t49387&listAdvType=mhighlight&type=detail&view_type=hs_ad,"Message: tab crashed
  (Session info: chrome=145.0.7632.160)
"
3205,41069296,https://fem.encar.com/cars/detail/41069296?advClickPosition=mweb_mhightlight_g156_t49387&listAdvType=mhighlight&type=detail&view_type=hs_ad,"Message: tab crashed
  (Session info: chrome=145.0.7632.160)
"
3206,40841613,https://fem.encar.com/cars/detail/40841613?advClickPosition=mweb_mhightlight_g157_t49387&listAdvType=mhighlight&type=detail&view_type=hs_ad,"Message: tab crashed
  (Session info: chrome=145.0.7632.160)
"
3207,41409535,https://fem.encar.com/cars/detail/41409535?advClickPosition=mweb_mhightlight_g158_t49387&listAdvType=mhighlight&type=detail&view_type=hs_ad,"Message: tab crashed
  (Session info: chrome=145.0.7632.160)
"
3208,41625518,https://fem.encar.com/cars/detail/41625518?advClickPosition=mweb_mhightlight_g159_t49387&listAdvType=mhighlight&type=detail&view_type=hs_ad,"Message: tab crashed
  (Session info: chrome=145.0.7632.160)
"
3209,41599793,https://fem.encar.com/cars/detail/41599793?advClickPosition=mweb_mhightlight_g160_t49387&listAdvType=mhighlight&type=detail&view_type=hs_ad,"Message: tab crashed
  (Session info: chrome=145.0.7632.160)
"
3210,40858949,https://fem.encar.com/cars/detail/40858949?advClickPosition=mweb_mhightlight_g161_t49387&listAdvType=mhighlight&type=detail&view_type=checked,"Message: tab crashed
  (Session info: chrome=145.0.7632.160)
"
3211,41394592,https://fem.encar.com/cars/detail/41394592?advClickPosition=mweb_mhightlight_g162_t49387&listAdvType=mhighlight&type=detail&view_type=hs_ad,"Message: tab crashed
  (Session info: chrome=145.0.7632.160)
"
3212,41603725,https://fem.encar.com/cars/detail/41603725?advClickPosition=mweb_mhightlight_g163_t49387&listAdvType=mhighlight&type=detail&view_type=hs_ad,"Message: tab crashed
  (Session info: chrome=145.0.7632.160)
"
3213,41531387,https://fem.encar.com/cars/detail/41531387?advClickPosition=mweb_mhightlight_g164_t49387&listAdvType=mhighlight&type=detail&view_type=hs_ad,"Message: tab crashed
  (Session info: chrome=145.0.7632.160)
"
3214,41445438,https://fem.encar.com/cars/detail/41445438?advClickPosition=mweb_mhightlight_g165_t49387&listAdvType=mhighlight&type=detail&view_type=hs_ad,"Message: tab crashed
  (Session info: chrome=145.0.7632.160)
"
3215,41651667,https://fem.encar.com/cars/detail/41651667?advClickPosition=mweb_mhightlight_g166_t49387&listAdvType=mhighlight&type=detail&view_type=checked,"Message: tab crashed
  (Session info: chrome=145.0.7632.160)
"
3216,39270157,https://fem.encar.com/cars/detail/39270157?advClickPosition=mweb_mhightlight_g167_t49387&listAdvType=mhighlight&type=detail&view_type=hs_ad,"Message: tab crashed
  (Session info: chrome=145.0.7632.160)
"
3217,39419406,https://fem.encar.com/cars/detail/39419406?advClickPosition=mweb_mhightlight_g168_t49387&listAdvType=mhighlight&type=detail&view_type=hs_ad,"Message: tab crashed
  (Session info: chrome=145.0.7632.160)
"
3218,39847056,https://fem.encar.com/cars/detail/39847056?advClickPosition=mweb_mhightlight_g169_t49387&listAdvType=mhighlight&type=detail&view_type=hs_ad,"Message: tab crashed
  (Session info: chrome=145.0.7632.160)
"
3219,41408255,https://fem.encar.com/cars/detail/41408255?advClickPosition=mweb_mhightlight_g170_t49387&listAdvType=mhighlight&type=detail&view_type=hs_ad,"Message: tab crashed
  (Session info: chrome=145.0.7632.160)
"
3220,41644012,https://fem.encar.com/cars/detail/41644012?advClickPosition=mweb_mhightlight_g171_t49387&listAdvType=mhighlight&type=detail&view_type=hs_ad,"Message: tab crashed
  (Session info: chrome=145.0.7632.160)
"
3221,41648434,https://fem.encar.com/cars/detail/41648434?advClickPosition=mweb_mhightlight_g172_t49387&listAdvType=mhighlight&type=detail&view_type=hs_ad,"Message: tab crashed
  (Session info: chrome=145.0.7632.160)
"
3222,41632263,https://fem.encar.com/cars/detail/41632263?advClickPosition=mweb_mhightlight_g173_t49387&listAdvType=mhighlight&type=detail&view_type=checked,"Message: tab crashed
  (Session info: chrome=145.0.7632.160)
"
3223,41632227,https://fem.encar.com/cars/detail/41632227?advClickPosition=mweb_mhightlight_g174_t49387&listAdvType=mhighlight&type=detail&view_type=checked,"Message: tab crashed
  (Session info: chrome=145.0.7632.160)
"
3224,41593202,https://fem.encar.com/cars/detail/41593202?advClickPosition=mweb_mhightlight_g175_t49387&listAdvType=mhighlight&type=detail&view_type=checked,"Message: tab crashed
  (Session info: chrome=145.0.7632.160)
"
3225,41657379,https://fem.encar.com/cars/detail/41657379?advClickPosition=mweb_mhightlight_g176_t49387&listAdvType=mhighlight&type=detail&view_type=checked,"Message: tab crashed
  (Session info: chrome=145.0.7632.160)
"
3226,40606038,https://fem.encar.com/cars/detail/40606038?advClickPosition=mweb_mhightlight_g177_t49387&listAdvType=mhighlight&type=detail&view_type=checked,"Message: tab crashed
  (Session info: chrome=145.0.7632.160)
"
3227,41497640,https://fem.encar.com/cars/detail/41497640?advClickPosition=mweb_mhightlight_g178_t49387&listAdvType=mhighlight&type=detail&view_type=checked,"Message: tab crashed
  (Session info: chrome=145.0.7632.160)
"
3228,39652905,https://fem.encar.com/cars/detail/39652905?advClickPosition=mweb_mhightlight_g179_t49387&listAdvType=mhighlight&type=detail&view_type=checked,"Message: tab crashed
  (Session info: chrome=145.0.7632.160)
"
3229,39498147,https://fem.encar.com/cars/detail/39498147?advClickPosition=mweb_mhightlight_g180_t49387&listAdvType=mhighlight&type=detail&view_type=checked,"Message: tab crashed
  (Session info: chrome=145.0.7632.160)
"
3230,40994753,https://fem.encar.com/cars/detail/40994753?advClickPosition=mweb_mhightlight_g181_t49387&listAdvType=mhighlight&type=detail&view_type=checked,"Message: tab crashed
  (Session info: chrome=145.0.7632.160)
"
3231,41597471,https://fem.encar.com/cars/detail/41597471?advClickPosition=mweb_mhightlight_g182_t49387&listAdvType=mhighlight&type=detail&view_type=checked,"Message: tab crashed
  (Session info: chrome=145.0.7632.160)
"
3232,41620278,https://fem.encar.com/cars/detail/41620278?advClickPosition=mweb_mhightlight_g183_t49387&listAdvType=mhighlight&type=detail&view_type=checked,"Message: tab crashed
  (Session info: chrome=145.0.7632.160)
"
3233,41221173,https://fem.encar.com/cars/detail/41221173?advClickPosition=mweb_mhightlight_g184_t49387&listAdvType=mhighlight&type=detail&view_type=checked,"Message: tab crashed
  (Session info: chrome=145.0.7632.160)
"
3234,37321350,https://fem.encar.com/cars/detail/37321350?advClickPosition=mweb_mhightlight_g185_t49387&listAdvType=mhighlight&type=detail&view_type=checked,"Message: tab crashed
  (Session info: chrome=145.0.7632.160)
"
3235,41243080,https://fem.encar.com/cars/detail/41243080?advClickPosition=mweb_mhightlight_g186_t49387&listAdvType=mhighlight&type=detail&view_type=checked,"Message: tab crashed
  (Session info: chrome=145.0.7632.160)
"
3236,41254512,https://fem.encar.com/cars/detail/41254512?advClickPosition=mweb_mhightlight_g187_t49387&listAdvType=mhighlight&type=detail&view_type=checked,"Message: tab crashed
  (Session info: chrome=145.0.7632.160)
"
3237,41496936,https://fem.encar.com/cars/detail/41496936?advClickPosition=mweb_mhightlight_g188_t49387&listAdvType=mhighlight&type=detail&view_type=checked,"Message: tab crashed
  (Session info: chrome=145.0.7632.160)
"
3238,41512649,https://fem.encar.com/cars/detail/41512649?advClickPosition=mweb_mhightlight_g189_t49387&listAdvType=mhighlight&type=detail&view_type=checked,"Message: tab crashed
  (Session info: chrome=145.0.7632.160)
"
3239,41607217,https://fem.encar.com/cars/detail/41607217?advClickPosition=mweb_mhightlight_g190_t49387&listAdvType=mhighlight&type=detail&view_type=checked,"Message: tab crashed
  (Session info: chrome=145.0.7632.160)
"
3240,41553483,https://fem.encar.com/cars/detail/41553483?advClickPosition=mweb_mhightlight_g191_t49387&listAdvType=mhighlight&type=detail&view_type=checked,"Message: tab crashed
  (Session info: chrome=145.0.7632.160)
"
3241,41585436,https://fem.encar.com/cars/detail/41585436?advClickPosition=mweb_mhightlight_g192_t49387&listAdvType=mhighlight&type=detail&view_type=checked,"Message: tab crashed
  (Session info: chrome=145.0.7632.160)
"
3242,41597393,https://fem.encar.com/cars/detail/41597393?advClickPosition=mweb_mhightlight_g193_t49387&listAdvType=mhighlight&type=detail&view_type=checked,"Message: tab crashed
  (Session info: chrome=145.0.7632.160)
"
3243,41597410,https://fem.encar.com/cars/detail/41597410?advClickPosition=mweb_mhightlight_g194_t49387&listAdvType=mhighlight&type=detail&view_type=checked,"Message: tab crashed
  (Session info: chrome=145.0.7632.160)
"
3244,41607185,https://fem.encar.com/cars/detail/41607185?advClickPosition=mweb_mhightlight_g195_t49387&listAdvType=mhighlight&type=detail&view_type=checked,"Message: tab crashed
  (Session info: chrome=145.0.7632.160)
"
3245,41620156,https://fem.encar.com/cars/detail/41620156?advClickPosition=mweb_mhightlight_g196_t49387&listAdvType=mhighlight&type=detail&view_type=checked,"Message: tab crashed
  (Session info: chrome=145.0.7632.160)
"
3246,41632244,https://fem.encar.com/cars/detail/41632244?advClickPosition=mweb_mhightlight_g197_t49387&listAdvType=mhighlight&type=detail&view_type=checked,"Message: tab crashed
  (Session info: chrome=145.0.7632.160)
"
3247,41649573,https://fem.encar.com/cars/detail/41649573?advClickPosition=mweb_mhightlight_g198_t49387&listAdvType=mhighlight&type=detail&view_type=checked,"Message: tab crashed
  (Session info: chrome=145.0.7632.160)
"
3248,41650714,https://fem.encar.com/cars/detail/41650714?advClickPosition=mweb_mhightlight_g199_t49387&listAdvType=mhighlight&type=detail&view_type=checked,"Message: tab crashed
  (Session info: chrome=145.0.7632.160)
"
3249,41281951,https://fem.encar.com/cars/detail/41281951?advClickPosition=mweb_mhightlight_g200_t49387&listAdvType=mhighlight&type=detail&view_type=checked,"Message: tab crashed
  (Session info: chrome=145.0.7632.160)
"
3603,40491172,https://fem.encar.com/cars/detail/40491172?advClickPosition=mweb_mhightlight_g163_t49388&listAdvType=mhighlight&type=detail&view_type=checked,"Message: tab crashed
  (Session info: chrome=145.0.7632.160)
"
3604,41518640,https://fem.encar.com/cars/detail/41518640?advClickPosition=mweb_mhightlight_g164_t49388&listAdvType=mhighlight&type=detail&view_type=checked,"Message: tab crashed
  (Session info: chrome=145.0.7632.160)
"
3605,41559662,https://fem.encar.com/cars/detail/41559662?advClickPosition=mweb_mhightlight_g165_t49388&listAdvType=mhighlight&type=detail&view_type=checked,"Message: tab crashed
  (Session info: chrome=145.0.7632.160)
"
3606,41593243,https://fem.encar.com/cars/detail/41593243?advClickPosition=mweb_mhightlight_g166_t49388&listAdvType=mhighlight&type=detail&view_type=checked,"Message: tab crashed
  (Session info: chrome=145.0.7632.160)
"
3607,41632146,https://fem.encar.com/cars/detail/41632146?advClickPosition=mweb_mhightlight_g167_t49388&listAdvType=mhighlight&type=detail&view_type=checked,"Message: tab crashed
  (Session info: chrome=145.0.7632.160)
"
3608,41546874,https://fem.encar.com/cars/detail/41546874?advClickPosition=mweb_mhightlight_g168_t49388&listAdvType=mhighlight&type=detail&view_type=checked,"Message: tab crashed
  (Session info: chrome=145.0.7632.160)
"
3609,40633055,https://fem.encar.com/cars/detail/40633055?advClickPosition=mweb_mhightlight_g169_t49388&listAdvType=mhighlight&type=detail&view_type=checked,"Message: tab crashed
  (Session info: chrome=145.0.7632.160)
"
3610,41089617,https://fem.encar.com/cars/detail/41089617?advClickPosition=mweb_mhightlight_g170_t49388&listAdvType=mhighlight&type=detail&view_type=normal,"Message: tab crashed
  (Session info: chrome=145.0.7632.160)
"
3611,41110739,https://fem.encar.com/cars/detail/41110739?advClickPosition=mweb_mhightlight_g171_t49388&listAdvType=mhighlight&type=detail&view_type=checked,"Message: tab crashed
  (Session info: chrome=145.0.7632.160)
"
3612,40828121,https://fem.encar.com/cars/detail/40828121?advClickPosition=mweb_mhightlight_g172_t49388&listAdvType=mhighlight&type=detail&view_type=checked,"Message: tab crashed
  (Session info: chrome=145.0.7632.160)
"
3613,40868010,https://fem.encar.com/cars/detail/40868010?advClickPosition=mweb_mhightlight_g173_t49388&listAdvType=mhighlight&type=detail&view_type=checked,"Message: tab crashed
  (Session info: chrome=145.0.7632.160)
"
3614,41390672,https://fem.encar.com/cars/detail/41390672?advClickPosition=mweb_mhightlight_g174_t49388&listAdvType=mhighlight&type=detail&view_type=checked,"Message: tab crashed
  (Session info: chrome=145.0.7632.160)
"
3615,40492930,https://fem.encar.com/cars/detail/40492930?advClickPosition=mweb_mhightlight_g175_t49388&listAdvType=mhighlight&type=detail&view_type=checked,"Message: tab crashed
  (Session info: chrome=145.0.7632.160)
"
3616,41578237,https://fem.encar.com/cars/detail/41578237?advClickPosition=mweb_mhightlight_g176_t49388&listAdvType=mhighlight&type=detail&view_type=hs_ad,"Message: tab crashed
  (Session info: chrome=145.0.7632.160)
"
3617,41194603,https://fem.encar.com/cars/detail/41194603?advClickPosition=mweb_mhightlight_g177_t49388&listAdvType=mhighlight&type=detail&view_type=hs_ad,"Message: tab crashed
  (Session info: chrome=145.0.7632.160)
"
3618,41462905,https://fem.encar.com/cars/detail/41462905?advClickPosition=mweb_mhightlight_g178_t49388&listAdvType=mhighlight&type=detail&view_type=hs_ad,"Message: tab crashed
  (Session info: chrome=145.0.7632.160)
"
3619,41301039,https://fem.encar.com/cars/detail/41301039?advClickPosition=mweb_mhightlight_g179_t49388&listAdvType=mhighlight&type=detail&view_type=hs_ad,"Message: tab crashed
  (Session info: chrome=145.0.7632.160)
"
3620,41207792,https://fem.encar.com/cars/detail/41207792?advClickPosition=mweb_mhightlight_g180_t49388&listAdvType=mhighlight&type=detail&view_type=hs_ad,"Message: tab crashed
  (Session info: chrome=145.0.7632.160)
"
3621,41477816,https://fem.encar.com/cars/detail/41477816?advClickPosition=mweb_mhightlight_g181_t49388&listAdvType=mhighlight&type=detail&view_type=hs_ad,"Message: tab crashed
  (Session info: chrome=145.0.7632.160)
"
3622,41512233,https://fem.encar.com/cars/detail/41512233?advClickPosition=mweb_mhightlight_g182_t49388&listAdvType=mhighlight&type=detail&view_type=hs_ad,"Message: tab crashed
  (Session info: chrome=145.0.7632.160)
"
3623,41453150,https://fem.encar.com/cars/detail/41453150?advClickPosition=mweb_mhightlight_g183_t49388&listAdvType=mhighlight&type=detail&view_type=hs_ad,"Message: tab crashed
  (Session info: chrome=145.0.7632.160)
"
3624,40780172,https://fem.encar.com/cars/detail/40780172?advClickPosition=mweb_mhightlight_g184_t49388&listAdvType=mhighlight&type=detail&view_type=hs_ad,"Message: tab crashed
  (Session info: chrome=145.0.7632.160)
"
3625,41414663,https://fem.encar.com/cars/detail/41414663?advClickPosition=mweb_mhightlight_g185_t49388&listAdvType=mhighlight&type=detail&view_type=hs_ad,"Message: tab crashed
  (Session info: chrome=145.0.7632.160)
"
3626,41098188,https://fem.encar.com/cars/detail/41098188?advClickPosition=mweb_mhightlight_g186_t49388&listAdvType=mhighlight&type=detail&view_type=hs_ad,"Message: tab crashed
  (Session info: chrome=145.0.7632.160)
"
3627,41133038,https://fem.encar.com/cars/detail/41133038?advClickPosition=mweb_mhightlight_g187_t49388&listAdvType=mhighlight&type=detail&view_type=hs_ad,"Message: tab crashed
  (Session info: chrome=145.0.7632.160)
"
3628,40236457,https://fem.encar.com/cars/detail/40236457?advClickPosition=mweb_mhightlight_g188_t49388&listAdvType=mhighlight&type=detail&view_type=hs_ad,"Message: tab crashed
  (Session info: chrome=145.0.7632.160)
"
3629,41487837,https://fem.encar.com/cars/detail/41487837?advClickPosition=mweb_mhightlight_g189_t49388&listAdvType=mhighlight&type=detail&view_type=hs_ad,"Message: tab crashed
  (Session info: chrome=145.0.7632.160)
"
3630,41227310,https://fem.encar.com/cars/detail/41227310?advClickPosition=mweb_mhightlight_g190_t49388&listAdvType=mhighlight&type=detail&view_type=hs_ad,"Message: tab crashed
  (Session info: chrome=145.0.7632.160)
"
3631,40964687,https://fem.encar.com/cars/detail/40964687?advClickPosition=mweb_mhightlight_g191_t49388&listAdvType=mhighlight&type=detail&view_type=hs_ad,"Message: tab crashed
  (Session info: chrome=145.0.7632.160)
"
3632,41558713,https://fem.encar.com/cars/detail/41558713?advClickPosition=mweb_mhightlight_g192_t49388&listAdvType=mhighlight&type=detail&view_type=hs_ad,"Message: tab crashed
  (Session info: chrome=145.0.7632.160)
"
3633,41636431,https://fem.encar.com/cars/detail/41636431?advClickPosition=mweb_mhightlight_g193_t49388&listAdvType=mhighlight&type=detail&view_type=hs_ad,"Message: tab crashed
  (Session info: chrome=145.0.7632.160)
"
3634,41631417,https://fem.encar.com/cars/detail/41631417?advClickPosition=mweb_mhightlight_g194_t49388&listAdvType=mhighlight&type=detail&view_type=hs_ad,"Message: tab crashed
  (Session info: chrome=145.0.7632.160)
"
3635,41400485,https://fem.encar.com/cars/detail/41400485?advClickPosition=mweb_mhightlight_g195_t49388&listAdvType=mhighlight&type=detail&view_type=hs_ad,"Message: tab crashed
  (Session info: chrome=145.0.7632.160)
"
3636,41512828,https://fem.encar.com/cars/detail/41512828?advClickPosition=mweb_mhightlight_g196_t49388&listAdvType=mhighlight&type=detail&view_type=hs_ad,"Message: tab crashed
  (Session info: chrome=145.0.7632.160)
"
3637,41413998,https://fem.encar.com/cars/detail/41413998?advClickPosition=mweb_mhightlight_g197_t49388&listAdvType=mhighlight&type=detail&view_type=hs_ad,"Message: tab crashed
  (Session info: chrome=145.0.7632.160)
"
3638,41340636,https://fem.encar.com/cars/detail/41340636?advClickPosition=mweb_mhightlight_g198_t49388&listAdvType=mhighlight&type=detail&view_type=hs_ad,"Message: tab crashed
  (Session info: chrome=145.0.7632.160)
"
3639,40742082,https://fem.encar.com/cars/detail/40742082?advClickPosition=mweb_mhightlight_g199_t49388&listAdvType=mhighlight&type=detail&view_type=hs_ad,"Message: tab crashed
  (Session info: chrome=145.0.7632.160)
"
3640,41201021,https://fem.encar.com/cars/detail/41201021?advClickPosition=mweb_mhightlight_g200_t49388&listAdvType=mhighlight&type=detail&view_type=hs_ad,"Message: tab crashed
  (Session info: chrome=145.0.7632.160)
"
3976,41208058,https://fem.encar.com/cars/detail/41208058?advClickPosition=mweb_mhightlight_g136_t49391&listAdvType=mhighlight&type=detail&view_type=hs_ad,"Message: tab crashed
  (Session info: chrome=145.0.7632.160)
"
3977,40949403,https://fem.encar.com/cars/detail/40949403?advClickPosition=mweb_mhightlight_g137_t49391&listAdvType=mhighlight&type=detail&view_type=checked,"Message: tab crashed
  (Session info: chrome=145.0.7632.160)
"
3978,40917305,https://fem.encar.com/cars/detail/40917305?advClickPosition=mweb_mhightlight_g138_t49391&listAdvType=mhighlight&type=detail&view_type=checked,"Message: tab crashed
  (Session info: chrome=145.0.7632.160)
"
3979,40917337,https://fem.encar.com/cars/detail/40917337?advClickPosition=mweb_mhightlight_g139_t49391&listAdvType=mhighlight&type=detail&view_type=checked,"Message: tab crashed
  (Session info: chrome=145.0.7632.160)
"
3980,41645469,https://fem.encar.com/cars/detail/41645469?advClickPosition=mweb_mhightlight_g140_t49391&listAdvType=mhighlight&type=detail&view_type=hs_ad,"Message: tab crashed
  (Session info: chrome=145.0.7632.160)
"
3981,41597840,https://fem.encar.com/cars/detail/41597840?advClickPosition=mweb_mhightlight_g141_t49391&listAdvType=mhighlight&type=detail&view_type=hs_ad,"Message: tab crashed
  (Session info: chrome=145.0.7632.160)
"
3982,41584977,https://fem.encar.com/cars/detail/41584977?advClickPosition=mweb_mhightlight_g142_t49391&listAdvType=mhighlight&type=detail&view_type=hs_ad,"Message: tab crashed
  (Session info: chrome=145.0.7632.160)
"
3983,41194954,https://fem.encar.com/cars/detail/41194954?advClickPosition=mweb_mhightlight_g143_t49391&listAdvType=mhighlight&type=detail&view_type=hs_ad,"Message: tab crashed
  (Session info: chrome=145.0.7632.160)
"
3984,41656861,https://fem.encar.com/cars/detail/41656861?advClickPosition=mweb_mhightlight_g144_t49391&listAdvType=mhighlight&type=detail&view_type=hs_ad,"Message: tab crashed
  (Session info: chrome=145.0.7632.160)
"
3985,41578953,https://fem.encar.com/cars/detail/41578953?advClickPosition=mweb_mhightlight_g145_t49391&listAdvType=mhighlight&type=detail&view_type=hs_ad,"Message: tab crashed
  (Session info: chrome=145.0.7632.160)
"
3986,41661537,https://fem.encar.com/cars/detail/41661537?advClickPosition=mweb_mhightlight_g146_t49391&listAdvType=mhighlight&type=detail&view_type=checked,"Message: tab crashed
  (Session info: chrome=145.0.7632.160)
"
3987,41659084,https://fem.encar.com/cars/detail/41659084?advClickPosition=mweb_mhightlight_g147_t49391&listAdvType=mhighlight&type=detail&view_type=checked,"Message: tab crashed
  (Session info: chrome=145.0.7632.160)
"
3988,41658738,https://fem.encar.com/cars/detail/41658738?advClickPosition=mweb_mhightlight_g148_t49391&listAdvType=mhighlight&type=detail&view_type=normal,"Message: tab crashed
  (Session info: chrome=145.0.7632.160)
"
3989,41658530,https://fem.encar.com/cars/detail/41658530?advClickPosition=mweb_mhightlight_g149_t49391&listAdvType=mhighlight&type=detail&view_type=checked,"Message: tab crashed
  (Session info: chrome=145.0.7632.160)
"
3990,41657844,https://fem.encar.com/cars/detail/41657844?advClickPosition=mweb_mhightlight_g150_t49391&listAdvType=mhighlight&type=detail&view_type=normal,"Message: tab crashed
  (Session info: chrome=145.0.7632.160)
"
3991,41502540,https://fem.encar.com/cars/detail/41502540?advClickPosition=mweb_mhightlight_g151_t49391&listAdvType=mhighlight&type=detail&view_type=normal,"Message: tab crashed
  (Session info: chrome=145.0.7632.160)
"
3992,41542227,https://fem.encar.com/cars/detail/41542227?advClickPosition=mweb_mhightlight_g152_t49391&listAdvType=mhighlight&type=detail&view_type=checked,"Message: tab crashed
  (Session info: chrome=145.0.7632.160)
"
3993,41555050,https://fem.encar.com/cars/detail/41555050?advClickPosition=mweb_mhightlight_g153_t49391&listAdvType=mhighlight&type=detail&view_type=checked,"Message: tab crashed
  (Session info: chrome=145.0.7632.160)
"
3994,41491642,https://fem.encar.com/cars/detail/41491642?advClickPosition=mweb_mhightlight_g154_t49391&listAdvType=mhighlight&type=detail&view_type=checked,"Message: tab crashed
  (Session info: chrome=145.0.7632.160)
"
3995,41432554,https://fem.encar.com/cars/detail/41432554?advClickPosition=mweb_mhightlight_g155_t49391&listAdvType=mhighlight&type=detail&view_type=checked,"Message: tab crashed
  (Session info: chrome=145.0.7632.160)
"
3996,41648687,https://fem.encar.com/cars/detail/41648687?advClickPosition=mweb_mhightlight_g156_t49391&listAdvType=mhighlight&type=detail&view_type=normal,"Message: tab crashed
  (Session info: chrome=145.0.7632.160)
"
3997,41652800,https://fem.encar.com/cars/detail/41652800?advClickPosition=mweb_mhightlight_g157_t49391&listAdvType=mhighlight&type=detail&view_type=checked,"Message: tab crashed
  (Session info: chrome=145.0.7632.160)
"
3998,41638333,https://fem.encar.com/cars/detail/41638333?advClickPosition=mweb_mhightlight_g158_t49391&listAdvType=mhighlight&type=detail&view_type=checked,"Message: tab crashed
  (Session info: chrome=145.0.7632.160)
"
3999,41638031,https://fem.encar.com/cars/detail/41638031?advClickPosition=mweb_mhightlight_g159_t49391&listAdvType=mhighlight&type=detail&view_type=checked,"Message: tab crashed
  (Session info: chrome=145.0.7632.160)
"
4000,41297268,https://fem.encar.com/cars/detail/41297268?advClickPosition=mweb_mhightlight_g160_t49391&listAdvType=mhighlight&type=detail&view_type=normal,"Message: tab crashed
  (Session info: chrome=145.0.7632.160)
"
4001,41297118,https://fem.encar.com/cars/detail/41297118?advClickPosition=mweb_mhightlight_g161_t49391&listAdvType=mhighlight&type=detail&view_type=checked,"Message: tab crashed
  (Session info: chrome=145.0.7632.160)
"
4002,41295839,https://fem.encar.com/cars/detail/41295839?advClickPosition=mweb_mhightlight_g162_t49391&listAdvType=mhighlight&type=detail&view_type=checked,"Message: tab crashed
  (Session info: chrome=145.0.7632.160)
"
4003,41287461,https://fem.encar.com/cars/detail/41287461?advClickPosition=mweb_mhightlight_g163_t49391&listAdvType=mhighlight&type=detail&view_type=checked,"Message: tab crashed
  (Session info: chrome=145.0.7632.160)
"
4004,41283687,https://fem.encar.com/cars/detail/41283687?advClickPosition=mweb_mhightlight_g164_t49391&listAdvType=mhighlight&type=detail&view_type=checked,"Message: tab crashed
  (Session info: chrome=145.0.7632.160)
"
4005,41282938,https://fem.encar.com/cars/detail/41282938?advClickPosition=mweb_mhightlight_g165_t49391&listAdvType=mhighlight&type=detail&view_type=normal,"Message: tab crashed
  (Session info: chrome=145.0.7632.160)
"
4006,41313772,https://fem.encar.com/cars/detail/41313772?advClickPosition=mweb_mhightlight_g166_t49391&listAdvType=mhighlight&type=detail&view_type=checked,"Message: tab crashed
  (Session info: chrome=145.0.7632.160)
"
4007,41395526,https://fem.encar.com/cars/detail/41395526?advClickPosition=mweb_mhightlight_g167_t49391&listAdvType=mhighlight&type=detail&view_type=checked,"Message: tab crashed
  (Session info: chrome=145.0.7632.160)
"
4008,41408776,https://fem.encar.com/cars/detail/41408776?advClickPosition=mweb_mhightlight_g168_t49391&listAdvType=mhighlight&type=detail&view_type=normal,"Message: tab crashed
  (Session info: chrome=145.0.7632.160)
"
4009,41413828,https://fem.encar.com/cars/detail/41413828?advClickPosition=mweb_mhightlight_g169_t49391&listAdvType=mhighlight&type=detail&view_type=checked,"Message: tab crashed
  (Session info: chrome=145.0.7632.160)
"
4010,41383342,https://fem.encar.com/cars/detail/41383342?advClickPosition=mweb_mhightlight_g170_t49391&listAdvType=mhighlight&type=detail&view_type=checked,"Message: tab crashed
  (Session info: chrome=145.0.7632.160)
"
4011,41384159,https://fem.encar.com/cars/detail/41384159?advClickPosition=mweb_mhightlight_g171_t49391&listAdvType=mhighlight&type=detail&view_type=normal,"Message: tab crashed
  (Session info: chrome=145.0.7632.160)
"
4012,41367875,https://fem.encar.com/cars/detail/41367875?advClickPosition=mweb_mhightlight_g172_t49391&listAdvType=mhighlight&type=detail&view_type=normal,"Message: tab crashed
  (Session info: chrome=145.0.7632.160)
"
4014,41350634,https://fem.encar.com/cars/detail/41350634?advClickPosition=mweb_mhightlight_g174_t49391&listAdvType=mhighlight&type=detail&view_type=checked,"Message: tab crashed
  (Session info: chrome=145.0.7632.160)
"
4015,41351639,https://fem.encar.com/cars/detail/41351639?advClickPosition=mweb_mhightlight_g175_t49391&listAdvType=mhighlight&type=detail&view_type=checked,"Message: tab crashed
  (Session info: chrome=145.0.7632.160)
"
4016,41333509,https://fem.encar.com/cars/detail/41333509?advClickPosition=mweb_mhightlight_g176_t49391&listAdvType=mhighlight&type=detail&view_type=checked,"Message: tab crashed
  (Session info: chrome=145.0.7632.160)
"
4017,41328142,https://fem.encar.com/cars/detail/41328142?advClickPosition=mweb_mhightlight_g177_t49391&listAdvType=mhighlight&type=detail&view_type=checked,"Message: tab crashed
  (Session info: chrome=145.0.7632.160)
"
4018,41321250,https://fem.encar.com/cars/detail/41321250?advClickPosition=mweb_mhightlight_g178_t49391&listAdvType=mhighlight&type=detail&view_type=checked,"Message: tab crashed
  (Session info: chrome=145.0.7632.160)
"
4019,41319648,https://fem.encar.com/cars/detail/41319648?advClickPosition=mweb_mhightlight_g179_t49391&listAdvType=mhighlight&type=detail&view_type=checked,"Message: tab crashed
  (Session info: chrome=145.0.7632.160)
"
4020,41318169,https://fem.encar.com/cars/detail/41318169?advClickPosition=mweb_mhightlight_g180_t49391&listAdvType=mhighlight&type=detail&view_type=checked,"Message: tab crashed
  (Session info: chrome=145.0.7632.160)
"
4021,41579436,https://fem.encar.com/cars/detail/41579436?advClickPosition=mweb_mhightlight_g181_t49391&listAdvType=mhighlight&type=detail&view_type=checked,"Message: tab crashed
  (Session info: chrome=145.0.7632.160)
"
4022,41595924,https://fem.encar.com/cars/detail/41595924?advClickPosition=mweb_mhightlight_g182_t49391&listAdvType=mhighlight&type=detail&view_type=checked,"Message: tab crashed
  (Session info: chrome=145.0.7632.160)
"
4023,41576709,https://fem.encar.com/cars/detail/41576709?advClickPosition=mweb_mhightlight_g183_t49391&listAdvType=mhighlight&type=detail&view_type=checked,"Message: tab crashed
  (Session info: chrome=145.0.7632.160)
"
4024,41564917,https://fem.encar.com/cars/detail/41564917?advClickPosition=mweb_mhightlight_g184_t49391&listAdvType=mhighlight&type=detail&view_type=checked,"Message: tab crashed
  (Session info: chrome=145.0.7632.160)
"
4025,41583676,https://fem.encar.com/cars/detail/41583676?advClickPosition=mweb_mhightlight_g185_t49391&listAdvType=mhighlight&type=detail&view_type=checked,"Message: tab crashed
  (Session info: chrome=145.0.7632.160)
"
4026,41582159,https://fem.encar.com/cars/detail/41582159?advClickPosition=mweb_mhightlight_g186_t49391&listAdvType=mhighlight&type=detail&view_type=normal,"Message: tab crashed
  (Session info: chrome=145.0.7632.160)
"
4027,41546763,https://fem.encar.com/cars/detail/41546763?advClickPosition=mweb_mhightlight_g187_t49391&listAdvType=mhighlight&type=detail&view_type=checked,"Message: tab crashed
  (Session info: chrome=145.0.7632.160)
"
4028,41297010,https://fem.encar.com/cars/detail/41297010?advClickPosition=mweb_mhightlight_g188_t49391&listAdvType=mhighlight&type=detail&view_type=checked,"Message: tab crashed
  (Session info: chrome=145.0.7632.160)
"
4029,41296750,https://fem.encar.com/cars/detail/41296750?advClickPosition=mweb_mhightlight_g189_t49391&listAdvType=mhighlight&type=detail&view_type=normal,"Message: tab crashed
  (Session info: chrome=145.0.7632.160)
"
4030,41297692,https://fem.encar.com/cars/detail/41297692?advClickPosition=mweb_mhightlight_g190_t49391&listAdvType=mhighlight&type=detail&view_type=normal,"Message: tab crashed
  (Session info: chrome=145.0.7632.160)
"
4031,41289812,https://fem.encar.com/cars/detail/41289812?advClickPosition=mweb_mhightlight_g191_t49391&listAdvType=mhighlight&type=detail&view_type=checked,"Message: tab crashed
  (Session info: chrome=145.0.7632.160)
"
4032,41282143,https://fem.encar.com/cars/detail/41282143?advClickPosition=mweb_mhightlight_g192_t49391&listAdvType=mhighlight&type=detail&view_type=normal,"Message: tab crashed
  (Session info: chrome=145.0.7632.160)
"
4033,41416685,https://fem.encar.com/cars/detail/41416685?advClickPosition=mweb_mhightlight_g193_t49391&listAdvType=mhighlight&type=detail&view_type=normal,"Message: tab crashed
  (Session info: chrome=145.0.7632.160)
"
4034,41418986,https://fem.encar.com/cars/detail/41418986?advClickPosition=mweb_mhightlight_g194_t49391&listAdvType=mhighlight&type=detail&view_type=checked,"Message: tab crashed
  (Session info: chrome=145.0.7632.160)
"
4035,41386666,https://fem.encar.com/cars/detail/41386666?advClickPosition=mweb_mhightlight_g195_t49391&listAdvType=mhighlight&type=detail&view_type=checked,"Message: tab crashed
  (Session info: chrome=145.0.7632.160)
"
4036,41390492,https://fem.encar.com/cars/detail/41390492?advClickPosition=mweb_mhightlight_g196_t49391&listAdvType=mhighlight&type=detail&view_type=checked,"Message: tab crashed
  (Session info: chrome=145.0.7632.160)
"
4037,41650570,https://fem.encar.com/cars/detail/41650570?advClickPosition=mweb_mhightlight_g197_t49391&listAdvType=mhighlight&type=detail&view_type=checked,"Message: tab crashed
  (Session info: chrome=145.0.7632.160)
"
4038,41651589,https://fem.encar.com/cars/detail/41651589?advClickPosition=mweb_mhightlight_g198_t49391&listAdvType=mhighlight&type=detail&view_type=normal,"Message: tab crashed
  (Session info: chrome=145.0.7632.160)
"
4039,41631574,https://fem.encar.com/cars/detail/41631574?advClickPosition=mweb_mhightlight_g199_t49391&listAdvType=mhighlight&type=detail&view_type=normal,"Message: tab crashed
  (Session info: chrome=145.0.7632.160)
"
4040,41623464,https://fem.encar.com/cars/detail/41623464?advClickPosition=mweb_mhightlight_g200_t49391&listAdvType=mhighlight&type=detail&view_type=checked,"Message: tab crashed
  (Session info: chrome=145.0.7632.160)
"
4304,41619972,https://fem.encar.com/cars/detail/41619972?advClickPosition=mweb_mhightlight_g65_t49391&listAdvType=mhighlight&type=detail&view_type=normal,"Message: tab crashed
  (Session info: chrome=145.0.7632.160)
"
4305,41616723,https://fem.encar.com/cars/detail/41616723?advClickPosition=mweb_mhightlight_g66_t49391&listAdvType=mhighlight&type=detail&view_type=checked,"Message: tab crashed
  (Session info: chrome=145.0.7632.160)
"
4310,41654002,https://fem.encar.com/cars/detail/41654002?advClickPosition=mweb_mhightlight_g71_t49391&listAdvType=mhighlight&type=detail&view_type=normal,"Message: tab crashed
  (Session info: chrome=145.0.7632.160)
"
4317,41207812,https://fem.encar.com/cars/detail/41207812?advClickPosition=mweb_mhightlight_g78_t49391&listAdvType=mhighlight&type=detail&view_type=checked,"Message: tab crashed
  (Session info: chrome=145.0.7632.160)
"
4318,41200043,https://fem.encar.com/cars/detail/41200043?advClickPosition=mweb_mhightlight_g79_t49391&listAdvType=mhighlight&type=detail&view_type=checked,"Message: tab crashed
  (Session info: chrome=145.0.7632.160)
"
4319,41196963,https://fem.encar.com/cars/detail/41196963?advClickPosition=mweb_mhightlight_g80_t49391&listAdvType=mhighlight&type=detail&view_type=checked,"Message: tab crashed
  (Session info: chrome=145.0.7632.160)
"
4320,41198974,https://fem.encar.com/cars/detail/41198974?advClickPosition=mweb_mhightlight_g81_t49391&listAdvType=mhighlight&type=detail&view_type=checked,"Message: tab crashed
  (Session info: chrome=145.0.7632.160)
"
4321,41200000,https://fem.encar.com/cars/detail/41200000?advClickPosition=mweb_mhightlight_g82_t49391&listAdvType=mhighlight&type=detail&view_type=checked,"Message: tab crashed
  (Session info: chrome=145.0.7632.160)
"
4322,41203713,https://fem.encar.com/cars/detail/41203713?advClickPosition=mweb_mhightlight_g83_t49391&listAdvType=mhighlight&type=detail&view_type=checked,"Message: tab crashed
  (Session info: chrome=145.0.7632.160)
"
4323,41194526,https://fem.encar.com/cars/detail/41194526?advClickPosition=mweb_mhightlight_g84_t49391&listAdvType=mhighlight&type=detail&view_type=normal,"Message: tab crashed
  (Session info: chrome=145.0.7632.160)
"
4324,41152136,https://fem.encar.com/cars/detail/41152136?advClickPosition=mweb_mhightlight_g85_t49391&listAdvType=mhighlight&type=detail&view_type=checked,"Message: tab crashed
  (Session info: chrome=145.0.7632.160)
"
4325,41187549,https://fem.encar.com/cars/detail/41187549?advClickPosition=mweb_mhightlight_g86_t49391&listAdvType=mhighlight&type=detail&view_type=normal,"Message: tab crashed
  (Session info: chrome=145.0.7632.160)
"
4326,41182981,https://fem.encar.com/cars/detail/41182981?advClickPosition=mweb_mhightlight_g87_t49391&listAdvType=mhighlight&type=detail&view_type=checked,"Message: tab crashed
  (Session info: chrome=145.0.7632.160)
"
4327,41134765,https://fem.encar.com/cars/detail/41134765?advClickPosition=mweb_mhightlight_g88_t49391&listAdvType=mhighlight&type=detail&view_type=checked,"Message: tab crashed
  (Session info: chrome=145.0.7632.160)
"
4328,41110861,https://fem.encar.com/cars/detail/41110861?advClickPosition=mweb_mhightlight_g89_t49391&listAdvType=mhighlight&type=detail&view_type=checked,"Message: tab crashed
  (Session info: chrome=145.0.7632.160)
"
4340,41266495,https://fem.encar.com/cars/detail/41266495?advClickPosition=mweb_mhightlight_g101_t49391&listAdvType=mhighlight&type=detail&view_type=checked,"Message: tab crashed
  (Session info: chrome=145.0.7632.160)
"
4341,41266522,https://fem.encar.com/cars/detail/41266522?advClickPosition=mweb_mhightlight_g102_t49391&listAdvType=mhighlight&type=detail&view_type=checked,"Message: tab crashed
  (Session info: chrome=145.0.7632.160)
"
4342,41269740,https://fem.encar.com/cars/detail/41269740?advClickPosition=mweb_mhightlight_g103_t49391&listAdvType=mhighlight&type=detail&view_type=checked,"Message: tab crashed
  (Session info: chrome=145.0.7632.160)
"
4343,41208804,https://fem.encar.com/cars/detail/41208804?advClickPosition=mweb_mhightlight_g104_t49391&listAdvType=mhighlight&type=detail&view_type=checked,"Message: tab crashed
  (Session info: chrome=145.0.7632.160)
"
4344,41261001,https://fem.encar.com/cars/detail/41261001?advClickPosition=mweb_mhightlight_g105_t49391&listAdvType=mhighlight&type=detail&view_type=checked,"Message: tab crashed
  (Session info: chrome=145.0.7632.160)
"
4345,41258806,https://fem.encar.com/cars/detail/41258806?advClickPosition=mweb_mhightlight_g106_t49391&listAdvType=mhighlight&type=detail&view_type=checked,"Message: tab crashed
  (Session info: chrome=145.0.7632.160)
"
4346,41243593,https://fem.encar.com/cars/detail/41243593?advClickPosition=mweb_mhightlight_g107_t49391&listAdvType=mhighlight&type=detail&view_type=normal,"Message: tab crashed
  (Session info: chrome=145.0.7632.160)
"
4347,41235121,https://fem.encar.com/cars/detail/41235121?advClickPosition=mweb_mhightlight_g108_t49391&listAdvType=mhighlight&type=detail&view_type=checked,"Message: tab crashed
  (Session info: chrome=145.0.7632.160)
"
4348,41234732,https://fem.encar.com/cars/detail/41234732?advClickPosition=mweb_mhightlight_g109_t49391&listAdvType=mhighlight&type=detail&view_type=checked,"Message: tab crashed
  (Session info: chrome=145.0.7632.160)
"
4349,41236336,https://fem.encar.com/cars/detail/41236336?advClickPosition=mweb_mhightlight_g110_t49391&listAdvType=mhighlight&type=detail&view_type=checked,"Message: tab crashed
  (Session info: chrome=145.0.7632.160)
"
4350,41233316,https://fem.encar.com/cars/detail/41233316?advClickPosition=mweb_mhightlight_g111_t49391&listAdvType=mhighlight&type=detail&view_type=checked,"Message: tab crashed
  (Session info: chrome=145.0.7632.160)
"
4351,41232347,https://fem.encar.com/cars/detail/41232347?advClickPosition=mweb_mhightlight_g112_t49391&listAdvType=mhighlight&type=detail&view_type=checked,"Message: tab crashed
  (Session info: chrome=145.0.7632.160)
"
4352,41227746,https://fem.encar.com/cars/detail/41227746?advClickPosition=mweb_mhightlight_g113_t49391&listAdvType=mhighlight&type=detail&view_type=checked,"Message: tab crashed
  (Session info: chrome=145.0.7632.160)
"
4353,41224593,https://fem.encar.com/cars/detail/41224593?advClickPosition=mweb_mhightlight_g114_t49391&listAdvType=mhighlight&type=detail&view_type=checked,"Message: tab crashed
  (Session info: chrome=145.0.7632.160)
"
4354,41232574,https://fem.encar.com/cars/detail/41232574?advClickPosition=mweb_mhightlight_g115_t49391&listAdvType=mhighlight&type=detail&view_type=checked,"Message: tab crashed
  (Session info: chrome=145.0.7632.160)
"
4355,41310314,https://fem.encar.com/cars/detail/41310314?advClickPosition=mweb_mhightlight_g116_t49391&listAdvType=mhighlight&type=detail&view_type=checked,"Message: tab crashed
  (Session info: chrome=145.0.7632.160)
"
4356,41302235,https://fem.encar.com/cars/detail/41302235?advClickPosition=mweb_mhightlight_g117_t49391&listAdvType=mhighlight&type=detail&view_type=checked,"Message: tab crashed
  (Session info: chrome=145.0.7632.160)
"
4378,41298514,https://fem.encar.com/cars/detail/41298514?advClickPosition=mweb_mhightlight_g139_t49391&listAdvType=mhighlight&type=detail&view_type=normal,"Message: tab crashed
  (Session info: chrome=145.0.7632.160)
"
4379,41312835,https://fem.encar.com/cars/detail/41312835?advClickPosition=mweb_mhightlight_g140_t49391&listAdvType=mhighlight&type=detail&view_type=checked,"Message: tab crashed
  (Session info: chrome=145.0.7632.160)
"
4385,41265865,https://fem.encar.com/cars/detail/41265865?advClickPosition=mweb_mhightlight_g146_t49391&listAdvType=mhighlight&type=detail&view_type=normal,"Message: tab crashed
  (Session info: chrome=145.0.7632.160)
"
4386,41258126,https://fem.encar.com/cars/detail/41258126?advClickPosition=mweb_mhightlight_g147_t49391&listAdvType=mhighlight&type=detail&view_type=checked,"Message: tab crashed
  (Session info: chrome=145.0.7632.160)
"
4387,41261054,https://fem.encar.com/cars/detail/41261054?advClickPosition=mweb_mhightlight_g148_t49391&listAdvType=mhighlight&type=detail&view_type=normal,"Message: tab crashed
  (Session info: chrome=145.0.7632.160)
"
4388,41234929,https://fem.encar.com/cars/detail/41234929?advClickPosition=mweb_mhightlight_g149_t49391&listAdvType=mhighlight&type=detail&view_type=checked,"Message: tab crashed
  (Session info: chrome=145.0.7632.160)
"
4389,41210066,https://fem.encar.com/cars/detail/41210066?advClickPosition=mweb_mhightlight_g150_t49391&listAdvType=mhighlight&type=detail&view_type=normal,"Message: tab crashed
  (Session info: chrome=145.0.7632.160)
"
4390,41209352,https://fem.encar.com/cars/detail/41209352?advClickPosition=mweb_mhightlight_g151_t49391&listAdvType=mhighlight&type=detail&view_type=normal,"Message: tab crashed
  (Session info: chrome=145.0.7632.160)
"
4391,41306147,https://fem.encar.com/cars/detail/41306147?advClickPosition=mweb_mhightlight_g152_t49391&listAdvType=mhighlight&type=detail&view_type=checked,"Message: tab crashed
  (Session info: chrome=145.0.7632.160)
"
4400,41154766,https://fem.encar.com/cars/detail/41154766?advClickPosition=mweb_mhightlight_g161_t49391&listAdvType=mhighlight&type=detail&view_type=normal,"Message: tab crashed
  (Session info: chrome=145.0.7632.160)
"
4401,41127091,https://fem.encar.com/cars/detail/41127091?advClickPosition=mweb_mhightlight_g162_t49391&listAdvType=mhighlight&type=detail&view_type=checked,"Message: tab crashed
  (Session info: chrome=145.0.7632.160)
"
4402,41117029,https://fem.encar.com/cars/detail/41117029?advClickPosition=mweb_mhightlight_g163_t49391&listAdvType=mhighlight&type=detail&view_type=normal,"Message: tab crashed
  (Session info: chrome=145.0.7632.160)
"
4403,40895834,https://fem.encar.com/cars/detail/40895834?advClickPosition=mweb_mhightlight_g164_t49391&listAdvType=mhighlight&type=detail&view_type=checked,"Message: tab crashed
  (Session info: chrome=145.0.7632.160)
"
4404,40892643,https://fem.encar.com/cars/detail/40892643?advClickPosition=mweb_mhightlight_g165_t49391&listAdvType=mhighlight&type=detail&view_type=checked,"Message: tab crashed
  (Session info: chrome=145.0.7632.160)
"
4405,40836988,https://fem.encar.com/cars/detail/40836988?advClickPosition=mweb_mhightlight_g166_t49391&listAdvType=mhighlight&type=detail&view_type=checked,"Message: tab crashed
  (Session info: chrome=145.0.7632.160)
"
4406,40790942,https://fem.encar.com/cars/detail/40790942?advClickPosition=mweb_mhightlight_g167_t49391&listAdvType=mhighlight&type=detail&view_type=checked,"Message: tab crashed
  (Session info: chrome=145.0.7632.160)
"
4407,40789421,https://fem.encar.com/cars/detail/40789421?advClickPosition=mweb_mhightlight_g168_t49391&listAdvType=mhighlight&type=detail&view_type=normal,"Message: tab crashed
  (Session info: chrome=145.0.7632.160)
"
4408,40717591,https://fem.encar.com/cars/detail/40717591?advClickPosition=mweb_mhightlight_g169_t49391&listAdvType=mhighlight&type=detail&view_type=checked,"Message: tab crashed
  (Session info: chrome=145.0.7632.160)
"
4409,40731267,https://fem.encar.com/cars/detail/40731267?advClickPosition=mweb_mhightlight_g170_t49391&listAdvType=mhighlight&type=detail&view_type=checked,"Message: tab crashed
  (Session info: chrome=145.0.7632.160)
"
4410,40785659,https://fem.encar.com/cars/detail/40785659?advClickPosition=mweb_mhightlight_g171_t49391&listAdvType=mhighlight&type=detail&view_type=normal,"Message: tab crashed
  (Session info: chrome=145.0.7632.160)
"
4411,40833588,https://fem.encar.com/cars/detail/40833588?advClickPosition=mweb_mhightlight_g172_t49391&listAdvType=mhighlight&type=detail&view_type=checked,"Message: tab crashed
  (Session info: chrome=145.0.7632.160)
"
4412,40733984,https://fem.encar.com/cars/detail/40733984?advClickPosition=mweb_mhightlight_g173_t49391&listAdvType=mhighlight&type=detail&view_type=checked,"Message: tab crashed
  (Session info: chrome=145.0.7632.160)
"
4413,40544692,https://fem.encar.com/cars/detail/40544692?advClickPosition=mweb_mhightlight_g174_t49391&listAdvType=mhighlight&type=detail&view_type=normal,"Message: tab crashed
  (Session info: chrome=145.0.7632.160)
"
4414,38741186,https://fem.encar.com/cars/detail/38741186?advClickPosition=mweb_mhightlight_g175_t49391&listAdvType=mhighlight&type=detail&view_type=normal,"Message: tab crashed
  (Session info: chrome=145.0.7632.160)
"
4415,38786224,https://fem.encar.com/cars/detail/38786224?advClickPosition=mweb_mhightlight_g176_t49391&listAdvType=mhighlight&type=detail&view_type=checked,"Message: tab crashed
  (Session info: chrome=145.0.7632.160)
"
4416,40899022,https://fem.encar.com/cars/detail/40899022?advClickPosition=mweb_mhightlight_g177_t49391&listAdvType=mhighlight&type=detail&view_type=checked,"Message: tab crashed
  (Session info: chrome=145.0.7632.160)
"
4417,40888286,https://fem.encar.com/cars/detail/40888286?advClickPosition=mweb_mhightlight_g178_t49391&listAdvType=mhighlight&type=detail&view_type=checked,"Message: tab crashed
  (Session info: chrome=145.0.7632.160)
"
4418,40876657,https://fem.encar.com/cars/detail/40876657?advClickPosition=mweb_mhightlight_g179_t49391&listAdvType=mhighlight&type=detail&view_type=normal,"Message: tab crashed
  (Session info: chrome=145.0.7632.160)
"
4419,40836470,https://fem.encar.com/cars/detail/40836470?advClickPosition=mweb_mhightlight_g180_t49391&listAdvType=mhighlight&type=detail&view_type=normal,"Message: tab crashed
  (Session info: chrome=145.0.7632.160)
"
4420,40554809,https://fem.encar.com/cars/detail/40554809?advClickPosition=mweb_mhightlight_g181_t49391&listAdvType=mhighlight&type=detail&view_type=checked,"Message: tab crashed
  (Session info: chrome=145.0.7632.160)
"
4421,40904822,https://fem.encar.com/cars/detail/40904822?advClickPosition=mweb_mhightlight_g182_t49391&listAdvType=mhighlight&type=detail&view_type=normal,"Message: tab crashed
  (Session info: chrome=145.0.7632.160)
"
4422,40941253,https://fem.encar.com/cars/detail/40941253?advClickPosition=mweb_mhightlight_g183_t49391&listAdvType=mhighlight&type=detail&view_type=checked,"Message: tab crashed
  (Session info: chrome=145.0.7632.160)
"
4423,40928390,https://fem.encar.com/cars/detail/40928390?advClickPosition=mweb_mhightlight_g184_t49391&listAdvType=mhighlight&type=detail&view_type=checked,"Message: tab crashed
  (Session info: chrome=145.0.7632.160)
"
4424,40930237,https://fem.encar.com/cars/detail/40930237?advClickPosition=mweb_mhightlight_g185_t49391&listAdvType=mhighlight&type=detail&view_type=checked,"Message: tab crashed
  (Session info: chrome=145.0.7632.160)
"
4425,39584743,https://fem.encar.com/cars/detail/39584743?advClickPosition=mweb_mhightlight_g186_t49391&listAdvType=mhighlight&type=detail&view_type=normal,"Message: tab crashed
  (Session info: chrome=145.0.7632.160)
"
4426,39505335,https://fem.encar.com/cars/detail/39505335?advClickPosition=mweb_mhightlight_g187_t49391&listAdvType=mhighlight&type=detail&view_type=normal,"Message: tab crashed
  (Session info: chrome=145.0.7632.160)
"
4427,41659399,https://fem.encar.com/cars/detail/41659399?advClickPosition=mweb_mhightlight_g188_t49391&listAdvType=mhighlight&type=detail&view_type=hs_ad,"Message: tab crashed
  (Session info: chrome=145.0.7632.160)
"
4428,41634529,https://fem.encar.com/cars/detail/41634529?advClickPosition=mweb_mhightlight_g189_t49391&listAdvType=mhighlight&type=detail&view_type=hs_ad,"Message: tab crashed
  (Session info: chrome=145.0.7632.160)
"
4429,41634536,https://fem.encar.com/cars/detail/41634536?advClickPosition=mweb_mhightlight_g190_t49391&listAdvType=mhighlight&type=detail&view_type=hs_ad,"Message: tab crashed
  (Session info: chrome=145.0.7632.160)
"
4430,41616933,https://fem.encar.com/cars/detail/41616933?advClickPosition=mweb_mhightlight_g191_t49391&listAdvType=mhighlight&type=detail&view_type=hs_ad,"Message: tab crashed
  (Session info: chrome=145.0.7632.160)
"
4431,41607184,https://fem.encar.com/cars/detail/41607184?advClickPosition=mweb_mhightlight_g192_t49391&listAdvType=mhighlight&type=detail&view_type=hs_ad,"Message: tab crashed
  (Session info: chrome=145.0.7632.160)
"
4432,41599600,https://fem.encar.com/cars/detail/41599600?advClickPosition=mweb_mhightlight_g193_t49391&listAdvType=mhighlight&type=detail&view_type=hs_ad,"Message: tab crashed
  (Session info: chrome=145.0.7632.160)
"
4433,41662114,https://fem.encar.com/cars/detail/41662114?advClickPosition=mweb_mhightlight_g194_t49391&listAdvType=mhighlight&type=detail&view_type=hs_ad,"Message: tab crashed
  (Session info: chrome=145.0.7632.160)
"
4434,41662515,https://fem.encar.com/cars/detail/41662515?advClickPosition=mweb_mhightlight_g195_t49391&listAdvType=mhighlight&type=detail&view_type=hs_ad,"Message: tab crashed
  (Session info: chrome=145.0.7632.160)
"
4435,41662002,https://fem.encar.com/cars/detail/41662002?advClickPosition=mweb_mhightlight_g196_t49391&listAdvType=mhighlight&type=detail&view_type=hs_ad,"Message: tab crashed
  (Session info: chrome=145.0.7632.160)
"
4436,41635436,https://fem.encar.com/cars/detail/41635436?advClickPosition=mweb_mhightlight_g197_t49391&listAdvType=mhighlight&type=detail&view_type=hs_ad,"Message: tab crashed
  (Session info: chrome=145.0.7632.160)
"
4437,41635440,https://fem.encar.com/cars/detail/41635440?advClickPosition=mweb_mhightlight_g198_t49391&listAdvType=mhighlight&type=detail&view_type=hs_ad,"Message: tab crashed
  (Session info: chrome=145.0.7632.160)
"
4438,41643880,https://fem.encar.com/cars/detail/41643880?advClickPosition=mweb_mhightlight_g199_t49391&listAdvType=mhighlight&type=detail&view_type=hs_ad,"Message: tab crashed
  (Session info: chrome=145.0.7632.160)
"
4439,41640861,https://fem.encar.com/cars/detail/41640861?advClickPosition=mweb_mhightlight_g200_t49391&listAdvType=mhighlight&type=detail&view_type=hs_ad,"Message: tab crashed
  (Session info: chrome=145.0.7632.160)
"
4713,41652531,https://fem.encar.com/cars/detail/41652531?advClickPosition=mweb_mhightlight_g74_t49390&listAdvType=mhighlight&type=detail&view_type=hs_ad,"Message: tab crashed
  (Session info: chrome=145.0.7632.160)
"
4714,41659719,https://fem.encar.com/cars/detail/41659719?advClickPosition=mweb_mhightlight_g75_t49390&listAdvType=mhighlight&type=detail&view_type=hs_ad,"Message: tab crashed
  (Session info: chrome=145.0.7632.160)
"
4716,41271135,https://fem.encar.com/cars/detail/41271135?advClickPosition=mweb_mhightlight_g77_t49390&listAdvType=mhighlight&type=detail&view_type=hs_ad,"Message: tab crashed
  (Session info: chrome=145.0.7632.160)
"
4717,41266128,https://fem.encar.com/cars/detail/41266128?advClickPosition=mweb_mhightlight_g78_t49390&listAdvType=mhighlight&type=detail&view_type=hs_ad,"Message: tab crashed
  (Session info: chrome=145.0.7632.160)
"
4718,41261231,https://fem.encar.com/cars/detail/41261231?advClickPosition=mweb_mhightlight_g79_t49390&listAdvType=mhighlight&type=detail&view_type=hs_ad,"Message: tab crashed
  (Session info: chrome=145.0.7632.160)
"
4719,41259503,https://fem.encar.com/cars/detail/41259503?advClickPosition=mweb_mhightlight_g80_t49390&listAdvType=mhighlight&type=detail&view_type=hs_ad,"Message: tab crashed
  (Session info: chrome=145.0.7632.160)
"
4720,40342612,https://fem.encar.com/cars/detail/40342612?advClickPosition=mweb_mhightlight_g81_t49390&listAdvType=mhighlight&type=detail&view_type=hs_ad,"Message: tab crashed
  (Session info: chrome=145.0.7632.160)
"
4721,41217423,https://fem.encar.com/cars/detail/41217423?advClickPosition=mweb_mhightlight_g82_t49390&listAdvType=mhighlight&type=detail&view_type=hs_ad,"Message: tab crashed
  (Session info: chrome=145.0.7632.160)
"
4722,41199308,https://fem.encar.com/cars/detail/41199308?advClickPosition=mweb_mhightlight_g83_t49390&listAdvType=mhighlight&type=detail&view_type=hs_ad,"Message: tab crashed
  (Session info: chrome=145.0.7632.160)
"
4723,41193943,https://fem.encar.com/cars/detail/41193943?advClickPosition=mweb_mhightlight_g84_t49390&listAdvType=mhighlight&type=detail&view_type=hs_ad,"Message: tab crashed
  (Session info: chrome=145.0.7632.160)
"
4724,41203384,https://fem.encar.com/cars/detail/41203384?advClickPosition=mweb_mhightlight_g85_t49390&listAdvType=mhighlight&type=detail&view_type=hs_ad,"Message: tab crashed
  (Session info: chrome=145.0.7632.160)
"
4725,41121762,https://fem.encar.com/cars/detail/41121762?advClickPosition=mweb_mhightlight_g86_t49390&listAdvType=mhighlight&type=detail&view_type=hs_ad,"Message: tab crashed
  (Session info: chrome=145.0.7632.160)
"
4726,40787900,https://fem.encar.com/cars/detail/40787900?advClickPosition=mweb_mhightlight_g87_t49390&listAdvType=mhighlight&type=detail&view_type=hs_ad,"Message: tab crashed
  (Session info: chrome=145.0.7632.160)
"
4727,40326935,https://fem.encar.com/cars/detail/40326935?advClickPosition=mweb_mhightlight_g88_t49390&listAdvType=mhighlight&type=detail&view_type=hs_ad,"Message: tab crashed
  (Session info: chrome=145.0.7632.160)
"
4728,40991488,https://fem.encar.com/cars/detail/40991488?advClickPosition=mweb_mhightlight_g89_t49390&listAdvType=mhighlight&type=detail&view_type=hs_ad,"Message: tab crashed
  (Session info: chrome=145.0.7632.160)
"
4729,41272519,https://fem.encar.com/cars/detail/41272519?advClickPosition=mweb_mhightlight_g90_t49390&listAdvType=mhighlight&type=detail&view_type=hs_ad,"Message: tab crashed
  (Session info: chrome=145.0.7632.160)
"
4730,41271982,https://fem.encar.com/cars/detail/41271982?advClickPosition=mweb_mhightlight_g91_t49390&listAdvType=mhighlight&type=detail&view_type=hs_ad,"Message: tab crashed
  (Session info: chrome=145.0.7632.160)
"
4731,41228263,https://fem.encar.com/cars/detail/41228263?advClickPosition=mweb_mhightlight_g92_t49390&listAdvType=mhighlight&type=detail&view_type=hs_ad,"Message: tab crashed
  (Session info: chrome=145.0.7632.160)
"
4732,41233075,https://fem.encar.com/cars/detail/41233075?advClickPosition=mweb_mhightlight_g93_t49390&listAdvType=mhighlight&type=detail&view_type=hs_ad,"Message: tab crashed
  (Session info: chrome=145.0.7632.160)
"
4733,38186964,https://fem.encar.com/cars/detail/38186964?advClickPosition=mweb_mhightlight_g94_t49390&listAdvType=mhighlight&type=detail&view_type=hs_ad,"Message: tab crashed
  (Session info: chrome=145.0.7632.160)
"
4734,39184209,https://fem.encar.com/cars/detail/39184209?advClickPosition=mweb_mhightlight_g95_t49390&listAdvType=mhighlight&type=detail&view_type=hs_ad,"Message: tab crashed
  (Session info: chrome=145.0.7632.160)
"
4735,40967519,https://fem.encar.com/cars/detail/40967519?advClickPosition=mweb_mhightlight_g96_t49390&listAdvType=mhighlight&type=detail&view_type=hs_ad,"Message: tab crashed
  (Session info: chrome=145.0.7632.160)
"
4736,40907769,https://fem.encar.com/cars/detail/40907769?advClickPosition=mweb_mhightlight_g97_t49390&listAdvType=mhighlight&type=detail&view_type=hs_ad,"Message: tab crashed
  (Session info: chrome=145.0.7632.160)
"
4737,40942123,https://fem.encar.com/cars/detail/40942123?advClickPosition=mweb_mhightlight_g98_t49390&listAdvType=mhighlight&type=detail&view_type=hs_ad,"Message: tab crashed
  (Session info: chrome=145.0.7632.160)
"
4738,40671987,https://fem.encar.com/cars/detail/40671987?advClickPosition=mweb_mhightlight_g99_t49390&listAdvType=mhighlight&type=detail&view_type=hs_ad,"Message: tab crashed
  (Session info: chrome=145.0.7632.160)
"
4739,40466919,https://fem.encar.com/cars/detail/40466919?advClickPosition=mweb_mhightlight_g100_t49390&listAdvType=mhighlight&type=detail&view_type=hs_ad,"Message: tab crashed
  (Session info: chrome=145.0.7632.160)
"
4740,41433570,https://fem.encar.com/cars/detail/41433570?advClickPosition=mweb_mhightlight_g101_t49390&listAdvType=mhighlight&type=detail&view_type=hs_ad,"Message: tab crashed
  (Session info: chrome=145.0.7632.160)
"
4741,41425364,https://fem.encar.com/cars/detail/41425364?advClickPosition=mweb_mhightlight_g102_t49390&listAdvType=mhighlight&type=detail&view_type=hs_ad,"Message: tab crashed
  (Session info: chrome=145.0.7632.160)
"
4742,41414683,https://fem.encar.com/cars/detail/41414683?advClickPosition=mweb_mhightlight_g103_t49390&listAdvType=mhighlight&type=detail&view_type=hs_ad,"Message: tab crashed
  (Session info: chrome=145.0.7632.160)
"
4743,41392074,https://fem.encar.com/cars/detail/41392074?advClickPosition=mweb_mhightlight_g104_t49390&listAdvType=mhighlight&type=detail&view_type=hs_ad,"Message: tab crashed
  (Session info: chrome=145.0.7632.160)
"
4744,41371895,https://fem.encar.com/cars/detail/41371895?advClickPosition=mweb_mhightlight_g105_t49390&listAdvType=mhighlight&type=detail&view_type=hs_ad,"Message: tab crashed
  (Session info: chrome=145.0.7632.160)
"
4745,41597976,https://fem.encar.com/cars/detail/41597976?advClickPosition=mweb_mhightlight_g106_t49390&listAdvType=mhighlight&type=detail&view_type=hs_ad,"Message: tab crashed
  (Session info: chrome=145.0.7632.160)
"
4746,41590899,https://fem.encar.com/cars/detail/41590899?advClickPosition=mweb_mhightlight_g107_t49390&listAdvType=mhighlight&type=detail&view_type=hs_ad,"Message: tab crashed
  (Session info: chrome=145.0.7632.160)
"
4747,41503049,https://fem.encar.com/cars/detail/41503049?advClickPosition=mweb_mhightlight_g108_t49390&listAdvType=mhighlight&type=detail&view_type=hs_ad,"Message: tab crashed
  (Session info: chrome=145.0.7632.160)
"
4748,41492764,https://fem.encar.com/cars/detail/41492764?advClickPosition=mweb_mhightlight_g109_t49390&listAdvType=mhighlight&type=detail&view_type=hs_ad,"Message: tab crashed
  (Session info: chrome=145.0.7632.160)
"
4749,41480918,https://fem.encar.com/cars/detail/41480918?advClickPosition=mweb_mhightlight_g110_t49390&listAdvType=mhighlight&type=detail&view_type=hs_ad,"Message: tab crashed
  (Session info: chrome=145.0.7632.160)
"
4752,41603148,https://fem.encar.com/cars/detail/41603148?advClickPosition=mweb_mhightlight_g113_t49390&listAdvType=mhighlight&type=detail&view_type=hs_ad,"Message: tab crashed
  (Session info: chrome=145.0.7632.160)
"
4754,41228363,https://fem.encar.com/cars/detail/41228363?advClickPosition=mweb_mhightlight_g115_t49390&listAdvType=mhighlight&type=detail&view_type=hs_ad,"Message: tab crashed
  (Session info: chrome=145.0.7632.160)
"
4755,41325758,https://fem.encar.com/cars/detail/41325758?advClickPosition=mweb_mhightlight_g116_t49390&listAdvType=mhighlight&type=detail&view_type=hs_ad,"Message: tab crashed
  (Session info: chrome=145.0.7632.160)
"
4756,41322957,https://fem.encar.com/cars/detail/41322957?advClickPosition=mweb_mhightlight_g117_t49390&listAdvType=mhighlight&type=detail&view_type=hs_ad,"Message: tab crashed
  (Session info: chrome=145.0.7632.160)
"
4757,41291511,https://fem.encar.com/cars/detail/41291511?advClickPosition=mweb_mhightlight_g118_t49390&listAdvType=mhighlight&type=detail&view_type=hs_ad,"Message: tab crashed
  (Session info: chrome=145.0.7632.160)
"
4758,41293888,https://fem.encar.com/cars/detail/41293888?advClickPosition=mweb_mhightlight_g119_t49390&listAdvType=mhighlight&type=detail&view_type=hs_ad,"Message: tab crashed
  (Session info: chrome=145.0.7632.160)
"
4759,41291221,https://fem.encar.com/cars/detail/41291221?advClickPosition=mweb_mhightlight_g120_t49390&listAdvType=mhighlight&type=detail&view_type=hs_ad,"Message: tab crashed
  (Session info: chrome=145.0.7632.160)
"
4760,41324043,https://fem.encar.com/cars/detail/41324043?advClickPosition=mweb_mhightlight_g121_t49390&listAdvType=mhighlight&type=detail&view_type=hs_ad,"Message: tab crashed
  (Session info: chrome=145.0.7632.160)
"
4761,41314158,https://fem.encar.com/cars/detail/41314158?advClickPosition=mweb_mhightlight_g122_t49390&listAdvType=mhighlight&type=detail&view_type=hs_ad,"Message: tab crashed
  (Session info: chrome=145.0.7632.160)
"
4762,41294012,https://fem.encar.com/cars/detail/41294012?advClickPosition=mweb_mhightlight_g123_t49390&listAdvType=mhighlight&type=detail&view_type=hs_ad,"Message: tab crashed
  (Session info: chrome=145.0.7632.160)
"
4763,41462920,https://fem.encar.com/cars/detail/41462920?advClickPosition=mweb_mhightlight_g124_t49390&listAdvType=mhighlight&type=detail&view_type=hs_ad,"Message: tab crashed
  (Session info: chrome=145.0.7632.160)
"
4764,41588307,https://fem.encar.com/cars/detail/41588307?advClickPosition=mweb_mhightlight_g125_t49390&listAdvType=mhighlight&type=detail&view_type=hs_ad,"Message: tab crashed
  (Session info: chrome=145.0.7632.160)
"
4765,41578867,https://fem.encar.com/cars/detail/41578867?advClickPosition=mweb_mhightlight_g126_t49390&listAdvType=mhighlight&type=detail&view_type=hs_ad,"Message: tab crashed
  (Session info: chrome=145.0.7632.160)
"
4766,41548306,https://fem.encar.com/cars/detail/41548306?advClickPosition=mweb_mhightlight_g127_t49390&listAdvType=mhighlight&type=detail&view_type=hs_ad,"Message: tab crashed
  (Session info: chrome=145.0.7632.160)
"
4771,41627349,https://fem.encar.com/cars/detail/41627349?advClickPosition=mweb_mhightlight_g132_t49390&listAdvType=mhighlight&type=detail&view_type=hs_ad,"Message: tab crashed
  (Session info: chrome=145.0.7632.160)
"
4774,39646447,https://fem.encar.com/cars/detail/39646447?advClickPosition=mweb_mhightlight_g135_t49390&listAdvType=mhighlight&type=detail&view_type=normal,"Message: tab crashed
  (Session info: chrome=145.0.7632.160)
"
4775,39780652,https://fem.encar.com/cars/detail/39780652?advClickPosition=mweb_mhightlight_g136_t49390&listAdvType=mhighlight&type=detail&view_type=normal,"Message: tab crashed
  (Session info: chrome=145.0.7632.160)
"
4776,41016857,https://fem.encar.com/cars/detail/41016857?advClickPosition=mweb_mhightlight_g137_t49390&listAdvType=mhighlight&type=detail&view_type=checked,"Message: tab crashed
  (Session info: chrome=145.0.7632.160)
"
4777,41010587,https://fem.encar.com/cars/detail/41010587?advClickPosition=mweb_mhightlight_g138_t49390&listAdvType=mhighlight&type=detail&view_type=normal,"Message: tab crashed
  (Session info: chrome=145.0.7632.160)
"
4778,41004235,https://fem.encar.com/cars/detail/41004235?advClickPosition=mweb_mhightlight_g139_t49390&listAdvType=mhighlight&type=detail&view_type=checked,"Message: tab crashed
  (Session info: chrome=145.0.7632.160)
"
4779,41004452,https://fem.encar.com/cars/detail/41004452?advClickPosition=mweb_mhightlight_g140_t49390&listAdvType=mhighlight&type=detail&view_type=checked,"Message: tab crashed
  (Session info: chrome=145.0.7632.160)
"
4780,41004058,https://fem.encar.com/cars/detail/41004058?advClickPosition=mweb_mhightlight_g141_t49390&listAdvType=mhighlight&type=detail&view_type=checked,"Message: tab crashed
  (Session info: chrome=145.0.7632.160)
"
4781,40984832,https://fem.encar.com/cars/detail/40984832?advClickPosition=mweb_mhightlight_g142_t49390&listAdvType=mhighlight&type=detail&view_type=checked,"Message: tab crashed
  (Session info: chrome=145.0.7632.160)
"
4782,40996734,https://fem.encar.com/cars/detail/40996734?advClickPosition=mweb_mhightlight_g143_t49390&listAdvType=mhighlight&type=detail&view_type=checked,"Message: tab crashed
  (Session info: chrome=145.0.7632.160)
"
4783,40979381,https://fem.encar.com/cars/detail/40979381?advClickPosition=mweb_mhightlight_g144_t49390&listAdvType=mhighlight&type=detail&view_type=checked,"Message: tab crashed
  (Session info: chrome=145.0.7632.160)
"
4784,40996489,https://fem.encar.com/cars/detail/40996489?advClickPosition=mweb_mhightlight_g145_t49390&listAdvType=mhighlight&type=detail&view_type=normal,"Message: tab crashed
  (Session info: chrome=145.0.7632.160)
"
4785,40817574,https://fem.encar.com/cars/detail/40817574?advClickPosition=mweb_mhightlight_g146_t49390&listAdvType=mhighlight&type=detail&view_type=checked,"Message: tab crashed
  (Session info: chrome=145.0.7632.160)
"
4786,41541988,https://fem.encar.com/cars/detail/41541988?advClickPosition=mweb_mhightlight_g147_t49390&listAdvType=mhighlight&type=detail&view_type=checked,"Message: tab crashed
  (Session info: chrome=145.0.7632.160)
"
4787,41543681,https://fem.encar.com/cars/detail/41543681?advClickPosition=mweb_mhightlight_g148_t49390&listAdvType=mhighlight&type=detail&view_type=checked,"Message: tab crashed
  (Session info: chrome=145.0.7632.160)
"
4788,41550806,https://fem.encar.com/cars/detail/41550806?advClickPosition=mweb_mhightlight_g149_t49390&listAdvType=mhighlight&type=detail&view_type=checked,"Message: tab crashed
  (Session info: chrome=145.0.7632.160)
"
4789,41534151,https://fem.encar.com/cars/detail/41534151?advClickPosition=mweb_mhightlight_g150_t49390&listAdvType=mhighlight&type=detail&view_type=checked,"Message: tab crashed
  (Session info: chrome=145.0.7632.160)
"
4790,41529066,https://fem.encar.com/cars/detail/41529066?advClickPosition=mweb_mhightlight_g151_t49390&listAdvType=mhighlight&type=detail&view_type=normal,"Message: tab crashed
  (Session info: chrome=145.0.7632.160)
"
4791,41528019,https://fem.encar.com/cars/detail/41528019?advClickPosition=mweb_mhightlight_g152_t49390&listAdvType=mhighlight&type=detail&view_type=normal,"Message: tab crashed
  (Session info: chrome=145.0.7632.160)
"
4792,41536401,https://fem.encar.com/cars/detail/41536401?advClickPosition=mweb_mhightlight_g153_t49390&listAdvType=mhighlight&type=detail&view_type=normal,"Message: tab crashed
  (Session info: chrome=145.0.7632.160)
"
4793,41530765,https://fem.encar.com/cars/detail/41530765?advClickPosition=mweb_mhightlight_g154_t49390&listAdvType=mhighlight&type=detail&view_type=checked,"Message: tab crashed
  (Session info: chrome=145.0.7632.160)
"
4794,41527033,https://fem.encar.com/cars/detail/41527033?advClickPosition=mweb_mhightlight_g155_t49390&listAdvType=mhighlight&type=detail&view_type=normal,"Message: tab crashed
  (Session info: chrome=145.0.7632.160)
"
4795,41513365,https://fem.encar.com/cars/detail/41513365?advClickPosition=mweb_mhightlight_g156_t49390&listAdvType=mhighlight&type=detail&view_type=checked,"Message: tab crashed
  (Session info: chrome=145.0.7632.160)
"
4796,41525561,https://fem.encar.com/cars/detail/41525561?advClickPosition=mweb_mhightlight_g157_t49390&listAdvType=mhighlight&type=detail&view_type=checked,"Message: tab crashed
  (Session info: chrome=145.0.7632.160)
"
4797,41516751,https://fem.encar.com/cars/detail/41516751?advClickPosition=mweb_mhightlight_g158_t49390&listAdvType=mhighlight&type=detail&view_type=normal,"Message: tab crashed
  (Session info: chrome=145.0.7632.160)
"
4798,41506359,https://fem.encar.com/cars/detail/41506359?advClickPosition=mweb_mhightlight_g159_t49390&listAdvType=mhighlight&type=detail&view_type=checked,"Message: tab crashed
  (Session info: chrome=145.0.7632.160)
"
4799,41489266,https://fem.encar.com/cars/detail/41489266?advClickPosition=mweb_mhightlight_g160_t49390&listAdvType=mhighlight&type=detail&view_type=normal,"Message: tab crashed
  (Session info: chrome=145.0.7632.160)
"
4800,41487749,https://fem.encar.com/cars/detail/41487749?advClickPosition=mweb_mhightlight_g161_t49390&listAdvType=mhighlight&type=detail&view_type=checked,"Message: tab crashed
  (Session info: chrome=145.0.7632.160)
"
4801,41485681,https://fem.encar.com/cars/detail/41485681?advClickPosition=mweb_mhightlight_g162_t49390&listAdvType=mhighlight&type=detail&view_type=normal,"Message: tab crashed
  (Session info: chrome=145.0.7632.160)
"
4802,41485547,https://fem.encar.com/cars/detail/41485547?advClickPosition=mweb_mhightlight_g163_t49390&listAdvType=mhighlight&type=detail&view_type=checked,"Message: tab crashed
  (Session info: chrome=145.0.7632.160)
"
4803,41147722,https://fem.encar.com/cars/detail/41147722?advClickPosition=mweb_mhightlight_g164_t49390&listAdvType=mhighlight&type=detail&view_type=checked,"Message: tab crashed
  (Session info: chrome=145.0.7632.160)
"
4804,41140863,https://fem.encar.com/cars/detail/41140863?advClickPosition=mweb_mhightlight_g165_t49390&listAdvType=mhighlight&type=detail&view_type=checked,"Message: tab crashed
  (Session info: chrome=145.0.7632.160)
"
4805,41137920,https://fem.encar.com/cars/detail/41137920?advClickPosition=mweb_mhightlight_g166_t49390&listAdvType=mhighlight&type=detail&view_type=checked,"Message: tab crashed
  (Session info: chrome=145.0.7632.160)
"
4806,41146838,https://fem.encar.com/cars/detail/41146838?advClickPosition=mweb_mhightlight_g167_t49390&listAdvType=mhighlight&type=detail&view_type=checked,"Message: tab crashed
  (Session info: chrome=145.0.7632.160)
"
4807,41150795,https://fem.encar.com/cars/detail/41150795?advClickPosition=mweb_mhightlight_g168_t49390&listAdvType=mhighlight&type=detail&view_type=normal,"Message: tab crashed
  (Session info: chrome=145.0.7632.160)
"
4808,41137909,https://fem.encar.com/cars/detail/41137909?advClickPosition=mweb_mhightlight_g169_t49390&listAdvType=mhighlight&type=detail&view_type=checked,"Message: tab crashed
  (Session info: chrome=145.0.7632.160)
"
4809,41137851,https://fem.encar.com/cars/detail/41137851?advClickPosition=mweb_mhightlight_g170_t49390&listAdvType=mhighlight&type=detail&view_type=checked,"Message: tab crashed
  (Session info: chrome=145.0.7632.160)
"
4810,41136213,https://fem.encar.com/cars/detail/41136213?advClickPosition=mweb_mhightlight_g171_t49390&listAdvType=mhighlight&type=detail&view_type=checked,"Message: tab crashed
  (Session info: chrome=145.0.7632.160)
"
4811,41134401,https://fem.encar.com/cars/detail/41134401?advClickPosition=mweb_mhightlight_g172_t49390&listAdvType=mhighlight&type=detail&view_type=checked,"Message: tab crashed
  (Session info: chrome=145.0.7632.160)
"
4812,41103612,https://fem.encar.com/cars/detail/41103612?advClickPosition=mweb_mhightlight_g173_t49390&listAdvType=mhighlight&type=detail&view_type=normal,"Message: tab crashed
  (Session info: chrome=145.0.7632.160)
"
4813,41102351,https://fem.encar.com/cars/detail/41102351?advClickPosition=mweb_mhightlight_g174_t49390&listAdvType=mhighlight&type=detail&view_type=checked,"Message: tab crashed
  (Session info: chrome=145.0.7632.160)
"
4814,41096738,https://fem.encar.com/cars/detail/41096738?advClickPosition=mweb_mhightlight_g175_t49390&listAdvType=mhighlight&type=detail&view_type=checked,"Message: tab crashed
  (Session info: chrome=145.0.7632.160)
"
4815,41095296,https://fem.encar.com/cars/detail/41095296?advClickPosition=mweb_mhightlight_g176_t49390&listAdvType=mhighlight&type=detail&view_type=checked,"Message: tab crashed
  (Session info: chrome=145.0.7632.160)
"
4816,41467692,https://fem.encar.com/cars/detail/41467692?advClickPosition=mweb_mhightlight_g177_t49390&listAdvType=mhighlight&type=detail&view_type=checked,"Message: tab crashed
  (Session info: chrome=145.0.7632.160)
"
4817,41469849,https://fem.encar.com/cars/detail/41469849?advClickPosition=mweb_mhightlight_g178_t49390&listAdvType=mhighlight&type=detail&view_type=normal,"Message: tab crashed
  (Session info: chrome=145.0.7632.160)
"
4818,41470252,https://fem.encar.com/cars/detail/41470252?advClickPosition=mweb_mhightlight_g179_t49390&listAdvType=mhighlight&type=detail&view_type=normal,"Message: tab crashed
  (Session info: chrome=145.0.7632.160)
"
4819,41477074,https://fem.encar.com/cars/detail/41477074?advClickPosition=mweb_mhightlight_g180_t49390&listAdvType=mhighlight&type=detail&view_type=checked,"Message: tab crashed
  (Session info: chrome=145.0.7632.160)
"
4820,41467611,https://fem.encar.com/cars/detail/41467611?advClickPosition=mweb_mhightlight_g181_t49390&listAdvType=mhighlight&type=detail&view_type=checked,"Message: tab crashed
  (Session info: chrome=145.0.7632.160)
"
4821,41450315,https://fem.encar.com/cars/detail/41450315?advClickPosition=mweb_mhightlight_g182_t49390&listAdvType=mhighlight&type=detail&view_type=checked,"Message: tab crashed
  (Session info: chrome=145.0.7632.160)
"
4822,41445022,https://fem.encar.com/cars/detail/41445022?advClickPosition=mweb_mhightlight_g183_t49390&listAdvType=mhighlight&type=detail&view_type=checked,"Message: tab crashed
  (Session info: chrome=145.0.7632.160)
"
4823,41436400,https://fem.encar.com/cars/detail/41436400?advClickPosition=mweb_mhightlight_g184_t49390&listAdvType=mhighlight&type=detail&view_type=checked,"Message: tab crashed
  (Session info: chrome=145.0.7632.160)
"
4824,41427328,https://fem.encar.com/cars/detail/41427328?advClickPosition=mweb_mhightlight_g185_t49390&listAdvType=mhighlight&type=detail&view_type=checked,"Message: tab crashed
  (Session info: chrome=145.0.7632.160)
"
4825,41422887,https://fem.encar.com/cars/detail/41422887?advClickPosition=mweb_mhightlight_g186_t49390&listAdvType=mhighlight&type=detail&view_type=normal,"Message: tab crashed
  (Session info: chrome=145.0.7632.160)
"
4826,41420458,https://fem.encar.com/cars/detail/41420458?advClickPosition=mweb_mhightlight_g187_t49390&listAdvType=mhighlight&type=detail&view_type=checked,"Message: tab crashed
  (Session info: chrome=145.0.7632.160)
"
4827,41416854,https://fem.encar.com/cars/detail/41416854?advClickPosition=mweb_mhightlight_g188_t49390&listAdvType=mhighlight&type=detail&view_type=checked,"Message: tab crashed
  (Session info: chrome=145.0.7632.160)
"
4828,41410108,https://fem.encar.com/cars/detail/41410108?advClickPosition=mweb_mhightlight_g189_t49390&listAdvType=mhighlight&type=detail&view_type=normal,"Message: tab crashed
  (Session info: chrome=145.0.7632.160)
"
4829,41407912,https://fem.encar.com/cars/detail/41407912?advClickPosition=mweb_mhightlight_g190_t49390&listAdvType=mhighlight&type=detail&view_type=checked,"Message: tab crashed
  (Session info: chrome=145.0.7632.160)
"
4830,41448256,https://fem.encar.com/cars/detail/41448256?advClickPosition=mweb_mhightlight_g191_t49390&listAdvType=mhighlight&type=detail&view_type=normal,"Message: tab crashed
  (Session info: chrome=145.0.7632.160)
"
4831,41462740,https://fem.encar.com/cars/detail/41462740?advClickPosition=mweb_mhightlight_g192_t49390&listAdvType=mhighlight&type=detail&view_type=checked,"Message: tab crashed
  (Session info: chrome=145.0.7632.160)
"
4832,41456873,https://fem.encar.com/cars/detail/41456873?advClickPosition=mweb_mhightlight_g193_t49390&listAdvType=mhighlight&type=detail&view_type=checked,"Message: tab crashed
  (Session info: chrome=145.0.7632.160)
"
4833,41444969,https://fem.encar.com/cars/detail/41444969?advClickPosition=mweb_mhightlight_g194_t49390&listAdvType=mhighlight&type=detail&view_type=checked,"Message: tab crashed
  (Session info: chrome=145.0.7632.160)
"
4834,41451829,https://fem.encar.com/cars/detail/41451829?advClickPosition=mweb_mhightlight_g195_t49390&listAdvType=mhighlight&type=detail&view_type=checked,"Message: tab crashed
  (Session info: chrome=145.0.7632.160)
"
4835,41445478,https://fem.encar.com/cars/detail/41445478?advClickPosition=mweb_mhightlight_g196_t49390&listAdvType=mhighlight&type=detail&view_type=checked,"Message: tab crashed
  (Session info: chrome=145.0.7632.160)
"
4836,41444965,https://fem.encar.com/cars/detail/41444965?advClickPosition=mweb_mhightlight_g197_t49390&listAdvType=mhighlight&type=detail&view_type=checked,"Message: tab crashed
  (Session info: chrome=145.0.7632.160)
"
4837,41553940,https://fem.encar.com/cars/detail/41553940?advClickPosition=mweb_mhightlight_g198_t49390&listAdvType=mhighlight&type=detail&view_type=checked,"Message: tab crashed
  (Session info: chrome=145.0.7632.160)
"
4838,41538031,https://fem.encar.com/cars/detail/41538031?advClickPosition=mweb_mhightlight_g199_t49390&listAdvType=mhighlight&type=detail&view_type=normal,"Message: tab crashed
  (Session info: chrome=145.0.7632.160)
"
4839,41543071,https://fem.encar.com/cars/detail/41543071?advClickPosition=mweb_mhightlight_g200_t49390&listAdvType=mhighlight&type=detail&view_type=checked,"Message: tab crashed
  (Session info: chrome=145.0.7632.160)
"
